0 verbose cli /usr/local/bin/node /usr/local/bin/npm
1 info using npm@11.12.1
2 info using node@v25.9.0
3 silly config load:file:/usr/local/lib/node_modules/npm/npmrc
4 silly config load:file:/Users/abdulwahab/Sites/cherrywood/.npmrc
5 silly config load:file:/Users/abdulwahab/.npmrc
6 silly config load:file:/usr/local/etc/npmrc
7 verbose title npm install nodemailer @types/nodemailer
8 verbose argv "install" "nodemailer" "@types/nodemailer" "--cache" ".npm-cache"
9 verbose logfile logs-max:10 dir:/Users/abdulwahab/Sites/cherrywood/.npm-cache/_logs/2026-05-16T11_23_33_346Z-
10 verbose logfile /Users/abdulwahab/Sites/cherrywood/.npm-cache/_logs/2026-05-16T11_23_33_346Z-debug-0.log
11 silly logfile done cleaning log files
12 silly packumentCache heap:4496293888 maxSize:1124073472 maxEntrySize:562036736
13 silly idealTree buildDeps
14 silly fetch manifest @blocknote/core@^0.50.0
15 silly packumentCache full:https://registry.npmjs.org/@blocknote%2fcore cache-miss
16 http fetch GET 200 https://registry.npmjs.org/@blocknote%2fcore 884ms (cache miss)
17 silly packumentCache full:https://registry.npmjs.org/@blocknote%2fcore set size:undefined disposed:false
18 silly fetch manifest @blocknote/mantine@^0.50.0
19 silly packumentCache full:https://registry.npmjs.org/@blocknote%2fmantine cache-miss
20 http fetch GET 200 https://registry.npmjs.org/@blocknote%2fmantine 699ms (cache miss)
21 silly packumentCache full:https://registry.npmjs.org/@blocknote%2fmantine set size:undefined disposed:false
22 silly fetch manifest @mantine/core@^8.3.11 || ^9.0.2
23 silly packumentCache full:https://registry.npmjs.org/@mantine%2fcore cache-miss
24 http fetch GET 200 https://registry.npmjs.org/@mantine%2fcore 904ms (cache miss)
25 silly packumentCache full:https://registry.npmjs.org/@mantine%2fcore set size:undefined disposed:false
26 silly fetch manifest @mantine/hooks@9.2.1
27 silly packumentCache full:https://registry.npmjs.org/@mantine%2fhooks cache-miss
28 http fetch GET 200 https://registry.npmjs.org/@mantine%2fhooks 845ms (cache miss)
29 silly packumentCache full:https://registry.npmjs.org/@mantine%2fhooks set size:undefined disposed:false
30 silly fetch manifest react@19.2.4
31 silly packumentCache full:https://registry.npmjs.org/react cache-miss
32 http fetch GET 200 https://registry.npmjs.org/react 195ms (cache miss)
33 silly packumentCache full:https://registry.npmjs.org/react set size:undefined disposed:false
34 silly fetch manifest react-dom@19.2.4
35 silly packumentCache full:https://registry.npmjs.org/react-dom cache-miss
36 http fetch GET 200 https://registry.npmjs.org/react-dom 260ms (cache miss)
37 silly packumentCache full:https://registry.npmjs.org/react-dom set size:undefined disposed:false
38 silly fetch manifest @blocknote/react@^0.50.0
39 silly packumentCache full:https://registry.npmjs.org/@blocknote%2freact cache-miss
40 http fetch GET 200 https://registry.npmjs.org/@blocknote%2freact 749ms (cache miss)
41 silly packumentCache full:https://registry.npmjs.org/@blocknote%2freact set size:undefined disposed:false
42 silly fetch manifest @prisma/adapter-mariadb@^7.8.0
43 silly packumentCache full:https://registry.npmjs.org/@prisma%2fadapter-mariadb cache-miss
44 http fetch GET 200 https://registry.npmjs.org/@prisma%2fadapter-mariadb 966ms (cache miss)
45 silly packumentCache full:https://registry.npmjs.org/@prisma%2fadapter-mariadb set size:undefined disposed:false
46 silly fetch manifest @prisma/client@^7.8.0
47 silly packumentCache full:https://registry.npmjs.org/@prisma%2fclient cache-miss
48 http fetch GET 200 https://registry.npmjs.org/@prisma%2fclient 1467ms (cache miss)
49 silly packumentCache full:https://registry.npmjs.org/@prisma%2fclient set size:undefined disposed:false
50 silly fetch manifest prisma@^7.8.0
51 silly packumentCache full:https://registry.npmjs.org/prisma cache-miss
52 http fetch GET 200 https://registry.npmjs.org/prisma 920ms (cache miss)
53 silly packumentCache full:https://registry.npmjs.org/prisma set size:undefined disposed:false
54 silly fetch manifest better-sqlite3@>=9.0.0
55 silly packumentCache full:https://registry.npmjs.org/better-sqlite3 cache-miss
56 http fetch GET 200 https://registry.npmjs.org/better-sqlite3 317ms (cache miss)
57 silly packumentCache full:https://registry.npmjs.org/better-sqlite3 set size:undefined disposed:false
58 silly fetch manifest typescript@^5.9.3
59 silly packumentCache full:https://registry.npmjs.org/typescript cache-miss
60 http cache https://registry.npmjs.org/typescript 31ms (cache hit)
61 silly packumentCache full:https://registry.npmjs.org/typescript set size:15409943 disposed:false
62 silly fetch manifest @radix-ui/react-dialog@^1.1.15
63 silly packumentCache full:https://registry.npmjs.org/@radix-ui%2freact-dialog cache-miss
64 http fetch GET 200 https://registry.npmjs.org/@radix-ui%2freact-dialog 998ms (cache miss)
65 silly packumentCache full:https://registry.npmjs.org/@radix-ui%2freact-dialog set size:undefined disposed:false
66 silly fetch manifest @types/react@^19.2.14
67 silly packumentCache full:https://registry.npmjs.org/@types%2freact cache-miss
68 http fetch GET 200 https://registry.npmjs.org/@types%2freact 109ms (cache miss)
69 silly packumentCache full:https://registry.npmjs.org/@types%2freact set size:undefined disposed:false
70 silly fetch manifest @types/react-dom@^19.2.3
71 silly packumentCache full:https://registry.npmjs.org/@types%2freact-dom cache-miss
72 http fetch GET 200 https://registry.npmjs.org/@types%2freact-dom 51ms (cache miss)
73 silly packumentCache full:https://registry.npmjs.org/@types%2freact-dom set size:undefined disposed:false
74 silly fetch manifest @radix-ui/react-dropdown-menu@^2.1.16
75 silly packumentCache full:https://registry.npmjs.org/@radix-ui%2freact-dropdown-menu cache-miss
76 http fetch GET 200 https://registry.npmjs.org/@radix-ui%2freact-dropdown-menu 952ms (cache miss)
77 silly packumentCache full:https://registry.npmjs.org/@radix-ui%2freact-dropdown-menu set size:undefined disposed:false
78 silly fetch manifest @radix-ui/react-popover@^1.1.15
79 silly packumentCache full:https://registry.npmjs.org/@radix-ui%2freact-popover cache-miss
80 http fetch GET 200 https://registry.npmjs.org/@radix-ui%2freact-popover 798ms (cache miss)
81 silly packumentCache full:https://registry.npmjs.org/@radix-ui%2freact-popover set size:undefined disposed:false
82 silly fetch manifest @radix-ui/react-select@^2.2.6
83 silly packumentCache full:https://registry.npmjs.org/@radix-ui%2freact-select cache-miss
84 http fetch GET 200 https://registry.npmjs.org/@radix-ui%2freact-select 921ms (cache miss)
85 silly packumentCache full:https://registry.npmjs.org/@radix-ui%2freact-select set size:undefined disposed:false
86 silly fetch manifest @radix-ui/react-slot@^1.2.4
87 silly packumentCache full:https://registry.npmjs.org/@radix-ui%2freact-slot cache-miss
88 http fetch GET 200 https://registry.npmjs.org/@radix-ui%2freact-slot 474ms (cache miss)
89 silly packumentCache full:https://registry.npmjs.org/@radix-ui%2freact-slot set size:undefined disposed:false
90 silly fetch manifest @radix-ui/react-switch@^1.2.6
91 silly packumentCache full:https://registry.npmjs.org/@radix-ui%2freact-switch cache-miss
92 http fetch GET 200 https://registry.npmjs.org/@radix-ui%2freact-switch 1343ms (cache miss)
93 silly packumentCache full:https://registry.npmjs.org/@radix-ui%2freact-switch set size:undefined disposed:false
94 silly fetch manifest @radix-ui/react-tabs@^1.1.13
95 silly packumentCache full:https://registry.npmjs.org/@radix-ui%2freact-tabs cache-miss
96 http fetch GET 200 https://registry.npmjs.org/@radix-ui%2freact-tabs 615ms (cache miss)
97 silly packumentCache full:https://registry.npmjs.org/@radix-ui%2freact-tabs set size:undefined disposed:false
98 silly fetch manifest bcrypt@^6.0.0
99 silly packumentCache full:https://registry.npmjs.org/bcrypt cache-miss
100 http fetch GET 200 https://registry.npmjs.org/bcrypt 367ms (cache miss)
101 silly packumentCache full:https://registry.npmjs.org/bcrypt set size:undefined disposed:false
102 silly fetch manifest blocknote@^0.1.4
103 silly packumentCache full:https://registry.npmjs.org/blocknote cache-miss
104 http fetch GET 200 https://registry.npmjs.org/blocknote 411ms (cache miss)
105 silly packumentCache full:https://registry.npmjs.org/blocknote set size:undefined disposed:false
106 silly fetch manifest clsx@^2.1.1
107 silly packumentCache full:https://registry.npmjs.org/clsx cache-miss
108 http fetch GET 200 https://registry.npmjs.org/clsx 28ms (cache miss)
109 silly packumentCache full:https://registry.npmjs.org/clsx set size:undefined disposed:false
110 silly fetch manifest date-fns@^4.1.0
111 silly packumentCache full:https://registry.npmjs.org/date-fns cache-miss
112 http fetch GET 200 https://registry.npmjs.org/date-fns 764ms (cache miss)
113 silly packumentCache full:https://registry.npmjs.org/date-fns set size:undefined disposed:false
114 silly fetch manifest dotenv@^17.4.2
115 silly packumentCache full:https://registry.npmjs.org/dotenv cache-miss
116 http fetch GET 200 https://registry.npmjs.org/dotenv 42ms (cache miss)
117 silly packumentCache full:https://registry.npmjs.org/dotenv set size:undefined disposed:false
118 silly fetch manifest jsonwebtoken@^9.0.3
119 silly packumentCache full:https://registry.npmjs.org/jsonwebtoken cache-miss
120 http fetch GET 200 https://registry.npmjs.org/jsonwebtoken 36ms (cache miss)
121 silly packumentCache full:https://registry.npmjs.org/jsonwebtoken set size:undefined disposed:false
122 silly fetch manifest lucide-react@^1.14.0
123 silly packumentCache full:https://registry.npmjs.org/lucide-react cache-miss
124 http fetch GET 200 https://registry.npmjs.org/lucide-react 102ms (cache miss)
125 silly packumentCache full:https://registry.npmjs.org/lucide-react set size:undefined disposed:false
126 silly fetch manifest marked@^18.0.3
127 silly packumentCache full:https://registry.npmjs.org/marked cache-miss
128 http fetch GET 200 https://registry.npmjs.org/marked 51ms (cache miss)
129 silly packumentCache full:https://registry.npmjs.org/marked set size:undefined disposed:false
130 silly fetch manifest next@16.2.4
131 silly packumentCache full:https://registry.npmjs.org/next cache-miss
132 http fetch GET 200 https://registry.npmjs.org/next 541ms (cache miss)
133 silly packumentCache full:https://registry.npmjs.org/next set size:undefined disposed:false
134 silly fetch manifest @opentelemetry/api@^1.1.0
135 silly packumentCache full:https://registry.npmjs.org/@opentelemetry%2fapi cache-miss
136 http fetch GET 200 https://registry.npmjs.org/@opentelemetry%2fapi 73ms (cache miss)
137 silly packumentCache full:https://registry.npmjs.org/@opentelemetry%2fapi set size:undefined disposed:false
138 silly fetch manifest @playwright/test@^1.51.1
139 silly packumentCache full:https://registry.npmjs.org/@playwright%2ftest cache-miss
140 http fetch GET 200 https://registry.npmjs.org/@playwright%2ftest 528ms (cache miss)
141 silly packumentCache full:https://registry.npmjs.org/@playwright%2ftest set size:undefined disposed:false
142 silly fetch manifest babel-plugin-react-compiler@*
143 silly packumentCache full:https://registry.npmjs.org/babel-plugin-react-compiler cache-miss
144 http fetch GET 200 https://registry.npmjs.org/babel-plugin-react-compiler 60ms (cache miss)
145 silly packumentCache full:https://registry.npmjs.org/babel-plugin-react-compiler set size:undefined disposed:false
146 silly fetch manifest sass@^1.3.0
147 silly packumentCache full:https://registry.npmjs.org/sass cache-miss
148 http fetch GET 200 https://registry.npmjs.org/sass 441ms (cache miss)
149 silly packumentCache full:https://registry.npmjs.org/sass set size:undefined disposed:false
150 silly fetch manifest next-themes@^0.4.6
151 silly packumentCache full:https://registry.npmjs.org/next-themes cache-miss
152 http fetch GET 200 https://registry.npmjs.org/next-themes 374ms (cache miss)
153 silly packumentCache full:https://registry.npmjs.org/next-themes set size:undefined disposed:false
154 silly fetch manifest react-day-picker@^10.0.1
155 silly packumentCache full:https://registry.npmjs.org/react-day-picker cache-miss
156 http fetch GET 200 https://registry.npmjs.org/react-day-picker 572ms (cache miss)
157 silly packumentCache full:https://registry.npmjs.org/react-day-picker set size:undefined disposed:false
158 silly fetch manifest recharts@^3.8.1
159 silly packumentCache full:https://registry.npmjs.org/recharts cache-miss
160 http fetch GET 200 https://registry.npmjs.org/recharts 66ms (cache miss)
161 silly packumentCache full:https://registry.npmjs.org/recharts set size:undefined disposed:false
162 silly fetch manifest react-is@^16.8.0 || ^17.0.0 || ^18.0.0 || ^19.0.0
163 silly packumentCache full:https://registry.npmjs.org/react-is cache-miss
164 http fetch GET 200 https://registry.npmjs.org/react-is 228ms (cache miss)
165 silly packumentCache full:https://registry.npmjs.org/react-is set size:undefined disposed:false
166 silly fetch manifest sonner@^2.0.7
167 silly packumentCache full:https://registry.npmjs.org/sonner cache-miss
168 http fetch GET 200 https://registry.npmjs.org/sonner 39ms (cache miss)
169 silly packumentCache full:https://registry.npmjs.org/sonner set size:undefined disposed:false
170 silly fetch manifest tailwind-merge@^3.6.0
171 silly packumentCache full:https://registry.npmjs.org/tailwind-merge cache-miss
172 http fetch GET 200 https://registry.npmjs.org/tailwind-merge 70ms (cache miss)
173 silly packumentCache full:https://registry.npmjs.org/tailwind-merge set size:undefined disposed:false
174 silly fetch manifest zod@^4.4.3
175 silly packumentCache full:https://registry.npmjs.org/zod cache-miss
176 http fetch GET 200 https://registry.npmjs.org/zod 136ms (cache miss)
177 silly packumentCache full:https://registry.npmjs.org/zod set size:undefined disposed:false
178 silly fetch manifest nodemailer@*
179 silly packumentCache full:https://registry.npmjs.org/nodemailer cache-miss
180 http cache https://registry.npmjs.org/nodemailer 15ms (cache hit)
181 silly packumentCache full:https://registry.npmjs.org/nodemailer set size:577786 disposed:false
182 silly fetch manifest @types/nodemailer@*
183 silly packumentCache full:https://registry.npmjs.org/@types%2fnodemailer cache-miss
184 http cache https://registry.npmjs.org/@types%2fnodemailer 3ms (cache hit)
185 silly packumentCache full:https://registry.npmjs.org/@types%2fnodemailer set size:168021 disposed:false
186 silly fetch manifest @tailwindcss/postcss@^4.3.0
187 silly packumentCache full:https://registry.npmjs.org/@tailwindcss%2fpostcss cache-miss
188 http fetch GET 200 https://registry.npmjs.org/@tailwindcss%2fpostcss 104ms (cache miss)
189 silly packumentCache full:https://registry.npmjs.org/@tailwindcss%2fpostcss set size:undefined disposed:false
190 silly fetch manifest @types/bcrypt@^6.0.0
191 silly packumentCache full:https://registry.npmjs.org/@types%2fbcrypt cache-miss
192 http fetch GET 200 https://registry.npmjs.org/@types%2fbcrypt 685ms (cache miss)
193 silly packumentCache full:https://registry.npmjs.org/@types%2fbcrypt set size:undefined disposed:false
194 silly fetch manifest @types/jsonwebtoken@^9.0.10
195 silly packumentCache full:https://registry.npmjs.org/@types%2fjsonwebtoken cache-miss
196 http fetch GET 200 https://registry.npmjs.org/@types%2fjsonwebtoken 402ms (cache miss)
197 silly packumentCache full:https://registry.npmjs.org/@types%2fjsonwebtoken set size:undefined disposed:false
198 silly fetch manifest @types/node@^25.7.0
199 silly packumentCache full:https://registry.npmjs.org/@types%2fnode cache-miss
200 http cache https://registry.npmjs.org/@types%2fnode 30ms (cache hit)
201 silly packumentCache full:https://registry.npmjs.org/@types%2fnode set size:11008407 disposed:false
202 silly fetch manifest eslint@^9.39.4
203 silly packumentCache full:https://registry.npmjs.org/eslint cache-miss
204 http fetch GET 200 https://registry.npmjs.org/eslint 93ms (cache miss)
205 silly packumentCache full:https://registry.npmjs.org/eslint set size:undefined disposed:false
206 silly fetch manifest jiti@*
207 silly packumentCache full:https://registry.npmjs.org/jiti cache-miss
208 http fetch GET 200 https://registry.npmjs.org/jiti 47ms (cache miss)
209 silly packumentCache full:https://registry.npmjs.org/jiti set size:undefined disposed:false
210 silly fetch manifest eslint-config-next@16.2.4
211 silly packumentCache full:https://registry.npmjs.org/eslint-config-next cache-miss
212 http fetch GET 200 https://registry.npmjs.org/eslint-config-next 567ms (cache miss)
213 silly packumentCache full:https://registry.npmjs.org/eslint-config-next set size:undefined disposed:false
214 silly fetch manifest tailwindcss@^4.3.0
215 silly packumentCache full:https://registry.npmjs.org/tailwindcss cache-miss
216 http fetch GET 200 https://registry.npmjs.org/tailwindcss 242ms (cache miss)
217 silly packumentCache full:https://registry.npmjs.org/tailwindcss set size:undefined disposed:false
218 silly fetch manifest tsx@^4.21.0
219 silly packumentCache full:https://registry.npmjs.org/tsx cache-miss
220 http fetch GET 200 https://registry.npmjs.org/tsx 81ms (cache miss)
221 silly packumentCache full:https://registry.npmjs.org/tsx set size:undefined disposed:false
222 silly placeDep ROOT @blocknote/core@0.50.0 OK for: cherrywood@0.1.0 want: ^0.50.0
223 silly placeDep ROOT @blocknote/mantine@0.50.0 OK for: cherrywood@0.1.0 want: ^0.50.0
224 silly placeDep ROOT react@19.2.4 OK for: @blocknote/mantine@0.50.0 want: ^18.0 || ^19.0 || >= 19.0.0-rc
225 silly placeDep ROOT react-dom@19.2.4 OK for: @blocknote/mantine@0.50.0 want: ^18.0 || ^19.0 || >= 19.0.0-rc
226 silly placeDep ROOT @mantine/core@9.2.1 OK for: @blocknote/mantine@0.50.0 want: ^8.3.11 || ^9.0.2
227 silly placeDep ROOT @mantine/hooks@9.2.1 OK for: @mantine/core@9.2.1 want: 9.2.1
228 silly placeDep ROOT @blocknote/react@0.50.0 OK for: cherrywood@0.1.0 want: ^0.50.0
229 silly placeDep ROOT @prisma/adapter-mariadb@7.8.0 OK for: cherrywood@0.1.0 want: ^7.8.0
230 silly placeDep ROOT @prisma/client@7.8.0 OK for: cherrywood@0.1.0 want: ^7.8.0
231 silly placeDep ROOT @radix-ui/react-dialog@1.1.15 OK for: cherrywood@0.1.0 want: ^1.1.15
232 silly placeDep ROOT @radix-ui/react-dropdown-menu@2.1.16 OK for: cherrywood@0.1.0 want: ^2.1.16
233 silly placeDep ROOT @radix-ui/react-popover@1.1.15 OK for: cherrywood@0.1.0 want: ^1.1.15
234 silly placeDep ROOT @radix-ui/react-select@2.2.6 OK for: cherrywood@0.1.0 want: ^2.2.6
235 silly placeDep ROOT @radix-ui/react-slot@1.2.4 OK for: cherrywood@0.1.0 want: ^1.2.4
236 silly placeDep ROOT @radix-ui/react-switch@1.2.6 OK for: cherrywood@0.1.0 want: ^1.2.6
237 silly placeDep ROOT @radix-ui/react-tabs@1.1.13 OK for: cherrywood@0.1.0 want: ^1.1.13
238 silly placeDep ROOT @tailwindcss/postcss@4.3.0 OK for: cherrywood@0.1.0 want: ^4.3.0
239 silly placeDep ROOT @types/bcrypt@6.0.0 OK for: cherrywood@0.1.0 want: ^6.0.0
240 silly placeDep ROOT @types/jsonwebtoken@9.0.10 OK for: cherrywood@0.1.0 want: ^9.0.10
241 silly placeDep ROOT @types/node@25.8.0 OK for: cherrywood@0.1.0 want: ^25.7.0
242 silly placeDep ROOT @types/nodemailer@8.0.0 OK for: cherrywood@0.1.0 want: *
243 silly placeDep ROOT @types/react@19.2.14 OK for: cherrywood@0.1.0 want: ^19.2.14
244 silly placeDep ROOT @types/react-dom@19.2.3 OK for: cherrywood@0.1.0 want: ^19.2.3
245 silly placeDep ROOT bcrypt@6.0.0 OK for: cherrywood@0.1.0 want: ^6.0.0
246 silly placeDep ROOT blocknote@0.1.4 OK for: cherrywood@0.1.0 want: ^0.1.4
247 silly placeDep ROOT clsx@2.1.1 OK for: cherrywood@0.1.0 want: ^2.1.1
248 silly placeDep ROOT date-fns@4.1.0 OK for: cherrywood@0.1.0 want: ^4.1.0
249 silly placeDep ROOT dotenv@17.4.2 OK for: cherrywood@0.1.0 want: ^17.4.2
250 silly placeDep ROOT eslint@9.39.4 OK for: cherrywood@0.1.0 want: ^9.39.4
251 silly placeDep ROOT eslint-config-next@16.2.4 OK for: cherrywood@0.1.0 want: 16.2.4
252 silly placeDep ROOT jsonwebtoken@9.0.3 OK for: cherrywood@0.1.0 want: ^9.0.3
253 silly placeDep ROOT lucide-react@1.16.0 OK for: cherrywood@0.1.0 want: ^1.14.0
254 silly placeDep ROOT marked@18.0.3 OK for: cherrywood@0.1.0 want: ^18.0.3
255 silly placeDep ROOT next@16.2.4 OK for: cherrywood@0.1.0 want: 16.2.4
256 silly placeDep ROOT next-themes@0.4.6 OK for: cherrywood@0.1.0 want: ^0.4.6
257 silly placeDep ROOT nodemailer@8.0.7 OK for: cherrywood@0.1.0 want: *
258 silly placeDep ROOT prisma@7.8.0 OK for: cherrywood@0.1.0 want: ^7.8.0
259 silly placeDep ROOT react-day-picker@10.0.1 OK for: cherrywood@0.1.0 want: ^10.0.1
260 silly placeDep ROOT recharts@3.8.1 OK for: cherrywood@0.1.0 want: ^3.8.1
261 silly placeDep ROOT react-is@19.2.6 OK for: recharts@3.8.1 want: ^16.8.0 || ^17.0.0 || ^18.0.0 || ^19.0.0
262 silly placeDep ROOT sonner@2.0.7 OK for: cherrywood@0.1.0 want: ^2.0.7
263 silly placeDep ROOT tailwind-merge@3.6.0 OK for: cherrywood@0.1.0 want: ^3.6.0
264 silly placeDep ROOT tailwindcss@4.3.0 OK for: cherrywood@0.1.0 want: ^4.3.0
265 silly placeDep ROOT tsx@4.22.0 OK for: cherrywood@0.1.0 want: ^4.21.0
266 silly placeDep ROOT typescript@5.9.3 OK for: cherrywood@0.1.0 want: ^5.9.3
267 silly placeDep ROOT zod@4.4.3 OK for: cherrywood@0.1.0 want: ^4.4.3
268 silly fetch manifest yjs@^13.6.27
269 silly packumentCache full:https://registry.npmjs.org/yjs cache-miss
270 silly fetch manifest lib0@^0.2.99
271 silly packumentCache full:https://registry.npmjs.org/lib0 cache-miss
272 silly fetch manifest unified@^11.0.5
273 silly packumentCache full:https://registry.npmjs.org/unified cache-miss
274 silly fetch manifest @tiptap/pm@^3.13.0
275 silly packumentCache full:https://registry.npmjs.org/@tiptap%2fpm cache-miss
276 silly fetch manifest emoji-mart@^5.6.0
277 silly packumentCache full:https://registry.npmjs.org/emoji-mart cache-miss
278 silly fetch manifest remark-gfm@^4.0.1
279 silly packumentCache full:https://registry.npmjs.org/remark-gfm cache-miss
280 silly fetch manifest y-protocols@^1.0.6
281 silly packumentCache full:https://registry.npmjs.org/y-protocols cache-miss
282 silly fetch manifest @tiptap/core@^3.13.0
283 silly packumentCache full:https://registry.npmjs.org/@tiptap%2fcore cache-miss
284 silly fetch manifest rehype-parse@^9.0.1
285 silly packumentCache full:https://registry.npmjs.org/rehype-parse cache-miss
286 silly fetch manifest remark-parse@^11.0.0
287 silly packumentCache full:https://registry.npmjs.org/remark-parse cache-miss
288 silly fetch manifest rehype-format@^5.0.1
289 silly packumentCache full:https://registry.npmjs.org/rehype-format cache-miss
290 silly fetch manifest rehype-remark@^10.0.1
291 silly packumentCache full:https://registry.npmjs.org/rehype-remark cache-miss
292 silly fetch manifest remark-rehype@^11.1.2
293 silly packumentCache full:https://registry.npmjs.org/remark-rehype cache-miss
294 silly fetch manifest y-prosemirror@^1.3.7
295 silly packumentCache full:https://registry.npmjs.org/y-prosemirror cache-miss
296 silly fetch manifest @shikijs/types@^4
297 silly packumentCache full:https://registry.npmjs.org/@shikijs%2ftypes cache-miss
298 http fetch GET 200 https://registry.npmjs.org/yjs 81ms (cache miss)
299 silly packumentCache full:https://registry.npmjs.org/yjs set size:undefined disposed:false
300 silly fetch manifest @tanstack/store@^0.7.7
301 silly packumentCache full:https://registry.npmjs.org/@tanstack%2fstore cache-miss
302 http fetch GET 200 https://registry.npmjs.org/remark-parse 97ms (cache miss)
303 silly packumentCache full:https://registry.npmjs.org/remark-parse set size:undefined disposed:false
304 silly fetch manifest fast-deep-equal@^3.1.3
305 silly packumentCache full:https://registry.npmjs.org/fast-deep-equal cache-miss
306 http fetch GET 200 https://registry.npmjs.org/y-protocols 100ms (cache miss)
307 silly packumentCache full:https://registry.npmjs.org/y-protocols set size:undefined disposed:false
308 silly fetch manifest @emoji-mart/data@^1.2.1
309 silly packumentCache full:https://registry.npmjs.org/@emoji-mart%2fdata cache-miss
310 http fetch GET 200 https://registry.npmjs.org/rehype-parse 103ms (cache miss)
311 silly packumentCache full:https://registry.npmjs.org/rehype-parse set size:undefined disposed:false
312 silly fetch manifest prosemirror-view@^1.41.4
313 silly packumentCache full:https://registry.npmjs.org/prosemirror-view cache-miss
314 http fetch GET 200 https://registry.npmjs.org/fast-deep-equal 32ms (cache miss)
315 silly packumentCache full:https://registry.npmjs.org/fast-deep-equal set size:undefined disposed:false
316 silly fetch manifest rehype-stringify@^10.0.1
317 silly packumentCache full:https://registry.npmjs.org/rehype-stringify cache-miss
318 http fetch GET 200 https://registry.npmjs.org/prosemirror-view 74ms (cache miss)
319 silly packumentCache full:https://registry.npmjs.org/prosemirror-view set size:undefined disposed:false
320 silly fetch manifest remark-stringify@^11.0.0
321 silly packumentCache full:https://registry.npmjs.org/remark-stringify cache-miss
322 http fetch GET 200 https://registry.npmjs.org/@tiptap%2fcore 189ms (cache miss)
323 silly packumentCache full:https://registry.npmjs.org/@tiptap%2fcore set size:undefined disposed:false
324 silly fetch manifest unist-util-visit@^5.0.0
325 silly packumentCache full:https://registry.npmjs.org/unist-util-visit cache-miss
326 http fetch GET 200 https://registry.npmjs.org/remark-stringify 34ms (cache miss)
327 silly packumentCache full:https://registry.npmjs.org/remark-stringify set size:undefined disposed:false
328 silly fetch manifest prosemirror-model@^1.25.4
329 silly packumentCache full:https://registry.npmjs.org/prosemirror-model cache-miss
330 http fetch GET 200 https://registry.npmjs.org/unist-util-visit 35ms (cache miss)
331 silly packumentCache full:https://registry.npmjs.org/unist-util-visit set size:undefined disposed:false
332 silly fetch manifest prosemirror-state@^1.4.4
333 silly packumentCache full:https://registry.npmjs.org/prosemirror-state cache-miss
334 http fetch GET 200 https://registry.npmjs.org/prosemirror-state 31ms (cache miss)
335 silly packumentCache full:https://registry.npmjs.org/prosemirror-state set size:undefined disposed:false
336 silly fetch manifest @tiptap/extensions@^3.13.0
337 silly packumentCache full:https://registry.npmjs.org/@tiptap%2fextensions cache-miss
338 http fetch GET 200 https://registry.npmjs.org/@tiptap%2fpm 288ms (cache miss)
339 silly packumentCache full:https://registry.npmjs.org/@tiptap%2fpm set size:undefined disposed:false
340 silly fetch manifest hast-util-from-dom@^5.0.1
341 silly packumentCache full:https://registry.npmjs.org/hast-util-from-dom cache-miss
342 http fetch GET 200 https://registry.npmjs.org/unified 371ms (cache miss)
343 silly packumentCache full:https://registry.npmjs.org/unified set size:undefined disposed:false
344 silly fetch manifest prosemirror-tables@^1.8.3
345 silly packumentCache full:https://registry.npmjs.org/prosemirror-tables cache-miss
346 http fetch GET 200 https://registry.npmjs.org/rehype-format 377ms (cache miss)
347 silly packumentCache full:https://registry.npmjs.org/rehype-format set size:undefined disposed:false
348 silly fetch manifest prosemirror-highlight@^0.15.1
349 silly packumentCache full:https://registry.npmjs.org/prosemirror-highlight cache-miss
350 http fetch GET 200 https://registry.npmjs.org/rehype-remark 382ms (cache miss)
351 silly packumentCache full:https://registry.npmjs.org/rehype-remark set size:undefined disposed:false
352 silly fetch manifest prosemirror-transform@^1.11.0
353 silly packumentCache full:https://registry.npmjs.org/prosemirror-transform cache-miss
354 http fetch GET 200 https://registry.npmjs.org/remark-gfm 389ms (cache miss)
355 silly packumentCache full:https://registry.npmjs.org/remark-gfm set size:undefined disposed:false
356 silly fetch manifest @tiptap/extension-bold@^3.13.0
357 silly packumentCache full:https://registry.npmjs.org/@tiptap%2fextension-bold cache-miss
358 http fetch GET 200 https://registry.npmjs.org/remark-rehype 389ms (cache miss)
359 silly packumentCache full:https://registry.npmjs.org/remark-rehype set size:undefined disposed:false
360 silly fetch manifest @tiptap/extension-code@^3.13.0
361 silly packumentCache full:https://registry.npmjs.org/@tiptap%2fextension-code cache-miss
362 http fetch GET 200 https://registry.npmjs.org/y-prosemirror 398ms (cache miss)
363 silly packumentCache full:https://registry.npmjs.org/y-prosemirror set size:undefined disposed:false
364 silly fetch manifest @tiptap/extension-text@^3.13.0
365 silly packumentCache full:https://registry.npmjs.org/@tiptap%2fextension-text cache-miss
366 http fetch GET 200 https://registry.npmjs.org/emoji-mart 413ms (cache miss)
367 silly packumentCache full:https://registry.npmjs.org/emoji-mart set size:undefined disposed:false
368 silly fetch manifest @tiptap/extension-italic@^3.13.0
369 silly packumentCache full:https://registry.npmjs.org/@tiptap%2fextension-italic cache-miss
370 http fetch GET 200 https://registry.npmjs.org/lib0 422ms (cache miss)
371 silly packumentCache full:https://registry.npmjs.org/lib0 set size:undefined disposed:false
372 silly fetch manifest @tiptap/extension-strike@^3.13.0
373 silly packumentCache full:https://registry.npmjs.org/@tiptap%2fextension-strike cache-miss
374 http fetch GET 200 https://registry.npmjs.org/rehype-stringify 306ms (cache miss)
375 silly packumentCache full:https://registry.npmjs.org/rehype-stringify set size:undefined disposed:false
376 silly fetch manifest @tiptap/extension-paragraph@^3.13.0
377 silly packumentCache full:https://registry.npmjs.org/@tiptap%2fextension-paragraph cache-miss
378 http fetch GET 200 https://registry.npmjs.org/@shikijs%2ftypes 520ms (cache miss)
379 silly packumentCache full:https://registry.npmjs.org/@shikijs%2ftypes set size:undefined disposed:false
380 silly fetch manifest @tiptap/extension-underline@^3.13.0
381 silly packumentCache full:https://registry.npmjs.org/@tiptap%2fextension-underline cache-miss
382 http fetch GET 200 https://registry.npmjs.org/prosemirror-model 319ms (cache miss)
383 silly packumentCache full:https://registry.npmjs.org/prosemirror-model set size:undefined disposed:false
384 silly fetch manifest @tiptap/extension-horizontal-rule@^3.13.0
385 silly packumentCache full:https://registry.npmjs.org/@tiptap%2fextension-horizontal-rule cache-miss
386 http fetch GET 200 https://registry.npmjs.org/hast-util-from-dom 296ms (cache miss)
387 silly packumentCache full:https://registry.npmjs.org/hast-util-from-dom set size:undefined disposed:false
388 silly fetch manifest @handlewithcare/prosemirror-inputrules@^0.1.4
389 silly packumentCache full:https://registry.npmjs.org/@handlewithcare%2fprosemirror-inputrules cache-miss
390 http fetch GET 200 https://registry.npmjs.org/prosemirror-highlight 292ms (cache miss)
391 silly packumentCache full:https://registry.npmjs.org/prosemirror-highlight set size:undefined disposed:false
392 silly fetch manifest react-icons@^5.5.0
393 silly packumentCache full:https://registry.npmjs.org/react-icons cache-miss
394 http fetch GET 200 https://registry.npmjs.org/prosemirror-tables 317ms (cache miss)
395 silly packumentCache full:https://registry.npmjs.org/prosemirror-tables set size:undefined disposed:false
396 silly fetch manifest @blocknote/react@0.50.0
397 silly packumentCache full:https://registry.npmjs.org/@blocknote%2freact cache-miss
398 http cache https://registry.npmjs.org/@blocknote%2freact 7ms (cache hit)
399 silly packumentCache full:https://registry.npmjs.org/@blocknote%2freact set size:502221 disposed:false
400 silly fetch manifest @floating-ui/react@^0.27.19
401 silly packumentCache full:https://registry.npmjs.org/@floating-ui%2freact cache-miss
402 http fetch GET 200 https://registry.npmjs.org/prosemirror-transform 334ms (cache miss)
403 silly packumentCache full:https://registry.npmjs.org/prosemirror-transform set size:undefined disposed:false
404 silly fetch manifest react-number-format@^5.4.5
405 silly packumentCache full:https://registry.npmjs.org/react-number-format cache-miss
406 http fetch GET 200 https://registry.npmjs.org/react-icons 51ms (cache miss)
407 silly packumentCache full:https://registry.npmjs.org/react-icons set size:undefined disposed:false
408 silly fetch manifest react-remove-scroll@^2.7.2
409 silly packumentCache full:https://registry.npmjs.org/react-remove-scroll cache-miss
410 http fetch GET 200 https://registry.npmjs.org/react-remove-scroll 38ms (cache miss)
411 silly packumentCache full:https://registry.npmjs.org/react-remove-scroll set size:undefined disposed:false
412 silly fetch manifest type-fest@^5.6.0
413 silly packumentCache full:https://registry.npmjs.org/type-fest cache-miss
414 http fetch GET 200 https://registry.npmjs.org/type-fest 47ms (cache miss)
415 silly packumentCache full:https://registry.npmjs.org/type-fest set size:undefined disposed:false
416 silly fetch manifest scheduler@^0.27.0
417 silly packumentCache full:https://registry.npmjs.org/scheduler cache-miss
418 http fetch GET 200 https://registry.npmjs.org/@emoji-mart%2fdata 720ms (cache miss)
419 silly packumentCache full:https://registry.npmjs.org/@emoji-mart%2fdata set size:undefined disposed:false
420 silly fetch manifest lodash.merge@^4.6.2
421 silly packumentCache full:https://registry.npmjs.org/lodash.merge cache-miss
422 http fetch GET 200 https://registry.npmjs.org/lodash.merge 32ms (cache miss)
423 silly packumentCache full:https://registry.npmjs.org/lodash.merge set size:undefined disposed:false
424 silly fetch manifest @tiptap/react@^3.13.0
425 silly packumentCache full:https://registry.npmjs.org/@tiptap%2freact cache-miss
426 http fetch GET 200 https://registry.npmjs.org/@tanstack%2fstore 826ms (cache miss)
427 silly packumentCache full:https://registry.npmjs.org/@tanstack%2fstore set size:undefined disposed:false
428 silly fetch manifest @floating-ui/react@^0.27.18
429 silly packumentCache full:https://registry.npmjs.org/@floating-ui%2freact cache-miss
430 http fetch GET 200 https://registry.npmjs.org/@floating-ui%2freact 285ms (cache miss)
431 silly packumentCache full:https://registry.npmjs.org/@floating-ui%2freact set size:undefined disposed:false
432 silly fetch manifest @floating-ui/utils@^0.2.10
433 silly packumentCache full:https://registry.npmjs.org/@floating-ui%2futils cache-miss
434 http fetch GET 200 https://registry.npmjs.org/scheduler 203ms (cache miss)
435 silly packumentCache full:https://registry.npmjs.org/scheduler set size:undefined disposed:false
436 silly fetch manifest @tanstack/react-store@0.7.7
437 silly packumentCache full:https://registry.npmjs.org/@tanstack%2freact-store cache-miss
438 http fetch GET 200 https://registry.npmjs.org/@floating-ui%2freact 139ms (cache miss)
439 silly packumentCache full:https://registry.npmjs.org/@floating-ui%2freact set size:undefined disposed:false
440 silly fetch manifest use-sync-external-store@1.6.0
441 silly packumentCache full:https://registry.npmjs.org/use-sync-external-store cache-miss
442 http fetch GET 200 https://registry.npmjs.org/react-number-format 339ms (cache miss)
443 silly packumentCache full:https://registry.npmjs.org/react-number-format set size:undefined disposed:false
444 silly fetch manifest @types/use-sync-external-store@1.5.0
445 silly packumentCache full:https://registry.npmjs.org/@types%2fuse-sync-external-store cache-miss
446 http fetch GET 200 https://registry.npmjs.org/@tiptap%2fextension-text 728ms (cache miss)
447 silly packumentCache full:https://registry.npmjs.org/@tiptap%2fextension-text set size:undefined disposed:false
448 silly fetch manifest mariadb@3.4.5
449 silly packumentCache full:https://registry.npmjs.org/mariadb cache-miss
450 http fetch GET 200 https://registry.npmjs.org/@tiptap%2fextension-code 761ms (cache miss)
451 silly packumentCache full:https://registry.npmjs.org/@tiptap%2fextension-code set size:undefined disposed:false
452 silly fetch manifest @prisma/driver-adapter-utils@7.8.0
453 silly packumentCache full:https://registry.npmjs.org/@prisma%2fdriver-adapter-utils cache-miss
454 http fetch GET 200 https://registry.npmjs.org/@tiptap%2fextension-italic 756ms (cache miss)
455 silly packumentCache full:https://registry.npmjs.org/@tiptap%2fextension-italic set size:undefined disposed:false
456 silly fetch manifest @prisma/client-runtime-utils@7.8.0
457 silly packumentCache full:https://registry.npmjs.org/@prisma%2fclient-runtime-utils cache-miss
458 http fetch GET 200 https://registry.npmjs.org/@tiptap%2fextension-paragraph 751ms (cache miss)
459 silly packumentCache full:https://registry.npmjs.org/@tiptap%2fextension-paragraph set size:undefined disposed:false
460 silly fetch manifest aria-hidden@^1.2.4
461 silly packumentCache full:https://registry.npmjs.org/aria-hidden cache-miss
462 http fetch GET 200 https://registry.npmjs.org/@tiptap%2fextension-bold 816ms (cache miss)
463 silly packumentCache full:https://registry.npmjs.org/@tiptap%2fextension-bold set size:undefined disposed:false
464 silly fetch manifest @radix-ui/react-id@1.1.1
465 silly packumentCache full:https://registry.npmjs.org/@radix-ui%2freact-id cache-miss
466 http fetch GET 200 https://registry.npmjs.org/aria-hidden 37ms (cache miss)
467 silly packumentCache full:https://registry.npmjs.org/aria-hidden set size:undefined disposed:false
468 silly fetch manifest @radix-ui/primitive@1.1.3
469 silly packumentCache full:https://registry.npmjs.org/@radix-ui%2fprimitive cache-miss
470 http fetch GET 200 https://registry.npmjs.org/@tiptap%2fextension-strike 804ms (cache miss)
471 silly packumentCache full:https://registry.npmjs.org/@tiptap%2fextension-strike set size:undefined disposed:false
472 silly fetch manifest react-remove-scroll@^2.6.3
473 silly packumentCache full:https://registry.npmjs.org/react-remove-scroll cache-miss
474 http cache https://registry.npmjs.org/react-remove-scroll 2ms (cache hit)
475 silly packumentCache full:https://registry.npmjs.org/react-remove-scroll set size:147112 disposed:false
476 silly fetch manifest @radix-ui/react-slot@1.2.3
477 silly packumentCache full:https://registry.npmjs.org/@radix-ui%2freact-slot cache-miss
478 http cache https://registry.npmjs.org/@radix-ui%2freact-slot 2ms (cache hit)
479 silly packumentCache full:https://registry.npmjs.org/@radix-ui%2freact-slot set size:387271 disposed:false
480 silly fetch manifest @radix-ui/react-portal@1.1.9
481 silly packumentCache full:https://registry.npmjs.org/@radix-ui%2freact-portal cache-miss
482 http fetch GET 200 https://registry.npmjs.org/@handlewithcare%2fprosemirror-inputrules 738ms (cache miss)
483 silly packumentCache full:https://registry.npmjs.org/@handlewithcare%2fprosemirror-inputrules set size:undefined disposed:false
484 silly fetch manifest @radix-ui/react-context@1.1.2
485 silly packumentCache full:https://registry.npmjs.org/@radix-ui%2freact-context cache-miss
486 http fetch GET 200 https://registry.npmjs.org/@tiptap%2fextension-underline 816ms (cache miss)
487 silly packumentCache full:https://registry.npmjs.org/@tiptap%2fextension-underline set size:undefined disposed:false
488 silly fetch manifest @radix-ui/react-presence@1.1.5
489 silly packumentCache full:https://registry.npmjs.org/@radix-ui%2freact-presence cache-miss
490 http fetch GET 200 https://registry.npmjs.org/@tiptap%2fextension-horizontal-rule 818ms (cache miss)
491 silly packumentCache full:https://registry.npmjs.org/@tiptap%2fextension-horizontal-rule set size:undefined disposed:false
492 silly fetch manifest @radix-ui/react-primitive@2.1.3
493 silly packumentCache full:https://registry.npmjs.org/@radix-ui%2freact-primitive cache-miss
494 http fetch GET 200 https://registry.npmjs.org/@tiptap%2fextensions 1103ms (cache miss)
495 silly packumentCache full:https://registry.npmjs.org/@tiptap%2fextensions set size:undefined disposed:false
496 silly fetch manifest @radix-ui/react-focus-scope@1.1.7
497 silly packumentCache full:https://registry.npmjs.org/@radix-ui%2freact-focus-scope cache-miss
498 http fetch GET 200 https://registry.npmjs.org/@types%2fuse-sync-external-store 345ms (cache miss)
499 silly packumentCache full:https://registry.npmjs.org/@types%2fuse-sync-external-store set size:undefined disposed:false
500 silly fetch manifest @radix-ui/react-compose-refs@1.1.2
501 silly packumentCache full:https://registry.npmjs.org/@radix-ui%2freact-compose-refs cache-miss
502 http fetch GET 200 https://registry.npmjs.org/use-sync-external-store 431ms (cache miss)
503 silly packumentCache full:https://registry.npmjs.org/use-sync-external-store set size:undefined disposed:false
504 silly fetch manifest @radix-ui/react-focus-guards@1.1.3
505 silly packumentCache full:https://registry.npmjs.org/@radix-ui%2freact-focus-guards cache-miss
506 http fetch GET 200 https://registry.npmjs.org/@radix-ui%2freact-portal 262ms (cache miss)
507 silly packumentCache full:https://registry.npmjs.org/@radix-ui%2freact-portal set size:undefined disposed:false
508 silly fetch manifest @radix-ui/react-dismissable-layer@1.1.11
509 silly packumentCache full:https://registry.npmjs.org/@radix-ui%2freact-dismissable-layer cache-miss
510 http fetch GET 200 https://registry.npmjs.org/@radix-ui%2fprimitive 286ms (cache miss)
511 silly packumentCache full:https://registry.npmjs.org/@radix-ui%2fprimitive set size:undefined disposed:false
512 silly fetch manifest @radix-ui/react-use-controllable-state@1.2.2
513 silly packumentCache full:https://registry.npmjs.org/@radix-ui%2freact-use-controllable-state cache-miss
514 http fetch GET 200 https://registry.npmjs.org/@radix-ui%2freact-presence 187ms (cache miss)
515 silly packumentCache full:https://registry.npmjs.org/@radix-ui%2freact-presence set size:undefined disposed:false
516 silly fetch manifest @radix-ui/react-id@1.1.1
517 silly packumentCache full:https://registry.npmjs.org/@radix-ui%2freact-id cache-miss
518 http fetch GET 200 https://registry.npmjs.org/@tiptap%2freact 780ms (cache miss)
519 silly packumentCache full:https://registry.npmjs.org/@tiptap%2freact set size:undefined disposed:false
520 silly fetch manifest @radix-ui/react-menu@2.1.16
521 silly packumentCache full:https://registry.npmjs.org/@radix-ui%2freact-menu cache-miss
522 http fetch GET 200 https://registry.npmjs.org/@radix-ui%2freact-id 142ms (cache miss)
523 silly packumentCache full:https://registry.npmjs.org/@radix-ui%2freact-id set size:undefined disposed:false
524 silly fetch manifest @radix-ui/react-context@1.1.2
525 silly packumentCache full:https://registry.npmjs.org/@radix-ui%2freact-context cache-miss
526 http fetch GET 200 https://registry.npmjs.org/@radix-ui%2freact-id 471ms (cache miss)
527 silly packumentCache full:https://registry.npmjs.org/@radix-ui%2freact-id set size:undefined disposed:false
528 silly fetch manifest @radix-ui/react-primitive@2.1.3
529 silly packumentCache full:https://registry.npmjs.org/@radix-ui%2freact-primitive cache-miss
530 http fetch GET 200 https://registry.npmjs.org/@radix-ui%2freact-focus-scope 337ms (cache miss)
531 silly packumentCache full:https://registry.npmjs.org/@radix-ui%2freact-focus-scope set size:undefined disposed:false
532 silly fetch manifest @radix-ui/react-compose-refs@1.1.2
533 silly packumentCache full:https://registry.npmjs.org/@radix-ui%2freact-compose-refs cache-miss
534 http fetch GET 200 https://registry.npmjs.org/@radix-ui%2freact-context 98ms (cache miss)
535 silly packumentCache full:https://registry.npmjs.org/@radix-ui%2freact-context set size:undefined disposed:false
536 silly fetch manifest @radix-ui/react-use-controllable-state@1.2.2
537 silly packumentCache full:https://registry.npmjs.org/@radix-ui%2freact-use-controllable-state cache-miss
538 http fetch GET 200 https://registry.npmjs.org/@radix-ui%2freact-context 454ms (cache miss)
539 silly packumentCache full:https://registry.npmjs.org/@radix-ui%2freact-context set size:undefined disposed:false
540 silly fetch manifest @radix-ui/react-popper@1.2.8
541 silly packumentCache full:https://registry.npmjs.org/@radix-ui%2freact-popper cache-miss
542 http fetch GET 200 https://registry.npmjs.org/@floating-ui%2futils 795ms (cache miss)
543 silly packumentCache full:https://registry.npmjs.org/@floating-ui%2futils set size:undefined disposed:false
544 silly fetch manifest @radix-ui/react-primitive@2.1.3
545 silly packumentCache full:https://registry.npmjs.org/@radix-ui%2freact-primitive cache-miss
546 http fetch GET 200 https://registry.npmjs.org/@tanstack%2freact-store 766ms (cache miss)
547 silly packumentCache full:https://registry.npmjs.org/@tanstack%2freact-store set size:undefined disposed:false
548 silly fetch manifest @radix-ui/react-compose-refs@1.1.2
549 silly packumentCache full:https://registry.npmjs.org/@radix-ui%2freact-compose-refs cache-miss
550 http fetch GET 200 https://registry.npmjs.org/@radix-ui%2freact-use-controllable-state 305ms (cache miss)
551 silly packumentCache full:https://registry.npmjs.org/@radix-ui%2freact-use-controllable-state set size:undefined disposed:false
552 silly fetch manifest @radix-ui/react-focus-guards@1.1.3
553 silly packumentCache full:https://registry.npmjs.org/@radix-ui%2freact-focus-guards cache-miss
554 http fetch GET 200 https://registry.npmjs.org/@radix-ui%2freact-use-controllable-state 77ms (cache miss)
555 silly packumentCache full:https://registry.npmjs.org/@radix-ui%2freact-use-controllable-state set size:undefined disposed:false
556 silly fetch manifest @radix-ui/react-dismissable-layer@1.1.11
557 silly packumentCache full:https://registry.npmjs.org/@radix-ui%2freact-dismissable-layer cache-miss
558 http fetch GET 200 https://registry.npmjs.org/@radix-ui%2freact-compose-refs 454ms (cache miss)
559 silly packumentCache full:https://registry.npmjs.org/@radix-ui%2freact-compose-refs set size:undefined disposed:false
560 silly fetch manifest @radix-ui/number@1.1.1
561 silly packumentCache full:https://registry.npmjs.org/@radix-ui%2fnumber cache-miss
562 http fetch GET 200 https://registry.npmjs.org/@radix-ui%2freact-compose-refs 53ms (cache miss)
563 silly packumentCache full:https://registry.npmjs.org/@radix-ui%2freact-compose-refs set size:undefined disposed:false
564 silly fetch manifest @radix-ui/react-popper@1.2.8
565 silly packumentCache full:https://registry.npmjs.org/@radix-ui%2freact-popper cache-miss
566 http fetch GET 200 https://registry.npmjs.org/@radix-ui%2freact-primitive 625ms (cache miss)
567 silly packumentCache full:https://registry.npmjs.org/@radix-ui%2freact-primitive set size:undefined disposed:false
568 silly fetch manifest @radix-ui/react-direction@1.1.1
569 silly packumentCache full:https://registry.npmjs.org/@radix-ui%2freact-direction cache-miss
570 http fetch GET 200 https://registry.npmjs.org/@radix-ui%2freact-compose-refs 293ms (cache miss)
571 silly packumentCache full:https://registry.npmjs.org/@radix-ui%2freact-compose-refs set size:undefined disposed:false
572 silly fetch manifest @radix-ui/react-collection@1.1.7
573 silly packumentCache full:https://registry.npmjs.org/@radix-ui%2freact-collection cache-miss
574 http fetch GET 200 https://registry.npmjs.org/@radix-ui%2freact-focus-guards 179ms (cache miss)
575 silly packumentCache full:https://registry.npmjs.org/@radix-ui%2freact-focus-guards set size:undefined disposed:false
576 silly fetch manifest @radix-ui/react-use-previous@1.1.1
577 silly packumentCache full:https://registry.npmjs.org/@radix-ui%2freact-use-previous cache-miss
578 http fetch GET 200 https://registry.npmjs.org/@radix-ui%2freact-primitive 333ms (cache miss)
579 silly packumentCache full:https://registry.npmjs.org/@radix-ui%2freact-primitive set size:undefined disposed:false
580 silly fetch manifest @radix-ui/react-visually-hidden@1.2.3
581 silly packumentCache full:https://registry.npmjs.org/@radix-ui%2freact-visually-hidden cache-miss
582 http fetch GET 200 https://registry.npmjs.org/@prisma%2fclient-runtime-utils 859ms (cache miss)
583 silly packumentCache full:https://registry.npmjs.org/@prisma%2fclient-runtime-utils set size:undefined disposed:false
584 silly fetch manifest @radix-ui/react-use-callback-ref@1.1.1
585 silly packumentCache full:https://registry.npmjs.org/@radix-ui%2freact-use-callback-ref cache-miss
586 http fetch GET 200 https://registry.npmjs.org/@radix-ui%2freact-focus-guards 538ms (cache miss)
587 silly packumentCache full:https://registry.npmjs.org/@radix-ui%2freact-focus-guards set size:undefined disposed:false
588 silly fetch manifest @radix-ui/react-dismissable-layer@1.1.11
589 silly packumentCache full:https://registry.npmjs.org/@radix-ui%2freact-dismissable-layer cache-miss
590 http fetch GET 200 https://registry.npmjs.org/mariadb 908ms (cache miss)
591 silly packumentCache full:https://registry.npmjs.org/mariadb set size:undefined disposed:false
592 silly fetch manifest @radix-ui/react-use-layout-effect@1.1.1
593 silly packumentCache full:https://registry.npmjs.org/@radix-ui%2freact-use-layout-effect cache-miss
594 http fetch GET 200 https://registry.npmjs.org/@radix-ui%2fnumber 232ms (cache miss)
595 silly packumentCache full:https://registry.npmjs.org/@radix-ui%2fnumber set size:undefined disposed:false
596 silly fetch manifest @radix-ui/react-use-size@1.1.1
597 silly packumentCache full:https://registry.npmjs.org/@radix-ui%2freact-use-size cache-miss
598 http fetch GET 200 https://registry.npmjs.org/@radix-ui%2freact-primitive 323ms (cache miss)
599 silly packumentCache full:https://registry.npmjs.org/@radix-ui%2freact-primitive set size:undefined disposed:false
600 silly fetch manifest @radix-ui/react-use-previous@1.1.1
601 silly packumentCache full:https://registry.npmjs.org/@radix-ui%2freact-use-previous cache-miss
602 http fetch GET 200 https://registry.npmjs.org/@radix-ui%2freact-dismissable-layer 150ms (cache miss)
603 silly packumentCache full:https://registry.npmjs.org/@radix-ui%2freact-dismissable-layer set size:undefined disposed:false
604 silly fetch manifest @radix-ui/react-direction@1.1.1
605 silly packumentCache full:https://registry.npmjs.org/@radix-ui%2freact-direction cache-miss
606 http fetch GET 200 https://registry.npmjs.org/@radix-ui%2freact-use-callback-ref 191ms (cache miss)
607 silly packumentCache full:https://registry.npmjs.org/@radix-ui%2freact-use-callback-ref set size:undefined disposed:false
608 silly fetch manifest @radix-ui/react-roving-focus@1.1.11
609 silly packumentCache full:https://registry.npmjs.org/@radix-ui%2freact-roving-focus cache-miss
610 http fetch GET 200 https://registry.npmjs.org/@radix-ui%2freact-menu 603ms (cache miss)
611 silly packumentCache full:https://registry.npmjs.org/@radix-ui%2freact-menu set size:undefined disposed:false
612 silly fetch manifest postcss@^8.5.10
613 silly packumentCache full:https://registry.npmjs.org/postcss cache-miss
614 http fetch GET 200 https://registry.npmjs.org/@prisma%2fdriver-adapter-utils 1096ms (cache miss)
615 silly packumentCache full:https://registry.npmjs.org/@prisma%2fdriver-adapter-utils set size:undefined disposed:false
616 silly fetch manifest tailwindcss@4.3.0
617 silly packumentCache full:https://registry.npmjs.org/tailwindcss cache-miss
618 http cache https://registry.npmjs.org/tailwindcss 38ms (cache hit)
619 silly packumentCache full:https://registry.npmjs.org/tailwindcss set size:10521111 disposed:false
620 silly fetch manifest @alloc/quick-lru@^5.2.0
621 silly packumentCache full:https://registry.npmjs.org/@alloc%2fquick-lru cache-miss
622 http fetch GET 200 https://registry.npmjs.org/@radix-ui%2freact-popper 612ms (cache miss)
623 silly packumentCache full:https://registry.npmjs.org/@radix-ui%2freact-popper set size:undefined disposed:false
624 silly fetch manifest @tailwindcss/node@4.3.0
625 silly packumentCache full:https://registry.npmjs.org/@tailwindcss%2fnode cache-miss
626 http fetch GET 200 https://registry.npmjs.org/@radix-ui%2freact-dismissable-layer 890ms (cache miss)
627 silly packumentCache full:https://registry.npmjs.org/@radix-ui%2freact-dismissable-layer set size:undefined disposed:false
628 silly fetch manifest @tailwindcss/oxide@4.3.0
629 silly packumentCache full:https://registry.npmjs.org/@tailwindcss%2foxide cache-miss
630 http fetch GET 200 https://registry.npmjs.org/@radix-ui%2freact-collection 403ms (cache miss)
631 silly packumentCache full:https://registry.npmjs.org/@radix-ui%2freact-collection set size:undefined disposed:false
632 silly fetch manifest @types/node@*
633 silly packumentCache full:https://registry.npmjs.org/@types%2fnode cache-miss
634 http fetch GET 200 https://registry.npmjs.org/@radix-ui%2freact-popper 545ms (cache miss)
635 silly packumentCache full:https://registry.npmjs.org/@radix-ui%2freact-popper set size:undefined disposed:false
636 silly fetch manifest @types/ms@*
637 silly packumentCache full:https://registry.npmjs.org/@types%2fms cache-miss
638 http fetch GET 200 https://registry.npmjs.org/postcss 167ms (cache miss)
639 silly packumentCache full:https://registry.npmjs.org/postcss set size:undefined disposed:false
640 silly fetch manifest @types/node@*
641 silly packumentCache full:https://registry.npmjs.org/@types%2fnode cache-miss
642 http fetch GET 200 https://registry.npmjs.org/@radix-ui%2freact-use-size 330ms (cache miss)
643 silly packumentCache full:https://registry.npmjs.org/@radix-ui%2freact-use-size set size:undefined disposed:false
644 silly fetch manifest undici-types@>=7.24.0 <7.24.7
645 silly packumentCache full:https://registry.npmjs.org/undici-types cache-miss
646 http fetch GET 200 https://registry.npmjs.org/@alloc%2fquick-lru 49ms (cache miss)
647 silly packumentCache full:https://registry.npmjs.org/@alloc%2fquick-lru set size:undefined disposed:false
648 silly fetch manifest csstype@^3.2.2
649 silly packumentCache full:https://registry.npmjs.org/csstype cache-miss
650 http cache https://registry.npmjs.org/@types%2fnode 40ms (cache hit)
651 silly packumentCache full:https://registry.npmjs.org/@types%2fnode set size:11008407 disposed:false
652 silly fetch manifest node-addon-api@^8.3.0
653 silly packumentCache full:https://registry.npmjs.org/node-addon-api cache-miss
654 http cache https://registry.npmjs.org/@types%2fnode 109ms (cache hit)
655 silly packumentCache full:https://registry.npmjs.org/@types%2fnode set size:11008407 disposed:false
656 silly fetch manifest node-gyp-build@^4.8.4
657 silly packumentCache full:https://registry.npmjs.org/node-gyp-build cache-miss
658 http fetch GET 200 https://registry.npmjs.org/@radix-ui%2freact-dismissable-layer 778ms (cache miss)
659 silly packumentCache full:https://registry.npmjs.org/@radix-ui%2freact-dismissable-layer set size:undefined disposed:false
660 silly fetch manifest @algorandfoundation/xhd-wallet-api@2.0.0-canary.1
661 silly packumentCache full:https://registry.npmjs.org/@algorandfoundation%2fxhd-wallet-api cache-miss
662 http fetch GET 200 https://registry.npmjs.org/@types%2fms 223ms (cache miss)
663 silly packumentCache full:https://registry.npmjs.org/@types%2fms set size:undefined disposed:false
664 silly fetch manifest algosdk@^3.3.1
665 silly packumentCache full:https://registry.npmjs.org/algosdk cache-miss
666 http fetch GET 200 https://registry.npmjs.org/undici-types 218ms (cache miss)
667 silly packumentCache full:https://registry.npmjs.org/undici-types set size:undefined disposed:false
668 silly fetch manifest better-sqlite3@^12.2.0
669 silly packumentCache full:https://registry.npmjs.org/better-sqlite3 cache-miss
670 http fetch GET 200 https://registry.npmjs.org/@radix-ui%2freact-use-layout-effect 604ms (cache miss)
671 silly packumentCache full:https://registry.npmjs.org/@radix-ui%2freact-use-layout-effect set size:undefined disposed:false
672 silly fetch manifest lz-string@^1.5.0
673 silly packumentCache full:https://registry.npmjs.org/lz-string cache-miss
674 http fetch GET 200 https://registry.npmjs.org/@radix-ui%2freact-use-previous 539ms (cache miss)
675 silly packumentCache full:https://registry.npmjs.org/@radix-ui%2freact-use-previous set size:undefined disposed:false
676 silly fetch manifest lz4-napi@^2.8.0
677 silly packumentCache full:https://registry.npmjs.org/lz4-napi cache-miss
678 http fetch GET 200 https://registry.npmjs.org/@radix-ui%2freact-use-previous 648ms (cache miss)
679 silly packumentCache full:https://registry.npmjs.org/@radix-ui%2freact-use-previous set size:undefined disposed:false
680 silly fetch manifest pako@^2.1.0
681 silly packumentCache full:https://registry.npmjs.org/pako cache-miss
682 http cache https://registry.npmjs.org/better-sqlite3 17ms (cache hit)
683 silly packumentCache full:https://registry.npmjs.org/better-sqlite3 set size:377133 disposed:false
684 silly fetch manifest snappy@^7.3.0
685 silly packumentCache full:https://registry.npmjs.org/snappy cache-miss
686 http fetch GET 200 https://registry.npmjs.org/node-gyp-build 53ms (cache miss)
687 silly packumentCache full:https://registry.npmjs.org/node-gyp-build set size:undefined disposed:false
688 silly fetch manifest ajv@^6.14.0
689 silly packumentCache full:https://registry.npmjs.org/ajv cache-miss
690 http fetch GET 200 https://registry.npmjs.org/node-addon-api 163ms (cache miss)
691 silly packumentCache full:https://registry.npmjs.org/node-addon-api set size:undefined disposed:false
692 silly fetch manifest chalk@^4.0.0
693 silly packumentCache full:https://registry.npmjs.org/chalk cache-miss
694 http fetch GET 200 https://registry.npmjs.org/csstype 256ms (cache miss)
695 silly packumentCache full:https://registry.npmjs.org/csstype set size:undefined disposed:false
696 silly fetch manifest debug@^4.3.2
697 silly packumentCache full:https://registry.npmjs.org/debug cache-miss
698 http fetch GET 200 https://registry.npmjs.org/pako 37ms (cache miss)
699 silly packumentCache full:https://registry.npmjs.org/pako set size:undefined disposed:false
700 silly fetch manifest espree@^10.4.0
701 silly packumentCache full:https://registry.npmjs.org/espree cache-miss
702 http fetch GET 200 https://registry.npmjs.org/@tailwindcss%2fnode 305ms (cache miss)
703 silly packumentCache full:https://registry.npmjs.org/@tailwindcss%2fnode set size:undefined disposed:false
704 silly fetch manifest ignore@^5.2.0
705 silly packumentCache full:https://registry.npmjs.org/ignore cache-miss
706 http fetch GET 200 https://registry.npmjs.org/chalk 42ms (cache miss)
707 silly packumentCache full:https://registry.npmjs.org/chalk set size:undefined disposed:false
708 silly fetch manifest esquery@^1.5.0
709 silly packumentCache full:https://registry.npmjs.org/esquery cache-miss
710 http fetch GET 200 https://registry.npmjs.org/snappy 60ms (cache miss)
711 silly packumentCache full:https://registry.npmjs.org/snappy set size:undefined disposed:false
712 silly fetch manifest esutils@^2.0.2
713 silly packumentCache full:https://registry.npmjs.org/esutils cache-miss
714 http fetch GET 200 https://registry.npmjs.org/debug 42ms (cache miss)
715 silly packumentCache full:https://registry.npmjs.org/debug set size:undefined disposed:false
716 silly fetch manifest find-up@^5.0.0
717 silly packumentCache full:https://registry.npmjs.org/find-up cache-miss
718 http fetch GET 200 https://registry.npmjs.org/espree 47ms (cache miss)
719 silly packumentCache full:https://registry.npmjs.org/espree set size:undefined disposed:false
720 silly fetch manifest is-glob@^4.0.0
721 silly packumentCache full:https://registry.npmjs.org/is-glob cache-miss
722 http fetch GET 200 https://registry.npmjs.org/ajv 80ms (cache miss)
723 silly packumentCache full:https://registry.npmjs.org/ajv set size:undefined disposed:false
724 silly fetch manifest minimatch@^3.1.5
725 silly packumentCache full:https://registry.npmjs.org/minimatch cache-miss
726 http fetch GET 200 https://registry.npmjs.org/esutils 34ms (cache miss)
727 silly packumentCache full:https://registry.npmjs.org/esutils set size:undefined disposed:false
728 silly fetch manifest @eslint/js@9.39.4
729 silly packumentCache full:https://registry.npmjs.org/@eslint%2fjs cache-miss
730 http fetch GET 200 https://registry.npmjs.org/esquery 42ms (cache miss)
731 silly packumentCache full:https://registry.npmjs.org/esquery set size:undefined disposed:false
732 silly fetch manifest optionator@^0.9.3
733 silly packumentCache full:https://registry.npmjs.org/optionator cache-miss
734 http fetch GET 200 https://registry.npmjs.org/@tailwindcss%2foxide 363ms (cache miss)
735 silly packumentCache full:https://registry.npmjs.org/@tailwindcss%2foxide set size:undefined disposed:false
736 silly fetch manifest cross-spawn@^7.0.6
737 silly packumentCache full:https://registry.npmjs.org/cross-spawn cache-miss
738 http fetch GET 200 https://registry.npmjs.org/is-glob 50ms (cache miss)
739 silly packumentCache full:https://registry.npmjs.org/is-glob set size:undefined disposed:false
740 silly fetch manifest glob-parent@^6.0.2
741 silly packumentCache full:https://registry.npmjs.org/glob-parent cache-miss
742 http fetch GET 200 https://registry.npmjs.org/find-up 59ms (cache miss)
743 silly packumentCache full:https://registry.npmjs.org/find-up set size:undefined disposed:false
744 silly fetch manifest imurmurhash@^0.1.4
745 silly packumentCache full:https://registry.npmjs.org/imurmurhash cache-miss
746 http fetch GET 200 https://registry.npmjs.org/ignore 82ms (cache miss)
747 silly packumentCache full:https://registry.npmjs.org/ignore set size:undefined disposed:false
748 silly fetch manifest @eslint/core@^0.17.0
749 silly packumentCache full:https://registry.npmjs.org/@eslint%2fcore cache-miss
750 http fetch GET 200 https://registry.npmjs.org/optionator 37ms (cache miss)
751 silly packumentCache full:https://registry.npmjs.org/optionator set size:undefined disposed:false
752 silly fetch manifest eslint-scope@^8.4.0
753 silly packumentCache full:https://registry.npmjs.org/eslint-scope cache-miss
754 http fetch GET 200 https://registry.npmjs.org/cross-spawn 36ms (cache miss)
755 silly packumentCache full:https://registry.npmjs.org/cross-spawn set size:undefined disposed:false
756 silly fetch manifest @humanfs/node@^0.16.6
757 silly packumentCache full:https://registry.npmjs.org/@humanfs%2fnode cache-miss
758 http fetch GET 200 https://registry.npmjs.org/imurmurhash 42ms (cache miss)
759 silly packumentCache full:https://registry.npmjs.org/imurmurhash set size:undefined disposed:false
760 silly fetch manifest @types/estree@^1.0.6
761 silly packumentCache full:https://registry.npmjs.org/@types%2festree cache-miss
762 http fetch GET 200 https://registry.npmjs.org/glob-parent 57ms (cache miss)
763 silly packumentCache full:https://registry.npmjs.org/glob-parent set size:undefined disposed:false
764 silly fetch manifest natural-compare@^1.4.0
765 silly packumentCache full:https://registry.npmjs.org/natural-compare cache-miss
766 http fetch GET 200 https://registry.npmjs.org/@eslint%2fcore 58ms (cache miss)
767 silly packumentCache full:https://registry.npmjs.org/@eslint%2fcore set size:undefined disposed:false
768 silly fetch manifest @eslint/eslintrc@^3.3.5
769 silly packumentCache full:https://registry.npmjs.org/@eslint%2feslintrc cache-miss
770 http fetch GET 200 https://registry.npmjs.org/@radix-ui%2freact-direction 877ms (cache miss)
771 silly packumentCache full:https://registry.npmjs.org/@radix-ui%2freact-direction set size:undefined disposed:false
772 silly fetch manifest file-entry-cache@^8.0.0
773 silly packumentCache full:https://registry.npmjs.org/file-entry-cache cache-miss
774 http fetch GET 200 https://registry.npmjs.org/@humanfs%2fnode 40ms (cache miss)
775 silly packumentCache full:https://registry.npmjs.org/@humanfs%2fnode set size:undefined disposed:false
776 silly fetch manifest @eslint/plugin-kit@^0.4.1
777 silly packumentCache full:https://registry.npmjs.org/@eslint%2fplugin-kit cache-miss
778 http fetch GET 200 https://registry.npmjs.org/@radix-ui%2freact-visually-hidden 854ms (cache miss)
779 silly packumentCache full:https://registry.npmjs.org/@radix-ui%2freact-visually-hidden set size:undefined disposed:false
780 silly fetch manifest eslint-visitor-keys@^4.2.1
781 silly packumentCache full:https://registry.npmjs.org/eslint-visitor-keys cache-miss
782 http fetch GET 200 https://registry.npmjs.org/@radix-ui%2freact-direction 681ms (cache miss)
783 silly packumentCache full:https://registry.npmjs.org/@radix-ui%2freact-direction set size:undefined disposed:false
784 silly fetch manifest @eslint/config-array@^0.21.2
785 silly packumentCache full:https://registry.npmjs.org/@eslint%2fconfig-array cache-miss
786 http fetch GET 200 https://registry.npmjs.org/@eslint%2fjs 119ms (cache miss)
787 silly packumentCache full:https://registry.npmjs.org/@eslint%2fjs set size:undefined disposed:false
788 silly fetch manifest @humanwhocodes/retry@^0.4.2
789 silly packumentCache full:https://registry.npmjs.org/@humanwhocodes%2fretry cache-miss
790 http fetch GET 200 https://registry.npmjs.org/eslint-scope 76ms (cache miss)
791 silly packumentCache full:https://registry.npmjs.org/eslint-scope set size:undefined disposed:false
792 silly fetch manifest escape-string-regexp@^4.0.0
793 silly packumentCache full:https://registry.npmjs.org/escape-string-regexp cache-miss
794 http fetch GET 200 https://registry.npmjs.org/natural-compare 34ms (cache miss)
795 silly packumentCache full:https://registry.npmjs.org/natural-compare set size:undefined disposed:false
796 silly fetch manifest @eslint/config-helpers@^0.4.2
797 silly packumentCache full:https://registry.npmjs.org/@eslint%2fconfig-helpers cache-miss
798 http fetch GET 200 https://registry.npmjs.org/@types%2festree 57ms (cache miss)
799 silly packumentCache full:https://registry.npmjs.org/@types%2festree set size:undefined disposed:false
800 silly fetch manifest @eslint-community/regexpp@^4.12.1
801 silly packumentCache full:https://registry.npmjs.org/@eslint-community%2fregexpp cache-miss
802 http fetch GET 200 https://registry.npmjs.org/file-entry-cache 33ms (cache miss)
803 silly packumentCache full:https://registry.npmjs.org/file-entry-cache set size:undefined disposed:false
804 silly fetch manifest @eslint-community/eslint-utils@^4.8.0
805 silly packumentCache full:https://registry.npmjs.org/@eslint-community%2feslint-utils cache-miss
806 http fetch GET 200 https://registry.npmjs.org/eslint-visitor-keys 30ms (cache miss)
807 silly packumentCache full:https://registry.npmjs.org/eslint-visitor-keys set size:undefined disposed:false
808 silly fetch manifest @humanwhocodes/module-importer@^1.0.1
809 silly packumentCache full:https://registry.npmjs.org/@humanwhocodes%2fmodule-importer cache-miss
810 http fetch GET 200 https://registry.npmjs.org/escape-string-regexp 44ms (cache miss)
811 silly packumentCache full:https://registry.npmjs.org/escape-string-regexp set size:undefined disposed:false
812 silly fetch manifest json-stable-stringify-without-jsonify@^1.0.1
813 silly packumentCache full:https://registry.npmjs.org/json-stable-stringify-without-jsonify cache-miss
814 http fetch GET 200 https://registry.npmjs.org/@eslint%2feslintrc 74ms (cache miss)
815 silly packumentCache full:https://registry.npmjs.org/@eslint%2feslintrc set size:undefined disposed:false
816 silly fetch manifest globals@16.4.0
817 silly packumentCache full:https://registry.npmjs.org/globals cache-miss
818 http fetch GET 200 https://registry.npmjs.org/@eslint%2fplugin-kit 66ms (cache miss)
819 silly packumentCache full:https://registry.npmjs.org/@eslint%2fplugin-kit set size:undefined disposed:false
820 silly fetch manifest typescript-eslint@^8.46.0
821 silly packumentCache full:https://registry.npmjs.org/typescript-eslint cache-miss
822 http fetch GET 200 https://registry.npmjs.org/@humanwhocodes%2fretry 57ms (cache miss)
823 silly packumentCache full:https://registry.npmjs.org/@humanwhocodes%2fretry set size:undefined disposed:false
824 silly fetch manifest eslint-plugin-react@^7.37.0
825 silly packumentCache full:https://registry.npmjs.org/eslint-plugin-react cache-miss
826 http fetch GET 200 https://registry.npmjs.org/@eslint%2fconfig-helpers 56ms (cache miss)
827 silly packumentCache full:https://registry.npmjs.org/@eslint%2fconfig-helpers set size:undefined disposed:false
828 silly fetch manifest eslint-plugin-import@^2.32.0
829 silly packumentCache full:https://registry.npmjs.org/eslint-plugin-import cache-miss
830 http fetch GET 200 https://registry.npmjs.org/lz-string 296ms (cache miss)
831 silly packumentCache full:https://registry.npmjs.org/lz-string set size:undefined disposed:false
832 silly fetch manifest eslint-plugin-jsx-a11y@^6.10.0
833 silly packumentCache full:https://registry.npmjs.org/eslint-plugin-jsx-a11y cache-miss
834 http fetch GET 200 https://registry.npmjs.org/@humanwhocodes%2fmodule-importer 42ms (cache miss)
835 silly packumentCache full:https://registry.npmjs.org/@humanwhocodes%2fmodule-importer set size:undefined disposed:false
836 silly fetch manifest @next/eslint-plugin-next@16.2.4
837 silly packumentCache full:https://registry.npmjs.org/@next%2feslint-plugin-next cache-miss
838 http fetch GET 200 https://registry.npmjs.org/@eslint%2fconfig-array 71ms (cache miss)
839 silly packumentCache full:https://registry.npmjs.org/@eslint%2fconfig-array set size:undefined disposed:false
840 silly fetch manifest eslint-plugin-react-hooks@^7.0.0
841 silly packumentCache full:https://registry.npmjs.org/eslint-plugin-react-hooks cache-miss
842 http fetch GET 200 https://registry.npmjs.org/lz4-napi 298ms (cache miss)
843 silly packumentCache full:https://registry.npmjs.org/lz4-napi set size:undefined disposed:false
844 silly fetch manifest eslint-import-resolver-node@^0.3.6
845 silly packumentCache full:https://registry.npmjs.org/eslint-import-resolver-node cache-miss
846 http fetch GET 200 https://registry.npmjs.org/json-stable-stringify-without-jsonify 34ms (cache miss)
847 silly packumentCache full:https://registry.npmjs.org/json-stable-stringify-without-jsonify set size:undefined disposed:false
848 silly fetch manifest eslint-import-resolver-typescript@^3.5.2
849 silly packumentCache full:https://registry.npmjs.org/eslint-import-resolver-typescript cache-miss
850 http fetch GET 200 https://registry.npmjs.org/@eslint-community%2feslint-utils 64ms (cache miss)
851 silly packumentCache full:https://registry.npmjs.org/@eslint-community%2feslint-utils set size:undefined disposed:false
852 silly fetch manifest ms@^2.1.1
853 silly packumentCache full:https://registry.npmjs.org/ms cache-miss
854 http fetch GET 200 https://registry.npmjs.org/@eslint-community%2fregexpp 71ms (cache miss)
855 silly packumentCache full:https://registry.npmjs.org/@eslint-community%2fregexpp set size:undefined disposed:false
856 silly fetch manifest jws@^4.0.1
857 silly packumentCache full:https://registry.npmjs.org/jws cache-miss
858 http fetch GET 200 https://registry.npmjs.org/eslint-import-resolver-node 26ms (cache miss)
859 silly packumentCache full:https://registry.npmjs.org/eslint-import-resolver-node set size:undefined disposed:false
860 silly fetch manifest semver@^7.5.4
861 silly packumentCache full:https://registry.npmjs.org/semver cache-miss
862 http fetch GET 200 https://registry.npmjs.org/eslint-plugin-import 50ms (cache miss)
863 silly packumentCache full:https://registry.npmjs.org/eslint-plugin-import set size:undefined disposed:false
864 silly fetch manifest lodash.once@^4.0.0
865 silly packumentCache full:https://registry.npmjs.org/lodash.once cache-miss
866 http fetch GET 200 https://registry.npmjs.org/eslint-plugin-jsx-a11y 71ms (cache miss)
867 silly packumentCache full:https://registry.npmjs.org/eslint-plugin-jsx-a11y set size:undefined disposed:false
868 silly fetch manifest lodash.includes@^4.3.0
869 silly packumentCache full:https://registry.npmjs.org/lodash.includes cache-miss
870 http fetch GET 200 https://registry.npmjs.org/semver 45ms (cache miss)
871 silly packumentCache full:https://registry.npmjs.org/semver set size:undefined disposed:false
872 silly fetch manifest lodash.isnumber@^3.0.3
873 silly packumentCache full:https://registry.npmjs.org/lodash.isnumber cache-miss
874 http fetch GET 200 https://registry.npmjs.org/lodash.once 41ms (cache miss)
875 silly packumentCache full:https://registry.npmjs.org/lodash.once set size:undefined disposed:false
876 silly fetch manifest lodash.isstring@^4.0.1
877 silly packumentCache full:https://registry.npmjs.org/lodash.isstring cache-miss
878 http fetch GET 200 https://registry.npmjs.org/ms 74ms (cache miss)
879 silly packumentCache full:https://registry.npmjs.org/ms set size:undefined disposed:false
880 silly fetch manifest lodash.isboolean@^3.0.3
881 silly packumentCache full:https://registry.npmjs.org/lodash.isboolean cache-miss
882 http fetch GET 200 https://registry.npmjs.org/globals 115ms (cache miss)
883 silly packumentCache full:https://registry.npmjs.org/globals set size:undefined disposed:false
884 silly fetch manifest lodash.isinteger@^4.0.4
885 silly packumentCache full:https://registry.npmjs.org/lodash.isinteger cache-miss
886 http fetch GET 200 https://registry.npmjs.org/jws 84ms (cache miss)
887 silly packumentCache full:https://registry.npmjs.org/jws set size:undefined disposed:false
888 silly fetch manifest lodash.isplainobject@^4.0.6
889 silly packumentCache full:https://registry.npmjs.org/lodash.isplainobject cache-miss
890 http fetch GET 200 https://registry.npmjs.org/algosdk 420ms (cache miss)
891 silly packumentCache full:https://registry.npmjs.org/algosdk set size:undefined disposed:false
892 silly fetch manifest postcss@8.4.31
893 silly packumentCache full:https://registry.npmjs.org/postcss cache-miss
894 http fetch GET 200 https://registry.npmjs.org/lodash.includes 48ms (cache miss)
895 silly packumentCache full:https://registry.npmjs.org/lodash.includes set size:undefined disposed:false
896 silly fetch manifest @next/env@16.2.4
897 silly packumentCache full:https://registry.npmjs.org/@next%2fenv cache-miss
898 http fetch GET 200 https://registry.npmjs.org/eslint-import-resolver-typescript 105ms (cache miss)
899 silly packumentCache full:https://registry.npmjs.org/eslint-import-resolver-typescript set size:undefined disposed:false
900 silly fetch manifest styled-jsx@5.1.6
901 silly packumentCache full:https://registry.npmjs.org/styled-jsx cache-miss
902 http cache https://registry.npmjs.org/postcss 16ms (cache hit)
903 silly packumentCache full:https://registry.npmjs.org/postcss set size:720302 disposed:false
904 silly fetch manifest @swc/helpers@0.5.15
905 silly packumentCache full:https://registry.npmjs.org/@swc%2fhelpers cache-miss
906 http fetch GET 200 https://registry.npmjs.org/lodash.isnumber 62ms (cache miss)
907 silly packumentCache full:https://registry.npmjs.org/lodash.isnumber set size:undefined disposed:false
908 silly fetch manifest caniuse-lite@^1.0.30001579
909 silly packumentCache full:https://registry.npmjs.org/caniuse-lite cache-miss
910 http fetch GET 200 https://registry.npmjs.org/lodash.isstring 55ms (cache miss)
911 silly packumentCache full:https://registry.npmjs.org/lodash.isstring set size:undefined disposed:false
912 silly fetch manifest baseline-browser-mapping@^2.9.19
913 silly packumentCache full:https://registry.npmjs.org/baseline-browser-mapping cache-miss
914 http fetch GET 200 https://registry.npmjs.org/lodash.isinteger 46ms (cache miss)
915 silly packumentCache full:https://registry.npmjs.org/lodash.isinteger set size:undefined disposed:false
916 silly fetch manifest sharp@^0.34.5
917 silly packumentCache full:https://registry.npmjs.org/sharp cache-miss
918 http fetch GET 200 https://registry.npmjs.org/lodash.isplainobject 45ms (cache miss)
919 silly packumentCache full:https://registry.npmjs.org/lodash.isplainobject set size:undefined disposed:false
920 silly fetch manifest @next/swc-darwin-x64@16.2.4
921 silly packumentCache full:https://registry.npmjs.org/@next%2fswc-darwin-x64 cache-miss
922 http fetch GET 200 https://registry.npmjs.org/minimatch 355ms (cache miss)
923 silly packumentCache full:https://registry.npmjs.org/minimatch set size:undefined disposed:false
924 silly fetch manifest @next/swc-darwin-arm64@16.2.4
925 silly packumentCache full:https://registry.npmjs.org/@next%2fswc-darwin-arm64 cache-miss
926 http fetch GET 200 https://registry.npmjs.org/@radix-ui%2freact-roving-focus 936ms (cache miss)
927 silly packumentCache full:https://registry.npmjs.org/@radix-ui%2freact-roving-focus set size:undefined disposed:false
928 silly fetch manifest @next/swc-linux-x64-gnu@16.2.4
929 silly packumentCache full:https://registry.npmjs.org/@next%2fswc-linux-x64-gnu cache-miss
930 http fetch GET 200 https://registry.npmjs.org/@swc%2fhelpers 181ms (cache miss)
931 silly packumentCache full:https://registry.npmjs.org/@swc%2fhelpers set size:undefined disposed:false
932 silly fetch manifest @next/swc-linux-x64-musl@16.2.4
933 silly packumentCache full:https://registry.npmjs.org/@next%2fswc-linux-x64-musl cache-miss
934 http fetch GET 200 https://registry.npmjs.org/caniuse-lite 208ms (cache miss)
935 silly packumentCache full:https://registry.npmjs.org/caniuse-lite set size:undefined disposed:false
936 silly fetch manifest @next/swc-win32-x64-msvc@16.2.4
937 silly packumentCache full:https://registry.npmjs.org/@next%2fswc-win32-x64-msvc cache-miss
938 http fetch GET 200 https://registry.npmjs.org/sharp 216ms (cache miss)
939 silly packumentCache full:https://registry.npmjs.org/sharp set size:undefined disposed:false
940 silly fetch manifest @next/swc-linux-arm64-gnu@16.2.4
941 silly packumentCache full:https://registry.npmjs.org/@next%2fswc-linux-arm64-gnu cache-miss
942 http fetch GET 200 https://registry.npmjs.org/lodash.isboolean 290ms (cache miss)
943 silly packumentCache full:https://registry.npmjs.org/lodash.isboolean set size:undefined disposed:false
944 silly fetch manifest @next/swc-linux-arm64-musl@16.2.4
945 silly packumentCache full:https://registry.npmjs.org/@next%2fswc-linux-arm64-musl cache-miss
946 http fetch GET 200 https://registry.npmjs.org/eslint-plugin-react-hooks 385ms (cache miss)
947 silly packumentCache full:https://registry.npmjs.org/eslint-plugin-react-hooks set size:undefined disposed:false
948 silly fetch manifest @next/swc-win32-arm64-msvc@16.2.4
949 silly packumentCache full:https://registry.npmjs.org/@next%2fswc-win32-arm64-msvc cache-miss
950 http fetch GET 200 https://registry.npmjs.org/eslint-plugin-react 468ms (cache miss)
951 silly packumentCache full:https://registry.npmjs.org/eslint-plugin-react set size:undefined disposed:false
952 silly fetch manifest mysql2@3.15.3
953 silly packumentCache full:https://registry.npmjs.org/mysql2 cache-miss
954 http fetch GET 200 https://registry.npmjs.org/baseline-browser-mapping 324ms (cache miss)
955 silly packumentCache full:https://registry.npmjs.org/baseline-browser-mapping set size:undefined disposed:false
956 silly fetch manifest postgres@3.4.7
957 silly packumentCache full:https://registry.npmjs.org/postgres cache-miss
958 http fetch GET 200 https://registry.npmjs.org/styled-jsx 630ms (cache miss)
959 silly packumentCache full:https://registry.npmjs.org/styled-jsx set size:undefined disposed:false
960 silly fetch manifest @prisma/dev@0.24.3
961 silly packumentCache full:https://registry.npmjs.org/@prisma%2fdev cache-miss
962 http fetch GET 200 https://registry.npmjs.org/postgres 338ms (cache miss)
963 silly packumentCache full:https://registry.npmjs.org/postgres set size:undefined disposed:false
964 silly fetch manifest @prisma/config@7.8.0
965 silly packumentCache full:https://registry.npmjs.org/@prisma%2fconfig cache-miss
966 http fetch GET 200 https://registry.npmjs.org/mysql2 416ms (cache miss)
967 silly packumentCache full:https://registry.npmjs.org/mysql2 set size:undefined disposed:false
968 silly fetch manifest @prisma/engines@7.8.0
969 silly packumentCache full:https://registry.npmjs.org/@prisma%2fengines cache-miss
970 http fetch GET 200 https://registry.npmjs.org/typescript-eslint 935ms (cache miss)
971 silly packumentCache full:https://registry.npmjs.org/typescript-eslint set size:undefined disposed:false
972 silly fetch manifest @prisma/studio-core@0.27.3
973 silly packumentCache full:https://registry.npmjs.org/@prisma%2fstudio-core cache-miss
974 http fetch GET 200 https://registry.npmjs.org/@algorandfoundation%2fxhd-wallet-api 1258ms (cache miss)
975 silly packumentCache full:https://registry.npmjs.org/@algorandfoundation%2fxhd-wallet-api set size:undefined disposed:false
976 silly fetch manifest @date-fns/tz@^1.4.1
977 silly packumentCache full:https://registry.npmjs.org/@date-fns%2ftz cache-miss
978 http fetch GET 200 https://registry.npmjs.org/@next%2fswc-linux-arm64-musl 565ms (cache miss)
979 silly packumentCache full:https://registry.npmjs.org/@next%2fswc-linux-arm64-musl set size:undefined disposed:false
980 silly fetch manifest @reduxjs/toolkit@^1.9.0 || 2.x.x
981 silly packumentCache full:https://registry.npmjs.org/@reduxjs%2ftoolkit cache-miss
982 http fetch GET 200 https://registry.npmjs.org/@next%2fswc-win32-x64-msvc 652ms (cache miss)
983 silly packumentCache full:https://registry.npmjs.org/@next%2fswc-win32-x64-msvc set size:undefined disposed:false
984 silly fetch manifest decimal.js-light@^2.5.1
985 silly packumentCache full:https://registry.npmjs.org/decimal.js-light cache-miss
986 http fetch GET 200 https://registry.npmjs.org/@next%2feslint-plugin-next 1046ms (cache miss)
987 silly packumentCache full:https://registry.npmjs.org/@next%2feslint-plugin-next set size:undefined disposed:false
988 silly fetch manifest es-toolkit@^1.39.3
989 silly packumentCache full:https://registry.npmjs.org/es-toolkit cache-miss
990 http fetch GET 200 https://registry.npmjs.org/@next%2fswc-darwin-arm64 935ms (cache miss)
991 silly packumentCache full:https://registry.npmjs.org/@next%2fswc-darwin-arm64 set size:undefined disposed:false
992 silly fetch manifest eventemitter3@^5.0.1
993 silly packumentCache full:https://registry.npmjs.org/eventemitter3 cache-miss
994 http fetch GET 200 https://registry.npmjs.org/decimal.js-light 90ms (cache miss)
995 silly packumentCache full:https://registry.npmjs.org/decimal.js-light set size:undefined disposed:false
996 silly fetch manifest immer@^10.1.1
997 silly packumentCache full:https://registry.npmjs.org/immer cache-miss
998 http fetch GET 200 https://registry.npmjs.org/eventemitter3 43ms (cache miss)
999 silly packumentCache full:https://registry.npmjs.org/eventemitter3 set size:undefined disposed:false
1000 silly fetch manifest react-redux@8.x.x || 9.x.x
1001 silly packumentCache full:https://registry.npmjs.org/react-redux cache-miss
1002 http fetch GET 200 https://registry.npmjs.org/@next%2fswc-darwin-x64 1110ms (cache miss)
1003 silly packumentCache full:https://registry.npmjs.org/@next%2fswc-darwin-x64 set size:undefined disposed:false
1004 silly fetch manifest reselect@5.1.1
1005 silly packumentCache full:https://registry.npmjs.org/reselect cache-miss
1006 http fetch GET 200 https://registry.npmjs.org/react-redux 143ms (cache miss)
1007 silly packumentCache full:https://registry.npmjs.org/react-redux set size:undefined disposed:false
1008 silly fetch manifest tiny-invariant@^1.3.3
1009 silly packumentCache full:https://registry.npmjs.org/tiny-invariant cache-miss
1010 http fetch GET 200 https://registry.npmjs.org/@next%2fswc-linux-x64-gnu 1120ms (cache miss)
1011 silly packumentCache full:https://registry.npmjs.org/@next%2fswc-linux-x64-gnu set size:undefined disposed:false
1012 silly fetch manifest use-sync-external-store@^1.2.2
1013 silly packumentCache full:https://registry.npmjs.org/use-sync-external-store cache-miss
1014 http cache https://registry.npmjs.org/use-sync-external-store 19ms (cache hit)
1015 silly packumentCache full:https://registry.npmjs.org/use-sync-external-store set size:4675268 disposed:false
1016 silly fetch manifest victory-vendor@^37.0.2
1017 silly packumentCache full:https://registry.npmjs.org/victory-vendor cache-miss
1018 http fetch GET 200 https://registry.npmjs.org/tiny-invariant 87ms (cache miss)
1019 silly packumentCache full:https://registry.npmjs.org/tiny-invariant set size:undefined disposed:false
1020 silly fetch manifest esbuild@~0.28.0
1021 silly packumentCache full:https://registry.npmjs.org/esbuild cache-miss
1022 http fetch GET 200 https://registry.npmjs.org/@next%2fenv 1288ms (cache miss)
1023 silly packumentCache full:https://registry.npmjs.org/@next%2fenv set size:undefined disposed:false
1024 silly fetch manifest fsevents@~2.3.3
1025 silly packumentCache full:https://registry.npmjs.org/fsevents cache-miss
1026 http fetch GET 200 https://registry.npmjs.org/@date-fns%2ftz 526ms (cache miss)
1027 silly packumentCache full:https://registry.npmjs.org/@date-fns%2ftz set size:undefined disposed:false
1028 http fetch GET 200 https://registry.npmjs.org/victory-vendor 79ms (cache miss)
1029 silly packumentCache full:https://registry.npmjs.org/victory-vendor set size:undefined disposed:false
1030 http fetch GET 200 https://registry.npmjs.org/@next%2fswc-win32-arm64-msvc 1070ms (cache miss)
1031 silly packumentCache full:https://registry.npmjs.org/@next%2fswc-win32-arm64-msvc set size:undefined disposed:false
1032 http fetch GET 200 https://registry.npmjs.org/immer 386ms (cache miss)
1033 silly packumentCache full:https://registry.npmjs.org/immer set size:undefined disposed:false
1034 http fetch GET 200 https://registry.npmjs.org/fsevents 81ms (cache miss)
1035 silly packumentCache full:https://registry.npmjs.org/fsevents set size:undefined disposed:false
1036 http fetch GET 200 https://registry.npmjs.org/@next%2fswc-linux-arm64-gnu 1167ms (cache miss)
1037 silly packumentCache full:https://registry.npmjs.org/@next%2fswc-linux-arm64-gnu set size:undefined disposed:false
1038 http fetch GET 200 https://registry.npmjs.org/@reduxjs%2ftoolkit 597ms (cache miss)
1039 silly packumentCache full:https://registry.npmjs.org/@reduxjs%2ftoolkit set size:undefined disposed:false
1040 http fetch GET 200 https://registry.npmjs.org/@next%2fswc-linux-x64-musl 1258ms (cache miss)
1041 silly packumentCache full:https://registry.npmjs.org/@next%2fswc-linux-x64-musl set size:undefined disposed:false
1042 http fetch GET 200 https://registry.npmjs.org/reselect 330ms (cache miss)
1043 silly packumentCache full:https://registry.npmjs.org/reselect set size:undefined disposed:false
1044 http fetch GET 200 https://registry.npmjs.org/es-toolkit 539ms (cache miss)
1045 silly packumentCache full:https://registry.npmjs.org/es-toolkit set size:undefined disposed:false
1046 http fetch GET 200 https://registry.npmjs.org/@prisma%2fdev 972ms (cache miss)
1047 silly packumentCache full:https://registry.npmjs.org/@prisma%2fdev set size:undefined disposed:false
1048 http fetch GET 200 https://registry.npmjs.org/esbuild 415ms (cache miss)
1049 silly packumentCache full:https://registry.npmjs.org/esbuild set size:undefined disposed:false
1050 http fetch GET 200 https://registry.npmjs.org/@prisma%2fconfig 1021ms (cache miss)
1051 silly packumentCache full:https://registry.npmjs.org/@prisma%2fconfig set size:undefined disposed:false
1052 http fetch GET 200 https://registry.npmjs.org/@prisma%2fstudio-core 921ms (cache miss)
1053 silly packumentCache full:https://registry.npmjs.org/@prisma%2fstudio-core set size:undefined disposed:false
1054 http fetch GET 200 https://registry.npmjs.org/@prisma%2fengines 1658ms (cache miss)
1055 silly packumentCache full:https://registry.npmjs.org/@prisma%2fengines set size:undefined disposed:false
1056 silly fetch manifest @lezer/common@^1.0.0
1057 silly packumentCache full:https://registry.npmjs.org/@lezer%2fcommon cache-miss
1058 http fetch GET 200 https://registry.npmjs.org/@lezer%2fcommon 738ms (cache miss)
1059 silly packumentCache full:https://registry.npmjs.org/@lezer%2fcommon set size:undefined disposed:false
1060 silly fetch manifest @lezer/highlight@^1.0.0
1061 silly packumentCache full:https://registry.npmjs.org/@lezer%2fhighlight cache-miss
1062 http fetch GET 200 https://registry.npmjs.org/@lezer%2fhighlight 803ms (cache miss)
1063 silly packumentCache full:https://registry.npmjs.org/@lezer%2fhighlight set size:undefined disposed:false
1064 silly fetch manifest @types/hast@^3.0.0
1065 silly packumentCache full:https://registry.npmjs.org/@types%2fhast cache-miss
1066 http fetch GET 200 https://registry.npmjs.org/@types%2fhast 38ms (cache miss)
1067 silly packumentCache full:https://registry.npmjs.org/@types%2fhast set size:undefined disposed:false
1068 silly fetch manifest highlight.js@^11.9.0
1069 silly packumentCache full:https://registry.npmjs.org/highlight.js cache-miss
1070 http fetch GET 200 https://registry.npmjs.org/highlight.js 105ms (cache miss)
1071 silly packumentCache full:https://registry.npmjs.org/highlight.js set size:undefined disposed:false
1072 silly fetch manifest lowlight@^3.1.0
1073 silly packumentCache full:https://registry.npmjs.org/lowlight cache-miss
1074 http fetch GET 200 https://registry.npmjs.org/lowlight 44ms (cache miss)
1075 silly packumentCache full:https://registry.npmjs.org/lowlight set size:undefined disposed:false
1076 silly fetch manifest refractor@^5.0.0
1077 silly packumentCache full:https://registry.npmjs.org/refractor cache-miss
1078 http fetch GET 200 https://registry.npmjs.org/refractor 318ms (cache miss)
1079 silly packumentCache full:https://registry.npmjs.org/refractor set size:undefined disposed:false
1080 silly fetch manifest sugar-high@^0.6.1 || ^0.7.0 || ^0.8.0 || ^0.9.0 || ^1.0.0
1081 silly packumentCache full:https://registry.npmjs.org/sugar-high cache-miss
1082 http fetch GET 200 https://registry.npmjs.org/sugar-high 332ms (cache miss)
1083 silly packumentCache full:https://registry.npmjs.org/sugar-high set size:undefined disposed:false
1084 silly placeDep ROOT @emoji-mart/data@1.2.1 OK for: @blocknote/core@0.50.0 want: ^1.2.1
1085 silly placeDep ROOT @handlewithcare/prosemirror-inputrules@0.1.4 OK for: @blocknote/core@0.50.0 want: ^0.1.4
1086 silly placeDep ROOT prosemirror-view@1.41.8 OK for: @handlewithcare/prosemirror-inputrules@0.1.4 want: ^1.0.0
1087 silly placeDep ROOT prosemirror-model@1.25.6 OK for: @handlewithcare/prosemirror-inputrules@0.1.4 want: ^1.0.0
1088 silly placeDep ROOT prosemirror-state@1.4.4 OK for: @handlewithcare/prosemirror-inputrules@0.1.4 want: ^1.0.0
1089 silly placeDep ROOT @shikijs/types@4.0.2 OK for: @blocknote/core@0.50.0 want: ^4
1090 silly placeDep ROOT @tanstack/store@0.7.7 OK for: @blocknote/core@0.50.0 want: ^0.7.7
1091 silly placeDep ROOT @tiptap/core@3.23.4 OK for: @blocknote/core@0.50.0 want: ^3.13.0
1092 silly placeDep ROOT @tiptap/pm@3.23.4 OK for: @tiptap/core@3.23.4 want: 3.23.4
1093 silly placeDep ROOT @tiptap/extension-bold@3.23.4 OK for: @blocknote/core@0.50.0 want: ^3.13.0
1094 silly placeDep ROOT @tiptap/extension-code@3.23.4 OK for: @blocknote/core@0.50.0 want: ^3.13.0
1095 silly placeDep ROOT @tiptap/extension-horizontal-rule@3.23.4 OK for: @blocknote/core@0.50.0 want: ^3.13.0
1096 silly placeDep ROOT @tiptap/extension-italic@3.23.4 OK for: @blocknote/core@0.50.0 want: ^3.13.0
1097 silly placeDep ROOT @tiptap/extension-paragraph@3.23.4 OK for: @blocknote/core@0.50.0 want: ^3.13.0
1098 silly placeDep ROOT @tiptap/extension-strike@3.23.4 OK for: @blocknote/core@0.50.0 want: ^3.13.0
1099 silly placeDep ROOT @tiptap/extension-text@3.23.4 OK for: @blocknote/core@0.50.0 want: ^3.13.0
1100 silly placeDep ROOT @tiptap/extension-underline@3.23.4 OK for: @blocknote/core@0.50.0 want: ^3.13.0
1101 silly placeDep ROOT @tiptap/extensions@3.23.4 OK for: @blocknote/core@0.50.0 want: ^3.13.0
1102 silly placeDep ROOT emoji-mart@5.6.0 OK for: @blocknote/core@0.50.0 want: ^5.6.0
1103 silly placeDep ROOT fast-deep-equal@3.1.3 OK for: @blocknote/core@0.50.0 want: ^3.1.3
1104 silly placeDep ROOT hast-util-from-dom@5.0.1 OK for: @blocknote/core@0.50.0 want: ^5.0.1
1105 silly placeDep ROOT lib0@0.2.117 OK for: @blocknote/core@0.50.0 want: ^0.2.99
1106 silly placeDep ROOT prosemirror-highlight@0.15.1 OK for: @blocknote/core@0.50.0 want: ^0.15.1
1107 silly placeDep ROOT prosemirror-tables@1.8.5 OK for: @blocknote/core@0.50.0 want: ^1.8.3
1108 silly placeDep ROOT prosemirror-transform@1.12.0 OK for: @blocknote/core@0.50.0 want: ^1.11.0
1109 silly placeDep ROOT rehype-format@5.0.1 OK for: @blocknote/core@0.50.0 want: ^5.0.1
1110 silly placeDep ROOT rehype-parse@9.0.1 OK for: @blocknote/core@0.50.0 want: ^9.0.1
1111 silly placeDep ROOT rehype-remark@10.0.1 OK for: @blocknote/core@0.50.0 want: ^10.0.1
1112 silly placeDep ROOT rehype-stringify@10.0.1 OK for: @blocknote/core@0.50.0 want: ^10.0.1
1113 silly placeDep ROOT remark-gfm@4.0.1 OK for: @blocknote/core@0.50.0 want: ^4.0.1
1114 silly placeDep ROOT remark-parse@11.0.0 OK for: @blocknote/core@0.50.0 want: ^11.0.0
1115 silly placeDep ROOT remark-rehype@11.1.2 OK for: @blocknote/core@0.50.0 want: ^11.1.2
1116 silly placeDep ROOT remark-stringify@11.0.0 OK for: @blocknote/core@0.50.0 want: ^11.0.0
1117 silly placeDep ROOT unified@11.0.5 OK for: @blocknote/core@0.50.0 want: ^11.0.5
1118 silly placeDep ROOT unist-util-visit@5.1.0 OK for: @blocknote/core@0.50.0 want: ^5.0.0
1119 silly placeDep ROOT y-prosemirror@1.3.7 OK for: @blocknote/core@0.50.0 want: ^1.3.7
1120 silly placeDep ROOT y-protocols@1.0.7 OK for: y-prosemirror@1.3.7 want: ^1.0.1
1121 silly placeDep ROOT yjs@13.6.30 OK for: y-protocols@1.0.7 want: ^13.0.0
1122 silly fetch manifest prosemirror-history@^1.4.1
1123 silly packumentCache full:https://registry.npmjs.org/prosemirror-history cache-miss
1124 silly fetch manifest prosemirror-transform@^1.0.0
1125 silly packumentCache full:https://registry.npmjs.org/prosemirror-transform cache-miss
1126 silly fetch manifest prosemirror-transform@^1.0.0
1127 silly packumentCache full:https://registry.npmjs.org/prosemirror-transform cache-miss
1128 silly fetch manifest orderedmap@^2.0.0
1129 silly packumentCache full:https://registry.npmjs.org/orderedmap cache-miss
1130 silly fetch manifest prosemirror-transform@^1.1.0
1131 silly packumentCache full:https://registry.npmjs.org/prosemirror-transform cache-miss
1132 silly fetch manifest @shikijs/vscode-textmate@^10.0.2
1133 silly packumentCache full:https://registry.npmjs.org/@shikijs%2fvscode-textmate cache-miss
1134 silly fetch manifest @types/hast@^3.0.4
1135 silly packumentCache full:https://registry.npmjs.org/@types%2fhast cache-miss
1136 silly fetch manifest prosemirror-changeset@^2.3.0
1137 silly packumentCache full:https://registry.npmjs.org/prosemirror-changeset cache-miss
1138 silly fetch manifest prosemirror-commands@^1.6.2
1139 silly packumentCache full:https://registry.npmjs.org/prosemirror-commands cache-miss
1140 silly fetch manifest prosemirror-dropcursor@^1.8.1
1141 silly packumentCache full:https://registry.npmjs.org/prosemirror-dropcursor cache-miss
1142 silly fetch manifest prosemirror-gapcursor@^1.3.2
1143 silly packumentCache full:https://registry.npmjs.org/prosemirror-gapcursor cache-miss
1144 silly fetch manifest prosemirror-history@^1.4.1
1145 silly packumentCache full:https://registry.npmjs.org/prosemirror-history cache-miss
1146 silly fetch manifest prosemirror-keymap@^1.2.2
1147 silly packumentCache full:https://registry.npmjs.org/prosemirror-keymap cache-miss
1148 silly fetch manifest prosemirror-schema-list@^1.5.0
1149 silly packumentCache full:https://registry.npmjs.org/prosemirror-schema-list cache-miss
1150 silly fetch manifest prosemirror-tables@^1.6.4
1151 silly packumentCache full:https://registry.npmjs.org/prosemirror-tables cache-miss
1152 http cache https://registry.npmjs.org/prosemirror-transform 14ms (cache hit)
1153 silly packumentCache full:https://registry.npmjs.org/prosemirror-transform set size:165710 disposed:false
1154 silly fetch manifest prosemirror-transform@^1.10.2
1155 silly packumentCache full:https://registry.npmjs.org/prosemirror-transform cache-hit
1156 silly fetch manifest hastscript@^9.0.0
1157 silly packumentCache full:https://registry.npmjs.org/hastscript cache-miss
1158 http cache https://registry.npmjs.org/@types%2fhast 24ms (cache hit)
1159 silly packumentCache full:https://registry.npmjs.org/@types%2fhast set size:32563 disposed:false
1160 silly fetch manifest web-namespaces@^2.0.0
1161 silly packumentCache full:https://registry.npmjs.org/web-namespaces cache-miss
1162 http cache https://registry.npmjs.org/prosemirror-tables 24ms (cache hit)
1163 silly packumentCache full:https://registry.npmjs.org/prosemirror-tables set size:256325 disposed:false
1164 silly fetch manifest isomorphic.js@^0.2.4
1165 silly packumentCache full:https://registry.npmjs.org/isomorphic.js cache-miss
1166 http cache https://registry.npmjs.org/prosemirror-transform 31ms (cache hit)
1167 silly packumentCache full:https://registry.npmjs.org/prosemirror-transform set size:165710 disposed:false
1168 silly packumentCache full:https://registry.npmjs.org/prosemirror-transform dispose
1169 silly fetch manifest prosemirror-keymap@^1.2.3
1170 silly packumentCache full:https://registry.npmjs.org/prosemirror-keymap cache-miss
1171 http cache https://registry.npmjs.org/prosemirror-transform 34ms (cache hit)
1172 silly packumentCache full:https://registry.npmjs.org/prosemirror-transform set size:165710 disposed:true
1173 silly packumentCache full:https://registry.npmjs.org/prosemirror-transform dispose
1174 silly fetch manifest prosemirror-transform@^1.10.5
1175 silly packumentCache full:https://registry.npmjs.org/prosemirror-transform cache-hit
1176 silly fetch manifest hast-util-format@^1.0.0
1177 silly packumentCache full:https://registry.npmjs.org/hast-util-format cache-miss
1178 http fetch GET 200 https://registry.npmjs.org/web-namespaces 38ms (cache miss)
1179 silly packumentCache full:https://registry.npmjs.org/web-namespaces set size:undefined disposed:false
1180 silly fetch manifest hast-util-from-html@^2.0.0
1181 silly packumentCache full:https://registry.npmjs.org/hast-util-from-html cache-miss
1182 http fetch GET 200 https://registry.npmjs.org/prosemirror-keymap 296ms (cache miss)
1183 silly packumentCache full:https://registry.npmjs.org/prosemirror-keymap set size:undefined disposed:false
1184 silly fetch manifest unified@^11.0.0
1185 silly packumentCache full:https://registry.npmjs.org/unified cache-miss
1186 http fetch GET 200 https://registry.npmjs.org/prosemirror-history 304ms (cache miss)
1187 silly packumentCache full:https://registry.npmjs.org/prosemirror-history set size:undefined disposed:false
1188 silly fetch manifest @types/mdast@^4.0.0
1189 silly packumentCache full:https://registry.npmjs.org/@types%2fmdast cache-miss
1190 http fetch GET 200 https://registry.npmjs.org/prosemirror-keymap 282ms (cache miss)
1191 silly packumentCache full:https://registry.npmjs.org/prosemirror-keymap set size:undefined disposed:false
1192 silly fetch manifest hast-util-to-mdast@^10.0.0
1193 silly packumentCache full:https://registry.npmjs.org/hast-util-to-mdast cache-miss
1194 http fetch GET 200 https://registry.npmjs.org/prosemirror-history 318ms (cache miss)
1195 silly packumentCache full:https://registry.npmjs.org/prosemirror-history set size:undefined disposed:false
1196 silly fetch manifest unified@^11.0.0
1197 silly packumentCache full:https://registry.npmjs.org/unified cache-miss
1198 http cache https://registry.npmjs.org/unified 19ms (cache hit)
1199 silly packumentCache full:https://registry.npmjs.org/unified set size:321787 disposed:false
1200 silly fetch manifest vfile@^6.0.0
1201 silly packumentCache full:https://registry.npmjs.org/vfile cache-miss
1202 http fetch GET 200 https://registry.npmjs.org/orderedmap 325ms (cache miss)
1203 silly packumentCache full:https://registry.npmjs.org/orderedmap set size:undefined disposed:false
1204 silly fetch manifest hast-util-to-html@^9.0.0
1205 silly packumentCache full:https://registry.npmjs.org/hast-util-to-html cache-miss
1206 http fetch GET 200 https://registry.npmjs.org/prosemirror-changeset 326ms (cache miss)
1207 silly packumentCache full:https://registry.npmjs.org/prosemirror-changeset set size:undefined disposed:false
1208 silly fetch manifest @types/mdast@^4.0.0
1209 silly packumentCache full:https://registry.npmjs.org/@types%2fmdast cache-miss
1210 http fetch GET 200 https://registry.npmjs.org/prosemirror-gapcursor 327ms (cache miss)
1211 silly packumentCache full:https://registry.npmjs.org/prosemirror-gapcursor set size:undefined disposed:false
1212 silly fetch manifest mdast-util-gfm@^3.0.0
1213 silly packumentCache full:https://registry.npmjs.org/mdast-util-gfm cache-miss
1214 http fetch GET 200 https://registry.npmjs.org/prosemirror-dropcursor 332ms (cache miss)
1215 silly packumentCache full:https://registry.npmjs.org/prosemirror-dropcursor set size:undefined disposed:false
1216 silly fetch manifest micromark-extension-gfm@^3.0.0
1217 silly packumentCache full:https://registry.npmjs.org/micromark-extension-gfm cache-miss
1218 http fetch GET 200 https://registry.npmjs.org/hastscript 321ms (cache miss)
1219 silly packumentCache full:https://registry.npmjs.org/hastscript set size:undefined disposed:false
1220 silly fetch manifest @types/mdast@^4.0.0
1221 silly packumentCache full:https://registry.npmjs.org/@types%2fmdast cache-miss
1222 http cache https://registry.npmjs.org/unified 24ms (cache hit)
1223 silly packumentCache full:https://registry.npmjs.org/unified set size:321787 disposed:false
1224 silly packumentCache full:https://registry.npmjs.org/unified dispose
1225 silly fetch manifest mdast-util-from-markdown@^2.0.0
1226 silly packumentCache full:https://registry.npmjs.org/mdast-util-from-markdown cache-miss
1227 http fetch GET 200 https://registry.npmjs.org/hast-util-format 309ms (cache miss)
1228 silly packumentCache full:https://registry.npmjs.org/hast-util-format set size:undefined disposed:false
1229 silly fetch manifest micromark-util-types@^2.0.0
1230 silly packumentCache full:https://registry.npmjs.org/micromark-util-types cache-miss
1231 http fetch GET 200 https://registry.npmjs.org/prosemirror-schema-list 344ms (cache miss)
1232 silly packumentCache full:https://registry.npmjs.org/prosemirror-schema-list set size:undefined disposed:false
1233 silly fetch manifest @types/mdast@^4.0.0
1234 silly packumentCache full:https://registry.npmjs.org/@types%2fmdast cache-miss
1235 http fetch GET 200 https://registry.npmjs.org/isomorphic.js 319ms (cache miss)
1236 silly packumentCache full:https://registry.npmjs.org/isomorphic.js set size:undefined disposed:false
1237 silly fetch manifest mdast-util-to-hast@^13.0.0
1238 silly packumentCache full:https://registry.npmjs.org/mdast-util-to-hast cache-miss
1239 http fetch GET 200 https://registry.npmjs.org/prosemirror-commands 351ms (cache miss)
1240 silly packumentCache full:https://registry.npmjs.org/prosemirror-commands set size:undefined disposed:false
1241 silly fetch manifest vfile@^6.0.0
1242 silly packumentCache full:https://registry.npmjs.org/vfile cache-miss
1243 http fetch GET 200 https://registry.npmjs.org/micromark-extension-gfm 37ms (cache miss)
1244 silly packumentCache full:https://registry.npmjs.org/micromark-extension-gfm set size:undefined disposed:false
1245 silly fetch manifest @types/mdast@^4.0.0
1246 silly packumentCache full:https://registry.npmjs.org/@types%2fmdast cache-miss
1247 http fetch GET 200 https://registry.npmjs.org/hast-util-from-html 307ms (cache miss)
1248 silly packumentCache full:https://registry.npmjs.org/hast-util-from-html set size:undefined disposed:false
1249 silly fetch manifest mdast-util-to-markdown@^2.0.0
1250 silly packumentCache full:https://registry.npmjs.org/mdast-util-to-markdown cache-miss
1251 http fetch GET 200 https://registry.npmjs.org/hast-util-to-html 50ms (cache miss)
1252 silly packumentCache full:https://registry.npmjs.org/hast-util-to-html set size:undefined disposed:false
1253 silly fetch manifest @types/unist@^3.0.0
1254 silly packumentCache full:https://registry.npmjs.org/@types%2funist cache-miss
1255 http fetch GET 200 https://registry.npmjs.org/micromark-util-types 37ms (cache miss)
1256 silly packumentCache full:https://registry.npmjs.org/micromark-util-types set size:undefined disposed:false
1257 silly fetch manifest bail@^2.0.0
1258 silly packumentCache full:https://registry.npmjs.org/bail cache-miss
1259 http fetch GET 200 https://registry.npmjs.org/mdast-util-from-markdown 41ms (cache miss)
1260 silly packumentCache full:https://registry.npmjs.org/mdast-util-from-markdown set size:undefined disposed:false
1261 silly fetch manifest devlop@^1.0.0
1262 silly packumentCache full:https://registry.npmjs.org/devlop cache-miss
1263 http fetch GET 200 https://registry.npmjs.org/bail 26ms (cache miss)
1264 silly packumentCache full:https://registry.npmjs.org/bail set size:undefined disposed:false
1265 silly fetch manifest extend@^3.0.0
1266 silly packumentCache full:https://registry.npmjs.org/extend cache-miss
1267 http fetch GET 200 https://registry.npmjs.org/devlop 27ms (cache miss)
1268 silly packumentCache full:https://registry.npmjs.org/devlop set size:undefined disposed:false
1269 silly fetch manifest is-plain-obj@^4.0.0
1270 silly packumentCache full:https://registry.npmjs.org/is-plain-obj cache-miss
1271 http fetch GET 200 https://registry.npmjs.org/mdast-util-to-hast 65ms (cache miss)
1272 silly packumentCache full:https://registry.npmjs.org/mdast-util-to-hast set size:undefined disposed:false
1273 silly fetch manifest trough@^2.0.0
1274 silly packumentCache full:https://registry.npmjs.org/trough cache-miss
1275 http fetch GET 200 https://registry.npmjs.org/mdast-util-to-markdown 50ms (cache miss)
1276 silly packumentCache full:https://registry.npmjs.org/mdast-util-to-markdown set size:undefined disposed:false
1277 silly fetch manifest vfile@^6.0.0
1278 silly packumentCache full:https://registry.npmjs.org/vfile cache-miss
1279 http fetch GET 200 https://registry.npmjs.org/is-plain-obj 35ms (cache miss)
1280 silly packumentCache full:https://registry.npmjs.org/is-plain-obj set size:undefined disposed:false
1281 silly fetch manifest @types/unist@^3.0.0
1282 silly packumentCache full:https://registry.npmjs.org/@types%2funist cache-miss
1283 http fetch GET 200 https://registry.npmjs.org/trough 34ms (cache miss)
1284 silly packumentCache full:https://registry.npmjs.org/trough set size:undefined disposed:false
1285 silly fetch manifest unist-util-is@^6.0.0
1286 silly packumentCache full:https://registry.npmjs.org/unist-util-is cache-miss
1287 http fetch GET 200 https://registry.npmjs.org/unist-util-is 38ms (cache miss)
1288 silly packumentCache full:https://registry.npmjs.org/unist-util-is set size:undefined disposed:false
1289 silly fetch manifest unist-util-visit-parents@^6.0.0
1290 silly packumentCache full:https://registry.npmjs.org/unist-util-visit-parents cache-miss
1291 http fetch GET 200 https://registry.npmjs.org/@shikijs%2fvscode-textmate 526ms (cache miss)
1292 silly packumentCache full:https://registry.npmjs.org/@shikijs%2fvscode-textmate set size:undefined disposed:false
1293 http fetch GET 200 https://registry.npmjs.org/hast-util-to-mdast 299ms (cache miss)
1294 silly packumentCache full:https://registry.npmjs.org/hast-util-to-mdast set size:undefined disposed:false
1295 http fetch GET 200 https://registry.npmjs.org/@types%2fmdast 255ms (cache miss)
1296 silly packumentCache full:https://registry.npmjs.org/@types%2fmdast set size:undefined disposed:false
1297 http fetch GET 200 https://registry.npmjs.org/@types%2fmdast 291ms (cache miss)
1298 silly packumentCache full:https://registry.npmjs.org/@types%2fmdast set size:undefined disposed:false
1299 http fetch GET 200 https://registry.npmjs.org/@types%2fmdast 305ms (cache miss)
1300 silly packumentCache full:https://registry.npmjs.org/@types%2fmdast set size:undefined disposed:false
1301 http fetch GET 200 https://registry.npmjs.org/@types%2fmdast 327ms (cache miss)
1302 silly packumentCache full:https://registry.npmjs.org/@types%2fmdast set size:undefined disposed:false
1303 http fetch GET 200 https://registry.npmjs.org/@types%2fmdast 287ms (cache miss)
1304 silly packumentCache full:https://registry.npmjs.org/@types%2fmdast set size:undefined disposed:false
1305 http fetch GET 200 https://registry.npmjs.org/vfile 211ms (cache miss)
1306 silly packumentCache full:https://registry.npmjs.org/vfile set size:undefined disposed:false
1307 http fetch GET 200 https://registry.npmjs.org/vfile 318ms (cache miss)
1308 silly packumentCache full:https://registry.npmjs.org/vfile set size:undefined disposed:false
1309 http fetch GET 200 https://registry.npmjs.org/mdast-util-gfm 313ms (cache miss)
1310 silly packumentCache full:https://registry.npmjs.org/mdast-util-gfm set size:undefined disposed:false
1311 http fetch GET 200 https://registry.npmjs.org/vfile 293ms (cache miss)
1312 silly packumentCache full:https://registry.npmjs.org/vfile set size:undefined disposed:false
1313 http fetch GET 200 https://registry.npmjs.org/extend 289ms (cache miss)
1314 silly packumentCache full:https://registry.npmjs.org/extend set size:undefined disposed:false
1315 http fetch GET 200 https://registry.npmjs.org/unist-util-visit-parents 318ms (cache miss)
1316 silly packumentCache full:https://registry.npmjs.org/unist-util-visit-parents set size:undefined disposed:false
1317 http fetch GET 200 https://registry.npmjs.org/@types%2funist 488ms (cache miss)
1318 silly packumentCache full:https://registry.npmjs.org/@types%2funist set size:undefined disposed:false
1319 http fetch GET 200 https://registry.npmjs.org/@types%2funist 563ms (cache miss)
1320 silly packumentCache full:https://registry.npmjs.org/@types%2funist set size:undefined disposed:false
1321 silly fetch manifest react@^18.0 || ^19.0 || >= 19.0.0-rc
1322 silly packumentCache full:https://registry.npmjs.org/react cache-miss
1323 http cache https://registry.npmjs.org/react 17ms (cache hit)
1324 silly packumentCache full:https://registry.npmjs.org/react set size:6650647 disposed:false
1325 silly placeDep ROOT react-icons@5.6.0 OK for: @blocknote/mantine@0.50.0 want: ^5.5.0
1326 silly fetch manifest @types/react@^17.0.0 || ^18.0.0 || ^19.0.0
1327 silly packumentCache full:https://registry.npmjs.org/@types%2freact cache-miss
1328 http cache https://registry.npmjs.org/@types%2freact 7ms (cache hit)
1329 silly packumentCache full:https://registry.npmjs.org/@types%2freact set size:2588964 disposed:false
1330 silly fetch manifest @types/react-dom@^17.0.0 || ^18.0.0 || ^19.0.0
1331 silly packumentCache full:https://registry.npmjs.org/@types%2freact-dom cache-miss
1332 http cache https://registry.npmjs.org/@types%2freact-dom 10ms (cache hit)
1333 silly packumentCache full:https://registry.npmjs.org/@types%2freact-dom set size:429026 disposed:false
1334 silly fetch manifest react-dom@^18.0 || ^19.0 || >= 19.0.0-rc
1335 silly packumentCache full:https://registry.npmjs.org/react-dom cache-miss
1336 http cache https://registry.npmjs.org/react-dom 18ms (cache hit)
1337 silly packumentCache full:https://registry.npmjs.org/react-dom set size:8868827 disposed:false
1338 silly placeDep ROOT @floating-ui/react@0.27.19 OK for: @blocknote/react@0.50.0 want: ^0.27.18
1339 silly placeDep ROOT @floating-ui/utils@0.2.11 OK for: @blocknote/react@0.50.0 want: ^0.2.10
1340 silly placeDep ROOT @tanstack/react-store@0.7.7 OK for: @blocknote/react@0.50.0 want: 0.7.7
1341 silly placeDep ROOT @tiptap/react@3.23.4 OK for: @blocknote/react@0.50.0 want: ^3.13.0
1342 silly placeDep ROOT @types/use-sync-external-store@1.5.0 OK for: @blocknote/react@0.50.0 want: 1.5.0
1343 silly placeDep ROOT lodash.merge@4.6.2 OK for: @blocknote/react@0.50.0 want: ^4.6.2
1344 silly placeDep ROOT use-sync-external-store@1.6.0 OK for: @blocknote/react@0.50.0 want: 1.6.0
1345 silly fetch manifest tabbable@^6.0.0
1346 silly packumentCache full:https://registry.npmjs.org/tabbable cache-miss
1347 silly fetch manifest @floating-ui/react-dom@^2.1.8
1348 silly packumentCache full:https://registry.npmjs.org/@floating-ui%2freact-dom cache-miss
1349 silly fetch manifest @floating-ui/utils@^0.2.11
1350 silly packumentCache full:https://registry.npmjs.org/@floating-ui%2futils cache-miss
1351 silly fetch manifest use-sync-external-store@^1.5.0
1352 silly packumentCache full:https://registry.npmjs.org/use-sync-external-store cache-miss
1353 silly fetch manifest @types/use-sync-external-store@^0.0.6
1354 silly packumentCache full:https://registry.npmjs.org/@types%2fuse-sync-external-store cache-miss
1355 silly fetch manifest fast-equals@^5.3.3
1356 silly packumentCache full:https://registry.npmjs.org/fast-equals cache-miss
1357 silly fetch manifest use-sync-external-store@^1.4.0
1358 silly packumentCache full:https://registry.npmjs.org/use-sync-external-store cache-miss
1359 silly fetch manifest @tiptap/extension-bubble-menu@^3.23.4
1360 silly packumentCache full:https://registry.npmjs.org/@tiptap%2fextension-bubble-menu cache-miss
1361 silly fetch manifest @tiptap/extension-floating-menu@^3.23.4
1362 silly packumentCache full:https://registry.npmjs.org/@tiptap%2fextension-floating-menu cache-miss
1363 http cache https://registry.npmjs.org/@floating-ui%2futils 10ms (cache hit)
1364 silly packumentCache full:https://registry.npmjs.org/@floating-ui%2futils set size:51278 disposed:false
1365 http cache https://registry.npmjs.org/use-sync-external-store 18ms (cache hit)
1366 silly packumentCache full:https://registry.npmjs.org/use-sync-external-store set size:4675268 disposed:false
1367 http cache https://registry.npmjs.org/@types%2fuse-sync-external-store 43ms (cache hit)
1368 silly packumentCache full:https://registry.npmjs.org/@types%2fuse-sync-external-store set size:14540 disposed:false
1369 http cache https://registry.npmjs.org/use-sync-external-store 50ms (cache hit)
1370 silly packumentCache full:https://registry.npmjs.org/use-sync-external-store set size:4675268 disposed:false
1371 http fetch GET 200 https://registry.npmjs.org/tabbable 86ms (cache miss)
1372 silly packumentCache full:https://registry.npmjs.org/tabbable set size:undefined disposed:false
1373 http fetch GET 200 https://registry.npmjs.org/@floating-ui%2freact-dom 179ms (cache miss)
1374 silly packumentCache full:https://registry.npmjs.org/@floating-ui%2freact-dom set size:undefined disposed:false
1375 http fetch GET 200 https://registry.npmjs.org/fast-equals 316ms (cache miss)
1376 silly packumentCache full:https://registry.npmjs.org/fast-equals set size:undefined disposed:false
1377 http fetch GET 200 https://registry.npmjs.org/@tiptap%2fextension-bubble-menu 766ms (cache miss)
1378 silly packumentCache full:https://registry.npmjs.org/@tiptap%2fextension-bubble-menu set size:undefined disposed:false
1379 http fetch GET 200 https://registry.npmjs.org/@tiptap%2fextension-floating-menu 857ms (cache miss)
1380 silly packumentCache full:https://registry.npmjs.org/@tiptap%2fextension-floating-menu set size:undefined disposed:false
1381 silly fetch manifest react@>=17.0.0
1382 silly packumentCache full:https://registry.npmjs.org/react cache-miss
1383 http cache https://registry.npmjs.org/react 16ms (cache hit)
1384 silly packumentCache full:https://registry.npmjs.org/react set size:6650647 disposed:false
1385 silly fetch manifest react-dom@>=17.0.0
1386 silly packumentCache full:https://registry.npmjs.org/react-dom cache-miss
1387 http cache https://registry.npmjs.org/react-dom 16ms (cache hit)
1388 silly packumentCache full:https://registry.npmjs.org/react-dom set size:8868827 disposed:false
1389 silly placeDep ROOT @floating-ui/react-dom@2.1.8 OK for: @floating-ui/react@0.27.19 want: ^2.1.8
1390 silly placeDep ROOT tabbable@6.4.0 OK for: @floating-ui/react@0.27.19 want: ^6.0.0
1391 silly fetch manifest @floating-ui/dom@^1.7.6
1392 silly packumentCache full:https://registry.npmjs.org/@floating-ui%2fdom cache-miss
1393 http fetch GET 200 https://registry.npmjs.org/@floating-ui%2fdom 54ms (cache miss)
1394 silly packumentCache full:https://registry.npmjs.org/@floating-ui%2fdom set size:undefined disposed:false
1395 silly placeDep ROOT @floating-ui/dom@1.7.6 OK for: @floating-ui/react-dom@2.1.8 want: ^1.7.6
1396 silly fetch manifest @floating-ui/core@^1.7.5
1397 silly packumentCache full:https://registry.npmjs.org/@floating-ui%2fcore cache-miss
1398 http fetch GET 200 https://registry.npmjs.org/@floating-ui%2fcore 64ms (cache miss)
1399 silly packumentCache full:https://registry.npmjs.org/@floating-ui%2fcore set size:undefined disposed:false
1400 silly placeDep ROOT @floating-ui/core@1.7.5 OK for: @floating-ui/dom@1.7.6 want: ^1.7.5
1401 silly placeDep ROOT prosemirror-history@1.5.0 OK for: @handlewithcare/prosemirror-inputrules@0.1.4 want: ^1.4.1
1402 silly fetch manifest rope-sequence@^1.3.0
1403 silly packumentCache full:https://registry.npmjs.org/rope-sequence cache-miss
1404 http fetch GET 200 https://registry.npmjs.org/rope-sequence 292ms (cache miss)
1405 silly packumentCache full:https://registry.npmjs.org/rope-sequence set size:undefined disposed:false
1406 silly fetch manifest react@^19.2.0
1407 silly packumentCache full:https://registry.npmjs.org/react cache-miss
1408 http cache https://registry.npmjs.org/react 18ms (cache hit)
1409 silly packumentCache full:https://registry.npmjs.org/react set size:6650647 disposed:false
1410 silly fetch manifest react-dom@^19.2.0
1411 silly packumentCache full:https://registry.npmjs.org/react-dom cache-miss
1412 http cache https://registry.npmjs.org/react-dom 20ms (cache hit)
1413 silly packumentCache full:https://registry.npmjs.org/react-dom set size:8868827 disposed:false
1414 silly fetch manifest @types/react@*
1415 silly packumentCache full:https://registry.npmjs.org/@types%2freact cache-miss
1416 http cache https://registry.npmjs.org/@types%2freact 9ms (cache hit)
1417 silly packumentCache full:https://registry.npmjs.org/@types%2freact set size:2588964 disposed:false
1418 silly placeDep ROOT react-number-format@5.4.5 OK for: @mantine/core@9.2.1 want: ^5.4.5
1419 silly placeDep ROOT react-remove-scroll@2.7.2 OK for: @mantine/core@9.2.1 want: ^2.7.2
1420 silly placeDep ROOT type-fest@5.6.0 OK for: @mantine/core@9.2.1 want: ^5.6.0
1421 silly fetch manifest react-remove-scroll-bar@^2.3.7
1422 silly packumentCache full:https://registry.npmjs.org/react-remove-scroll-bar cache-miss
1423 silly fetch manifest react-style-singleton@^2.2.3
1424 silly packumentCache full:https://registry.npmjs.org/react-style-singleton cache-miss
1425 silly fetch manifest tslib@^2.1.0
1426 silly packumentCache full:https://registry.npmjs.org/tslib cache-miss
1427 silly fetch manifest use-callback-ref@^1.3.3
1428 silly packumentCache full:https://registry.npmjs.org/use-callback-ref cache-miss
1429 silly fetch manifest use-sidecar@^1.1.3
1430 silly packumentCache full:https://registry.npmjs.org/use-sidecar cache-miss
1431 silly fetch manifest tagged-tag@^1.0.0
1432 silly packumentCache full:https://registry.npmjs.org/tagged-tag cache-miss
1433 http fetch GET 200 https://registry.npmjs.org/tagged-tag 37ms (cache miss)
1434 silly packumentCache full:https://registry.npmjs.org/tagged-tag set size:undefined disposed:false
1435 http fetch GET 200 https://registry.npmjs.org/react-style-singleton 40ms (cache miss)
1436 silly packumentCache full:https://registry.npmjs.org/react-style-singleton set size:undefined disposed:false
1437 http fetch GET 200 https://registry.npmjs.org/use-callback-ref 41ms (cache miss)
1438 silly packumentCache full:https://registry.npmjs.org/use-callback-ref set size:undefined disposed:false
1439 http fetch GET 200 https://registry.npmjs.org/react-remove-scroll-bar 51ms (cache miss)
1440 silly packumentCache full:https://registry.npmjs.org/react-remove-scroll-bar set size:undefined disposed:false
1441 http fetch GET 200 https://registry.npmjs.org/tslib 53ms (cache miss)
1442 silly packumentCache full:https://registry.npmjs.org/tslib set size:undefined disposed:false
1443 http fetch GET 200 https://registry.npmjs.org/use-sidecar 308ms (cache miss)
1444 silly packumentCache full:https://registry.npmjs.org/use-sidecar set size:undefined disposed:false
1445 silly placeDep ROOT @prisma/driver-adapter-utils@7.8.0 OK for: @prisma/adapter-mariadb@7.8.0 want: 7.8.0
1446 silly placeDep ROOT mariadb@3.4.5 OK for: @prisma/adapter-mariadb@7.8.0 want: 3.4.5
1447 silly fetch manifest @prisma/debug@7.8.0
1448 silly packumentCache full:https://registry.npmjs.org/@prisma%2fdebug cache-miss
1449 silly fetch manifest denque@^2.1.0
1450 silly packumentCache full:https://registry.npmjs.org/denque cache-miss
1451 silly fetch manifest lru-cache@^10.4.3
1452 silly packumentCache full:https://registry.npmjs.org/lru-cache cache-miss
1453 silly fetch manifest iconv-lite@^0.6.3
1454 silly packumentCache full:https://registry.npmjs.org/iconv-lite cache-miss
1455 silly fetch manifest @types/node@^24.0.13
1456 silly packumentCache full:https://registry.npmjs.org/@types%2fnode cache-miss
1457 silly fetch manifest @types/geojson@^7946.0.16
1458 silly packumentCache full:https://registry.npmjs.org/@types%2fgeojson cache-miss
1459 http cache https://registry.npmjs.org/@types%2fnode 27ms (cache hit)
1460 silly packumentCache full:https://registry.npmjs.org/@types%2fnode set size:11008407 disposed:false
1461 http fetch GET 200 https://registry.npmjs.org/iconv-lite 107ms (cache miss)
1462 silly packumentCache full:https://registry.npmjs.org/iconv-lite set size:undefined disposed:false
1463 http fetch GET 200 https://registry.npmjs.org/lru-cache 111ms (cache miss)
1464 silly packumentCache full:https://registry.npmjs.org/lru-cache set size:undefined disposed:false
1465 http fetch GET 200 https://registry.npmjs.org/denque 318ms (cache miss)
1466 silly packumentCache full:https://registry.npmjs.org/denque set size:undefined disposed:false
1467 http fetch GET 200 https://registry.npmjs.org/@types%2fgeojson 604ms (cache miss)
1468 silly packumentCache full:https://registry.npmjs.org/@types%2fgeojson set size:undefined disposed:false
1469 http fetch GET 200 https://registry.npmjs.org/@prisma%2fdebug 1723ms (cache miss)
1470 silly packumentCache full:https://registry.npmjs.org/@prisma%2fdebug set size:undefined disposed:false
1471 silly placeDep ROOT @prisma/client-runtime-utils@7.8.0 OK for: @prisma/client@7.8.0 want: 7.8.0
1472 silly placeDep ROOT @prisma/debug@7.8.0 OK for: @prisma/driver-adapter-utils@7.8.0 want: 7.8.0
1473 silly fetch manifest react@^16.8 || ^17.0 || ^18.0 || ^19.0 || ^19.0.0-rc
1474 silly packumentCache full:https://registry.npmjs.org/react cache-miss
1475 http cache https://registry.npmjs.org/react 15ms (cache hit)
1476 silly packumentCache full:https://registry.npmjs.org/react set size:6650647 disposed:false
1477 silly fetch manifest @types/react-dom@*
1478 silly packumentCache full:https://registry.npmjs.org/@types%2freact-dom cache-hit
1479 silly fetch manifest react-dom@^16.8 || ^17.0 || ^18.0 || ^19.0 || ^19.0.0-rc
1480 silly packumentCache full:https://registry.npmjs.org/react-dom cache-miss
1481 http cache https://registry.npmjs.org/react-dom 17ms (cache hit)
1482 silly packumentCache full:https://registry.npmjs.org/react-dom set size:8868827 disposed:false
1483 silly placeDep ROOT @radix-ui/primitive@1.1.3 OK for: @radix-ui/react-dialog@1.1.15 want: 1.1.3
1484 silly placeDep ROOT @radix-ui/react-compose-refs@1.1.2 OK for: @radix-ui/react-dialog@1.1.15 want: 1.1.2
1485 silly placeDep ROOT @radix-ui/react-context@1.1.2 OK for: @radix-ui/react-dialog@1.1.15 want: 1.1.2
1486 silly placeDep ROOT @radix-ui/react-dismissable-layer@1.1.11 OK for: @radix-ui/react-dialog@1.1.15 want: 1.1.11
1487 silly placeDep ROOT @radix-ui/react-focus-guards@1.1.3 OK for: @radix-ui/react-dialog@1.1.15 want: 1.1.3
1488 silly placeDep ROOT @radix-ui/react-focus-scope@1.1.7 OK for: @radix-ui/react-dialog@1.1.15 want: 1.1.7
1489 silly placeDep ROOT @radix-ui/react-id@1.1.1 OK for: @radix-ui/react-dialog@1.1.15 want: 1.1.1
1490 silly placeDep ROOT @radix-ui/react-portal@1.1.9 OK for: @radix-ui/react-dialog@1.1.15 want: 1.1.9
1491 silly placeDep ROOT @radix-ui/react-presence@1.1.5 OK for: @radix-ui/react-dialog@1.1.15 want: 1.1.5
1492 silly placeDep ROOT @radix-ui/react-primitive@2.1.3 OK for: @radix-ui/react-dialog@1.1.15 want: 2.1.3
1493 silly placeDep node_modules/@radix-ui/react-dialog @radix-ui/react-slot@1.2.3 OK for: @radix-ui/react-dialog@1.1.15 want: 1.2.3
1494 silly placeDep ROOT @radix-ui/react-use-controllable-state@1.2.2 OK for: @radix-ui/react-dialog@1.1.15 want: 1.2.2
1495 silly placeDep ROOT aria-hidden@1.2.6 OK for: @radix-ui/react-dialog@1.1.15 want: ^1.2.4
1496 silly fetch manifest @radix-ui/react-use-escape-keydown@1.1.1
1497 silly packumentCache full:https://registry.npmjs.org/@radix-ui%2freact-use-escape-keydown cache-miss
1498 silly fetch manifest @radix-ui/react-use-effect-event@0.0.2
1499 silly packumentCache full:https://registry.npmjs.org/@radix-ui%2freact-use-effect-event cache-miss
1500 silly fetch manifest tslib@^2.0.0
1501 silly packumentCache full:https://registry.npmjs.org/tslib cache-miss
1502 http cache https://registry.npmjs.org/tslib 5ms (cache hit)
1503 silly packumentCache full:https://registry.npmjs.org/tslib set size:108760 disposed:false
1504 http fetch GET 200 https://registry.npmjs.org/@radix-ui%2freact-use-escape-keydown 71ms (cache miss)
1505 silly packumentCache full:https://registry.npmjs.org/@radix-ui%2freact-use-escape-keydown set size:undefined disposed:false
1506 http fetch GET 200 https://registry.npmjs.org/@radix-ui%2freact-use-effect-event 255ms (cache miss)
1507 silly packumentCache full:https://registry.npmjs.org/@radix-ui%2freact-use-effect-event set size:undefined disposed:false
1508 silly placeDep ROOT @radix-ui/react-use-callback-ref@1.1.1 OK for: @radix-ui/react-dismissable-layer@1.1.11 want: 1.1.1
1509 silly placeDep ROOT @radix-ui/react-use-escape-keydown@1.1.1 OK for: @radix-ui/react-dismissable-layer@1.1.11 want: 1.1.1
1510 silly placeDep ROOT @radix-ui/react-menu@2.1.16 OK for: @radix-ui/react-dropdown-menu@2.1.16 want: 2.1.16
1511 silly placeDep ROOT @radix-ui/react-use-layout-effect@1.1.1 OK for: @radix-ui/react-id@1.1.1 want: 1.1.1
1512 silly placeDep ROOT @radix-ui/react-collection@1.1.7 OK for: @radix-ui/react-menu@2.1.16 want: 1.1.7
1513 silly placeDep ROOT @radix-ui/react-direction@1.1.1 OK for: @radix-ui/react-menu@2.1.16 want: 1.1.1
1514 silly placeDep ROOT @radix-ui/react-popper@1.2.8 OK for: @radix-ui/react-menu@2.1.16 want: 1.2.8
1515 silly placeDep ROOT @radix-ui/react-roving-focus@1.1.11 OK for: @radix-ui/react-menu@2.1.16 want: 1.1.11
1516 silly placeDep node_modules/@radix-ui/react-menu @radix-ui/react-slot@1.2.3 OK for: @radix-ui/react-menu@2.1.16 want: 1.2.3
1517 silly fetch manifest @radix-ui/rect@1.1.1
1518 silly packumentCache full:https://registry.npmjs.org/@radix-ui%2frect cache-miss
1519 silly fetch manifest @radix-ui/react-arrow@1.1.7
1520 silly packumentCache full:https://registry.npmjs.org/@radix-ui%2freact-arrow cache-miss
1521 silly fetch manifest @radix-ui/react-use-rect@1.1.1
1522 silly packumentCache full:https://registry.npmjs.org/@radix-ui%2freact-use-rect cache-miss
1523 http fetch GET 200 https://registry.npmjs.org/@radix-ui%2frect 45ms (cache miss)
1524 silly packumentCache full:https://registry.npmjs.org/@radix-ui%2frect set size:undefined disposed:false
1525 http fetch GET 200 https://registry.npmjs.org/@radix-ui%2freact-arrow 242ms (cache miss)
1526 silly packumentCache full:https://registry.npmjs.org/@radix-ui%2freact-arrow set size:undefined disposed:false
1527 http fetch GET 200 https://registry.npmjs.org/@radix-ui%2freact-use-rect 299ms (cache miss)
1528 silly packumentCache full:https://registry.npmjs.org/@radix-ui%2freact-use-rect set size:undefined disposed:false
1529 silly placeDep node_modules/@radix-ui/react-collection @radix-ui/react-slot@1.2.3 OK for: @radix-ui/react-collection@1.1.7 want: 1.2.3
1530 silly placeDep node_modules/@radix-ui/react-popover @radix-ui/react-slot@1.2.3 OK for: @radix-ui/react-popover@1.1.15 want: 1.2.3
1531 silly placeDep ROOT @radix-ui/react-arrow@1.1.7 OK for: @radix-ui/react-popper@1.2.8 want: 1.1.7
1532 silly placeDep ROOT @radix-ui/react-use-rect@1.1.1 OK for: @radix-ui/react-popper@1.2.8 want: 1.1.1
1533 silly placeDep ROOT @radix-ui/react-use-size@1.1.1 OK for: @radix-ui/react-popper@1.2.8 want: 1.1.1
1534 silly placeDep ROOT @radix-ui/rect@1.1.1 OK for: @radix-ui/react-popper@1.2.8 want: 1.1.1
1535 silly placeDep node_modules/@radix-ui/react-primitive @radix-ui/react-slot@1.2.3 OK for: @radix-ui/react-primitive@2.1.3 want: 1.2.3
1536 silly placeDep ROOT @radix-ui/number@1.1.1 OK for: @radix-ui/react-select@2.2.6 want: 1.1.1
1537 silly placeDep node_modules/@radix-ui/react-select @radix-ui/react-slot@1.2.3 OK for: @radix-ui/react-select@2.2.6 want: 1.2.3
1538 silly placeDep ROOT @radix-ui/react-use-previous@1.1.1 OK for: @radix-ui/react-select@2.2.6 want: 1.1.1
1539 silly placeDep ROOT @radix-ui/react-visually-hidden@1.2.3 OK for: @radix-ui/react-select@2.2.6 want: 1.2.3
1540 silly placeDep ROOT @radix-ui/react-use-effect-event@0.0.2 OK for: @radix-ui/react-use-controllable-state@1.2.2 want: 0.0.2
1541 silly placeDep ROOT @shikijs/vscode-textmate@10.0.2 OK for: @shikijs/types@4.0.2 want: ^10.0.2
1542 silly placeDep ROOT @types/hast@3.0.4 OK for: @shikijs/types@4.0.2 want: ^3.0.4
1543 silly fetch manifest @types/unist@*
1544 silly packumentCache full:https://registry.npmjs.org/@types%2funist cache-miss
1545 http cache https://registry.npmjs.org/@types%2funist 2ms (cache hit)
1546 silly packumentCache full:https://registry.npmjs.org/@types%2funist set size:39215 disposed:false
1547 silly placeDep ROOT @alloc/quick-lru@5.2.0 OK for: @tailwindcss/postcss@4.3.0 want: ^5.2.0
1548 silly placeDep ROOT @tailwindcss/node@4.3.0 OK for: @tailwindcss/postcss@4.3.0 want: 4.3.0
1549 silly placeDep ROOT @tailwindcss/oxide@4.3.0 OK for: @tailwindcss/postcss@4.3.0 want: 4.3.0
1550 silly placeDep ROOT postcss@8.5.14 OK for: @tailwindcss/postcss@4.3.0 want: ^8.5.10
1551 silly fetch manifest jiti@^2.6.1
1552 silly packumentCache full:https://registry.npmjs.org/jiti cache-miss
1553 silly fetch manifest lightningcss@1.32.0
1554 silly packumentCache full:https://registry.npmjs.org/lightningcss cache-miss
1555 silly fetch manifest magic-string@^0.30.21
1556 silly packumentCache full:https://registry.npmjs.org/magic-string cache-miss
1557 silly fetch manifest source-map-js@^1.2.1
1558 silly packumentCache full:https://registry.npmjs.org/source-map-js cache-miss
1559 silly fetch manifest enhanced-resolve@^5.21.0
1560 silly packumentCache full:https://registry.npmjs.org/enhanced-resolve cache-miss
1561 silly fetch manifest @jridgewell/remapping@^2.3.5
1562 silly packumentCache full:https://registry.npmjs.org/@jridgewell%2fremapping cache-miss
1563 silly fetch manifest @tailwindcss/oxide-darwin-x64@4.3.0
1564 silly packumentCache full:https://registry.npmjs.org/@tailwindcss%2foxide-darwin-x64 cache-miss
1565 silly fetch manifest @tailwindcss/oxide-freebsd-x64@4.3.0
1566 silly packumentCache full:https://registry.npmjs.org/@tailwindcss%2foxide-freebsd-x64 cache-miss
1567 silly fetch manifest @tailwindcss/oxide-wasm32-wasi@4.3.0
1568 silly packumentCache full:https://registry.npmjs.org/@tailwindcss%2foxide-wasm32-wasi cache-miss
1569 silly fetch manifest @tailwindcss/oxide-darwin-arm64@4.3.0
1570 silly packumentCache full:https://registry.npmjs.org/@tailwindcss%2foxide-darwin-arm64 cache-miss
1571 silly fetch manifest @tailwindcss/oxide-android-arm64@4.3.0
1572 silly packumentCache full:https://registry.npmjs.org/@tailwindcss%2foxide-android-arm64 cache-miss
1573 silly fetch manifest @tailwindcss/oxide-linux-x64-gnu@4.3.0
1574 silly packumentCache full:https://registry.npmjs.org/@tailwindcss%2foxide-linux-x64-gnu cache-miss
1575 silly fetch manifest @tailwindcss/oxide-linux-x64-musl@4.3.0
1576 silly packumentCache full:https://registry.npmjs.org/@tailwindcss%2foxide-linux-x64-musl cache-miss
1577 silly fetch manifest @tailwindcss/oxide-win32-x64-msvc@4.3.0
1578 silly packumentCache full:https://registry.npmjs.org/@tailwindcss%2foxide-win32-x64-msvc cache-miss
1579 silly fetch manifest @tailwindcss/oxide-linux-arm64-gnu@4.3.0
1580 silly packumentCache full:https://registry.npmjs.org/@tailwindcss%2foxide-linux-arm64-gnu cache-miss
1581 http cache https://registry.npmjs.org/jiti 12ms (cache hit)
1582 silly packumentCache full:https://registry.npmjs.org/jiti set size:387989 disposed:false
1583 silly fetch manifest @tailwindcss/oxide-linux-arm64-musl@4.3.0
1584 silly packumentCache full:https://registry.npmjs.org/@tailwindcss%2foxide-linux-arm64-musl cache-miss
1585 http fetch GET 200 https://registry.npmjs.org/lightningcss 41ms (cache miss)
1586 silly packumentCache full:https://registry.npmjs.org/lightningcss set size:undefined disposed:false
1587 silly fetch manifest @tailwindcss/oxide-win32-arm64-msvc@4.3.0
1588 silly packumentCache full:https://registry.npmjs.org/@tailwindcss%2foxide-win32-arm64-msvc cache-miss
1589 http fetch GET 200 https://registry.npmjs.org/source-map-js 52ms (cache miss)
1590 silly packumentCache full:https://registry.npmjs.org/source-map-js set size:undefined disposed:false
1591 silly fetch manifest @tailwindcss/oxide-linux-arm-gnueabihf@4.3.0
1592 silly packumentCache full:https://registry.npmjs.org/@tailwindcss%2foxide-linux-arm-gnueabihf cache-miss
1593 http fetch GET 200 https://registry.npmjs.org/@jridgewell%2fremapping 53ms (cache miss)
1594 silly packumentCache full:https://registry.npmjs.org/@jridgewell%2fremapping set size:undefined disposed:false
1595 silly fetch manifest nanoid@^3.3.11
1596 silly packumentCache full:https://registry.npmjs.org/nanoid cache-miss
1597 http fetch GET 200 https://registry.npmjs.org/magic-string 64ms (cache miss)
1598 silly packumentCache full:https://registry.npmjs.org/magic-string set size:undefined disposed:false
1599 silly fetch manifest picocolors@^1.1.1
1600 silly packumentCache full:https://registry.npmjs.org/picocolors cache-miss
1601 http fetch GET 200 https://registry.npmjs.org/@tailwindcss%2foxide-android-arm64 98ms (cache miss)
1602 silly packumentCache full:https://registry.npmjs.org/@tailwindcss%2foxide-android-arm64 set size:undefined disposed:false
1603 http fetch GET 200 https://registry.npmjs.org/enhanced-resolve 115ms (cache miss)
1604 silly packumentCache full:https://registry.npmjs.org/enhanced-resolve set size:undefined disposed:false
1605 http fetch GET 200 https://registry.npmjs.org/picocolors 53ms (cache miss)
1606 silly packumentCache full:https://registry.npmjs.org/picocolors set size:undefined disposed:false
1607 http fetch GET 200 https://registry.npmjs.org/@tailwindcss%2foxide-win32-arm64-msvc 249ms (cache miss)
1608 silly packumentCache full:https://registry.npmjs.org/@tailwindcss%2foxide-win32-arm64-msvc set size:undefined disposed:false
1609 http fetch GET 200 https://registry.npmjs.org/@tailwindcss%2foxide-darwin-x64 338ms (cache miss)
1610 silly packumentCache full:https://registry.npmjs.org/@tailwindcss%2foxide-darwin-x64 set size:undefined disposed:false
1611 http fetch GET 200 https://registry.npmjs.org/@tailwindcss%2foxide-linux-arm64-gnu 368ms (cache miss)
1612 silly packumentCache full:https://registry.npmjs.org/@tailwindcss%2foxide-linux-arm64-gnu set size:undefined disposed:false
1613 http fetch GET 200 https://registry.npmjs.org/@tailwindcss%2foxide-wasm32-wasi 419ms (cache miss)
1614 silly packumentCache full:https://registry.npmjs.org/@tailwindcss%2foxide-wasm32-wasi set size:undefined disposed:false
1615 http fetch GET 200 https://registry.npmjs.org/nanoid 377ms (cache miss)
1616 silly packumentCache full:https://registry.npmjs.org/nanoid set size:undefined disposed:false
1617 http fetch GET 200 https://registry.npmjs.org/@tailwindcss%2foxide-win32-x64-msvc 433ms (cache miss)
1618 silly packumentCache full:https://registry.npmjs.org/@tailwindcss%2foxide-win32-x64-msvc set size:undefined disposed:false
1619 http fetch GET 200 https://registry.npmjs.org/@tailwindcss%2foxide-linux-arm64-musl 457ms (cache miss)
1620 silly packumentCache full:https://registry.npmjs.org/@tailwindcss%2foxide-linux-arm64-musl set size:undefined disposed:false
1621 http fetch GET 200 https://registry.npmjs.org/@tailwindcss%2foxide-linux-x64-musl 487ms (cache miss)
1622 silly packumentCache full:https://registry.npmjs.org/@tailwindcss%2foxide-linux-x64-musl set size:undefined disposed:false
1623 http fetch GET 200 https://registry.npmjs.org/@tailwindcss%2foxide-linux-x64-gnu 512ms (cache miss)
1624 silly packumentCache full:https://registry.npmjs.org/@tailwindcss%2foxide-linux-x64-gnu set size:undefined disposed:false
1625 http fetch GET 200 https://registry.npmjs.org/@tailwindcss%2foxide-darwin-arm64 536ms (cache miss)
1626 silly packumentCache full:https://registry.npmjs.org/@tailwindcss%2foxide-darwin-arm64 set size:undefined disposed:false
1627 http fetch GET 200 https://registry.npmjs.org/@tailwindcss%2foxide-freebsd-x64 551ms (cache miss)
1628 silly packumentCache full:https://registry.npmjs.org/@tailwindcss%2foxide-freebsd-x64 set size:undefined disposed:false
1629 http fetch GET 200 https://registry.npmjs.org/@tailwindcss%2foxide-linux-arm-gnueabihf 624ms (cache miss)
1630 silly packumentCache full:https://registry.npmjs.org/@tailwindcss%2foxide-linux-arm-gnueabihf set size:undefined disposed:false
1631 silly placeDep ROOT @jridgewell/remapping@2.3.5 OK for: @tailwindcss/node@4.3.0 want: ^2.3.5
1632 silly placeDep ROOT enhanced-resolve@5.21.3 OK for: @tailwindcss/node@4.3.0 want: ^5.21.0
1633 silly placeDep ROOT jiti@2.7.0 OK for: @tailwindcss/node@4.3.0 want: ^2.6.1
1634 silly placeDep ROOT lightningcss@1.32.0 OK for: @tailwindcss/node@4.3.0 want: 1.32.0
1635 silly placeDep ROOT magic-string@0.30.21 OK for: @tailwindcss/node@4.3.0 want: ^0.30.21
1636 silly placeDep ROOT source-map-js@1.2.1 OK for: @tailwindcss/node@4.3.0 want: ^1.2.1
1637 silly fetch manifest @jridgewell/gen-mapping@^0.3.5
1638 silly packumentCache full:https://registry.npmjs.org/@jridgewell%2fgen-mapping cache-miss
1639 silly fetch manifest @jridgewell/trace-mapping@^0.3.24
1640 silly packumentCache full:https://registry.npmjs.org/@jridgewell%2ftrace-mapping cache-miss
1641 silly fetch manifest graceful-fs@^4.2.4
1642 silly packumentCache full:https://registry.npmjs.org/graceful-fs cache-miss
1643 silly fetch manifest tapable@^2.3.3
1644 silly packumentCache full:https://registry.npmjs.org/tapable cache-miss
1645 silly fetch manifest detect-libc@^2.0.3
1646 silly packumentCache full:https://registry.npmjs.org/detect-libc cache-miss
1647 silly fetch manifest lightningcss-darwin-x64@1.32.0
1648 silly packumentCache full:https://registry.npmjs.org/lightningcss-darwin-x64 cache-miss
1649 silly fetch manifest lightningcss-linux-x64-gnu@1.32.0
1650 silly packumentCache full:https://registry.npmjs.org/lightningcss-linux-x64-gnu cache-miss
1651 silly fetch manifest lightningcss-win32-x64-msvc@1.32.0
1652 silly packumentCache full:https://registry.npmjs.org/lightningcss-win32-x64-msvc cache-miss
1653 silly fetch manifest lightningcss-win32-arm64-msvc@1.32.0
1654 silly packumentCache full:https://registry.npmjs.org/lightningcss-win32-arm64-msvc cache-miss
1655 silly fetch manifest lightningcss-darwin-arm64@1.32.0
1656 silly packumentCache full:https://registry.npmjs.org/lightningcss-darwin-arm64 cache-miss
1657 silly fetch manifest lightningcss-linux-arm64-gnu@1.32.0
1658 silly packumentCache full:https://registry.npmjs.org/lightningcss-linux-arm64-gnu cache-miss
1659 silly fetch manifest lightningcss-linux-arm-gnueabihf@1.32.0
1660 silly packumentCache full:https://registry.npmjs.org/lightningcss-linux-arm-gnueabihf cache-miss
1661 silly fetch manifest lightningcss-linux-arm64-musl@1.32.0
1662 silly packumentCache full:https://registry.npmjs.org/lightningcss-linux-arm64-musl cache-miss
1663 silly fetch manifest lightningcss-linux-x64-musl@1.32.0
1664 silly packumentCache full:https://registry.npmjs.org/lightningcss-linux-x64-musl cache-miss
1665 silly fetch manifest lightningcss-freebsd-x64@1.32.0
1666 silly packumentCache full:https://registry.npmjs.org/lightningcss-freebsd-x64 cache-miss
1667 http fetch GET 200 https://registry.npmjs.org/detect-libc 56ms (cache miss)
1668 silly packumentCache full:https://registry.npmjs.org/detect-libc set size:undefined disposed:false
1669 silly fetch manifest lightningcss-android-arm64@1.32.0
1670 silly packumentCache full:https://registry.npmjs.org/lightningcss-android-arm64 cache-miss
1671 http fetch GET 200 https://registry.npmjs.org/lightningcss-win32-arm64-msvc 59ms (cache miss)
1672 silly packumentCache full:https://registry.npmjs.org/lightningcss-win32-arm64-msvc set size:undefined disposed:false
1673 silly fetch manifest @jridgewell/sourcemap-codec@^1.5.5
1674 silly packumentCache full:https://registry.npmjs.org/@jridgewell%2fsourcemap-codec cache-miss
1675 http fetch GET 200 https://registry.npmjs.org/lightningcss-linux-arm64-gnu 59ms (cache miss)
1676 silly packumentCache full:https://registry.npmjs.org/lightningcss-linux-arm64-gnu set size:undefined disposed:false
1677 http fetch GET 200 https://registry.npmjs.org/lightningcss-darwin-x64 62ms (cache miss)
1678 silly packumentCache full:https://registry.npmjs.org/lightningcss-darwin-x64 set size:undefined disposed:false
1679 http fetch GET 200 https://registry.npmjs.org/lightningcss-freebsd-x64 62ms (cache miss)
1680 silly packumentCache full:https://registry.npmjs.org/lightningcss-freebsd-x64 set size:undefined disposed:false
1681 http fetch GET 200 https://registry.npmjs.org/@jridgewell%2fgen-mapping 67ms (cache miss)
1682 silly packumentCache full:https://registry.npmjs.org/@jridgewell%2fgen-mapping set size:undefined disposed:false
1683 http fetch GET 200 https://registry.npmjs.org/lightningcss-linux-x64-musl 64ms (cache miss)
1684 silly packumentCache full:https://registry.npmjs.org/lightningcss-linux-x64-musl set size:undefined disposed:false
1685 http fetch GET 200 https://registry.npmjs.org/tapable 68ms (cache miss)
1686 silly packumentCache full:https://registry.npmjs.org/tapable set size:undefined disposed:false
1687 http fetch GET 200 https://registry.npmjs.org/lightningcss-win32-x64-msvc 69ms (cache miss)
1688 silly packumentCache full:https://registry.npmjs.org/lightningcss-win32-x64-msvc set size:undefined disposed:false
1689 http fetch GET 200 https://registry.npmjs.org/lightningcss-linux-arm64-musl 69ms (cache miss)
1690 silly packumentCache full:https://registry.npmjs.org/lightningcss-linux-arm64-musl set size:undefined disposed:false
1691 http fetch GET 200 https://registry.npmjs.org/lightningcss-darwin-arm64 70ms (cache miss)
1692 silly packumentCache full:https://registry.npmjs.org/lightningcss-darwin-arm64 set size:undefined disposed:false
1693 http fetch GET 200 https://registry.npmjs.org/lightningcss-linux-x64-gnu 72ms (cache miss)
1694 silly packumentCache full:https://registry.npmjs.org/lightningcss-linux-x64-gnu set size:undefined disposed:false
1695 http fetch GET 200 https://registry.npmjs.org/lightningcss-linux-arm-gnueabihf 72ms (cache miss)
1696 silly packumentCache full:https://registry.npmjs.org/lightningcss-linux-arm-gnueabihf set size:undefined disposed:false
1697 http fetch GET 200 https://registry.npmjs.org/graceful-fs 75ms (cache miss)
1698 silly packumentCache full:https://registry.npmjs.org/graceful-fs set size:undefined disposed:false
1699 http fetch GET 200 https://registry.npmjs.org/lightningcss-android-arm64 30ms (cache miss)
1700 silly packumentCache full:https://registry.npmjs.org/lightningcss-android-arm64 set size:undefined disposed:false
1701 http fetch GET 200 https://registry.npmjs.org/@jridgewell%2fsourcemap-codec 43ms (cache miss)
1702 silly packumentCache full:https://registry.npmjs.org/@jridgewell%2fsourcemap-codec set size:undefined disposed:false
1703 http fetch GET 200 https://registry.npmjs.org/@jridgewell%2ftrace-mapping 206ms (cache miss)
1704 silly packumentCache full:https://registry.npmjs.org/@jridgewell%2ftrace-mapping set size:undefined disposed:false
1705 silly placeDep ROOT @jridgewell/gen-mapping@0.3.13 OK for: @jridgewell/remapping@2.3.5 want: ^0.3.5
1706 silly placeDep ROOT @jridgewell/trace-mapping@0.3.31 OK for: @jridgewell/remapping@2.3.5 want: ^0.3.24
1707 silly fetch manifest @jridgewell/sourcemap-codec@^1.5.0
1708 silly packumentCache full:https://registry.npmjs.org/@jridgewell%2fsourcemap-codec cache-miss
1709 silly fetch manifest @jridgewell/resolve-uri@^3.1.0
1710 silly packumentCache full:https://registry.npmjs.org/@jridgewell%2fresolve-uri cache-miss
1711 silly fetch manifest @jridgewell/sourcemap-codec@^1.4.14
1712 silly packumentCache full:https://registry.npmjs.org/@jridgewell%2fsourcemap-codec cache-miss
1713 http cache https://registry.npmjs.org/@jridgewell%2fsourcemap-codec 3ms (cache hit)
1714 silly packumentCache full:https://registry.npmjs.org/@jridgewell%2fsourcemap-codec set size:59275 disposed:false
1715 http cache https://registry.npmjs.org/@jridgewell%2fsourcemap-codec 6ms (cache hit)
1716 silly packumentCache full:https://registry.npmjs.org/@jridgewell%2fsourcemap-codec set size:59275 disposed:false
1717 silly packumentCache full:https://registry.npmjs.org/@jridgewell%2fsourcemap-codec dispose
1718 http fetch GET 200 https://registry.npmjs.org/@jridgewell%2fresolve-uri 48ms (cache miss)
1719 silly packumentCache full:https://registry.npmjs.org/@jridgewell%2fresolve-uri set size:undefined disposed:false
1720 silly placeDep ROOT @jridgewell/sourcemap-codec@1.5.5 OK for: @jridgewell/gen-mapping@0.3.13 want: ^1.5.0
1721 silly placeDep ROOT @jridgewell/resolve-uri@3.1.2 OK for: @jridgewell/trace-mapping@0.3.31 want: ^3.1.0
1722 silly placeDep ROOT @tailwindcss/oxide-android-arm64@4.3.0 OK for: @tailwindcss/oxide@4.3.0 want: 4.3.0
1723 silly placeDep ROOT @tailwindcss/oxide-darwin-arm64@4.3.0 OK for: @tailwindcss/oxide@4.3.0 want: 4.3.0
1724 silly placeDep ROOT @tailwindcss/oxide-darwin-x64@4.3.0 OK for: @tailwindcss/oxide@4.3.0 want: 4.3.0
1725 silly placeDep ROOT @tailwindcss/oxide-freebsd-x64@4.3.0 OK for: @tailwindcss/oxide@4.3.0 want: 4.3.0
1726 silly placeDep ROOT @tailwindcss/oxide-linux-arm-gnueabihf@4.3.0 OK for: @tailwindcss/oxide@4.3.0 want: 4.3.0
1727 silly placeDep ROOT @tailwindcss/oxide-linux-arm64-gnu@4.3.0 OK for: @tailwindcss/oxide@4.3.0 want: 4.3.0
1728 silly placeDep ROOT @tailwindcss/oxide-linux-arm64-musl@4.3.0 OK for: @tailwindcss/oxide@4.3.0 want: 4.3.0
1729 silly placeDep ROOT @tailwindcss/oxide-linux-x64-gnu@4.3.0 OK for: @tailwindcss/oxide@4.3.0 want: 4.3.0
1730 silly placeDep ROOT @tailwindcss/oxide-linux-x64-musl@4.3.0 OK for: @tailwindcss/oxide@4.3.0 want: 4.3.0
1731 silly placeDep ROOT @tailwindcss/oxide-wasm32-wasi@4.3.0 OK for: @tailwindcss/oxide@4.3.0 want: 4.3.0
1732 silly placeDep ROOT @tailwindcss/oxide-win32-arm64-msvc@4.3.0 OK for: @tailwindcss/oxide@4.3.0 want: 4.3.0
1733 silly placeDep ROOT @tailwindcss/oxide-win32-x64-msvc@4.3.0 OK for: @tailwindcss/oxide@4.3.0 want: 4.3.0
1734 silly placeDep ROOT prosemirror-changeset@2.4.1 OK for: @tiptap/pm@3.23.4 want: ^2.3.0
1735 silly placeDep ROOT prosemirror-commands@1.7.1 OK for: @tiptap/pm@3.23.4 want: ^1.6.2
1736 silly placeDep ROOT prosemirror-dropcursor@1.8.2 OK for: @tiptap/pm@3.23.4 want: ^1.8.1
1737 silly placeDep ROOT prosemirror-gapcursor@1.4.1 OK for: @tiptap/pm@3.23.4 want: ^1.3.2
1738 silly placeDep ROOT prosemirror-keymap@1.2.3 OK for: @tiptap/pm@3.23.4 want: ^1.2.2
1739 silly placeDep ROOT prosemirror-schema-list@1.5.1 OK for: @tiptap/pm@3.23.4 want: ^1.5.0
1740 silly fetch manifest prosemirror-keymap@^1.0.0
1741 silly packumentCache full:https://registry.npmjs.org/prosemirror-keymap cache-miss
1742 silly fetch manifest w3c-keyname@^2.2.0
1743 silly packumentCache full:https://registry.npmjs.org/w3c-keyname cache-miss
1744 http cache https://registry.npmjs.org/prosemirror-keymap 4ms (cache hit)
1745 silly packumentCache full:https://registry.npmjs.org/prosemirror-keymap set size:58563 disposed:false
1746 http fetch GET 200 https://registry.npmjs.org/w3c-keyname 291ms (cache miss)
1747 silly packumentCache full:https://registry.npmjs.org/w3c-keyname set size:undefined disposed:false
1748 silly fetch manifest @tiptap/core@3.23.4
1749 silly packumentCache full:https://registry.npmjs.org/@tiptap%2fcore cache-miss
1750 http cache https://registry.npmjs.org/@tiptap%2fcore 5ms (cache hit)
1751 silly packumentCache full:https://registry.npmjs.org/@tiptap%2fcore set size:1297464 disposed:false
1752 silly fetch manifest @tiptap/pm@3.23.4
1753 silly packumentCache full:https://registry.npmjs.org/@tiptap%2fpm cache-miss
1754 http cache https://registry.npmjs.org/@tiptap%2fpm 5ms (cache hit)
1755 silly packumentCache full:https://registry.npmjs.org/@tiptap%2fpm set size:1605965 disposed:false
1756 silly fetch manifest @floating-ui/dom@^1.0.0
1757 silly packumentCache full:https://registry.npmjs.org/@floating-ui%2fdom cache-miss
1758 http cache https://registry.npmjs.org/@floating-ui%2fdom 3ms (cache hit)
1759 silly packumentCache full:https://registry.npmjs.org/@floating-ui%2fdom set size:251540 disposed:false
1760 silly placeDep ROOT @tiptap/extension-bubble-menu@3.23.4 OK for: @tiptap/react@3.23.4 want: ^3.23.4
1761 silly placeDep ROOT @tiptap/extension-floating-menu@3.23.4 OK for: @tiptap/react@3.23.4 want: ^3.23.4
1762 silly placeDep node_modules/@tiptap/react @types/use-sync-external-store@0.0.6 OK for: @tiptap/react@3.23.4 want: ^0.0.6
1763 silly placeDep ROOT fast-equals@5.4.0 OK for: @tiptap/react@3.23.4 want: ^5.3.3
1764 silly placeDep ROOT @types/unist@3.0.3 OK for: @types/hast@3.0.4 want: *
1765 silly placeDep ROOT @types/ms@2.1.0 OK for: @types/jsonwebtoken@9.0.10 want: *
1766 silly placeDep ROOT undici-types@7.24.6 OK for: @types/node@25.8.0 want: >=7.24.0 <7.24.7
1767 silly placeDep ROOT csstype@3.2.3 OK for: @types/react@19.2.14 want: ^3.2.2
1768 silly placeDep ROOT tslib@2.8.1 OK for: aria-hidden@1.2.6 want: ^2.0.0
1769 silly placeDep ROOT node-addon-api@8.7.0 OK for: bcrypt@6.0.0 want: ^8.3.0
1770 silly placeDep ROOT node-gyp-build@4.8.4 OK for: bcrypt@6.0.0 want: ^4.8.4
1771 silly placeDep ROOT @algorandfoundation/xhd-wallet-api@2.0.0-canary.1 OK for: blocknote@0.1.4 want: 2.0.0-canary.1
1772 silly placeDep ROOT algosdk@3.5.2 OK for: blocknote@0.1.4 want: ^3.3.1
1773 silly placeDep ROOT better-sqlite3@12.10.0 OK for: blocknote@0.1.4 want: ^12.2.0
1774 silly placeDep ROOT lz-string@1.5.0 OK for: blocknote@0.1.4 want: ^1.5.0
1775 silly placeDep ROOT lz4-napi@2.9.0 OK for: blocknote@0.1.4 want: ^2.8.0
1776 silly placeDep ROOT pako@2.1.0 OK for: blocknote@0.1.4 want: ^2.1.0
1777 silly placeDep ROOT snappy@7.3.3 OK for: blocknote@0.1.4 want: ^7.3.0
1778 silly fetch manifest ajv@^8.17.1
1779 silly packumentCache full:https://registry.npmjs.org/ajv cache-miss
1780 silly fetch manifest bn.js@^5.2.2
1781 silly packumentCache full:https://registry.npmjs.org/bn.js cache-miss
1782 silly fetch manifest @noble/curves@^2.0.0
1783 silly packumentCache full:https://registry.npmjs.org/@noble%2fcurves cache-miss
1784 silly fetch manifest @noble/hashes@^2.0.0
1785 silly packumentCache full:https://registry.npmjs.org/@noble%2fhashes cache-miss
1786 silly fetch manifest @noble/ciphers@^2.0.0
1787 silly packumentCache full:https://registry.npmjs.org/@noble%2fciphers cache-miss
1788 silly fetch manifest algo-msgpack-with-bigint@^2.1.1
1789 silly packumentCache full:https://registry.npmjs.org/algo-msgpack-with-bigint cache-miss
1790 silly fetch manifest algorand-msgpack@^1.1.0
1791 silly packumentCache full:https://registry.npmjs.org/algorand-msgpack cache-miss
1792 silly fetch manifest hi-base32@^0.5.1
1793 silly packumentCache full:https://registry.npmjs.org/hi-base32 cache-miss
1794 silly fetch manifest js-sha256@^0.9.0
1795 silly packumentCache full:https://registry.npmjs.org/js-sha256 cache-miss
1796 silly fetch manifest js-sha3@^0.8.0
1797 silly packumentCache full:https://registry.npmjs.org/js-sha3 cache-miss
1798 silly fetch manifest js-sha512@^0.8.0
1799 silly packumentCache full:https://registry.npmjs.org/js-sha512 cache-miss
1800 silly fetch manifest json-bigint@^1.0.0
1801 silly packumentCache full:https://registry.npmjs.org/json-bigint cache-miss
1802 silly fetch manifest tweetnacl@^1.0.3
1803 silly packumentCache full:https://registry.npmjs.org/tweetnacl cache-miss
1804 silly fetch manifest vlq@^2.0.4
1805 silly packumentCache full:https://registry.npmjs.org/vlq cache-miss
1806 silly fetch manifest bindings@^1.5.0
1807 silly packumentCache full:https://registry.npmjs.org/bindings cache-miss
1808 http cache https://registry.npmjs.org/ajv 14ms (cache hit)
1809 silly packumentCache full:https://registry.npmjs.org/ajv set size:1142658 disposed:false
1810 silly fetch manifest prebuild-install@^7.1.1
1811 silly packumentCache full:https://registry.npmjs.org/prebuild-install cache-miss
1812 http fetch GET 200 https://registry.npmjs.org/json-bigint 36ms (cache miss)
1813 silly packumentCache full:https://registry.npmjs.org/json-bigint set size:undefined disposed:false
1814 silly fetch manifest @node-rs/helper@^1.3.3
1815 silly packumentCache full:https://registry.npmjs.org/@node-rs%2fhelper cache-miss
1816 http fetch GET 200 https://registry.npmjs.org/tweetnacl 38ms (cache miss)
1817 silly packumentCache full:https://registry.npmjs.org/tweetnacl set size:undefined disposed:false
1818 silly fetch manifest @antoniomuso/lz4-napi-linux-x64-gnu@2.9.0
1819 silly packumentCache full:https://registry.npmjs.org/@antoniomuso%2flz4-napi-linux-x64-gnu cache-miss
1820 http fetch GET 200 https://registry.npmjs.org/@noble%2fhashes 52ms (cache miss)
1821 silly packumentCache full:https://registry.npmjs.org/@noble%2fhashes set size:undefined disposed:false
1822 silly fetch manifest @antoniomuso/lz4-napi-darwin-x64@2.9.0
1823 silly packumentCache full:https://registry.npmjs.org/@antoniomuso%2flz4-napi-darwin-x64 cache-miss
1824 http fetch GET 200 https://registry.npmjs.org/js-sha3 57ms (cache miss)
1825 silly packumentCache full:https://registry.npmjs.org/js-sha3 set size:undefined disposed:false
1826 silly fetch manifest @antoniomuso/lz4-napi-win32-x64-msvc@2.9.0
1827 silly packumentCache full:https://registry.npmjs.org/@antoniomuso%2flz4-napi-win32-x64-msvc cache-miss
1828 http fetch GET 200 https://registry.npmjs.org/vlq 295ms (cache miss)
1829 silly packumentCache full:https://registry.npmjs.org/vlq set size:undefined disposed:false
1830 silly fetch manifest @antoniomuso/lz4-napi-linux-x64-musl@2.9.0
1831 silly packumentCache full:https://registry.npmjs.org/@antoniomuso%2flz4-napi-linux-x64-musl cache-miss
1832 http fetch GET 200 https://registry.npmjs.org/algorand-msgpack 302ms (cache miss)
1833 silly packumentCache full:https://registry.npmjs.org/algorand-msgpack set size:undefined disposed:false
1834 silly fetch manifest @antoniomuso/lz4-napi-linux-arm64-gnu@2.9.0
1835 silly packumentCache full:https://registry.npmjs.org/@antoniomuso%2flz4-napi-linux-arm64-gnu cache-miss
1836 http fetch GET 200 https://registry.npmjs.org/bindings 305ms (cache miss)
1837 silly packumentCache full:https://registry.npmjs.org/bindings set size:undefined disposed:false
1838 silly fetch manifest @antoniomuso/lz4-napi-win32-ia32-msvc@2.9.0
1839 silly packumentCache full:https://registry.npmjs.org/@antoniomuso%2flz4-napi-win32-ia32-msvc cache-miss
1840 http fetch GET 200 https://registry.npmjs.org/algo-msgpack-with-bigint 318ms (cache miss)
1841 silly packumentCache full:https://registry.npmjs.org/algo-msgpack-with-bigint set size:undefined disposed:false
1842 silly fetch manifest @antoniomuso/lz4-napi-linux-arm-gnueabihf@2.9.0
1843 silly packumentCache full:https://registry.npmjs.org/@antoniomuso%2flz4-napi-linux-arm-gnueabihf cache-miss
1844 http fetch GET 200 https://registry.npmjs.org/hi-base32 319ms (cache miss)
1845 silly packumentCache full:https://registry.npmjs.org/hi-base32 set size:undefined disposed:false
1846 silly fetch manifest @antoniomuso/lz4-napi-darwin-arm64@2.9.0
1847 silly packumentCache full:https://registry.npmjs.org/@antoniomuso%2flz4-napi-darwin-arm64 cache-miss
1848 http fetch GET 200 https://registry.npmjs.org/bn.js 327ms (cache miss)
1849 silly packumentCache full:https://registry.npmjs.org/bn.js set size:undefined disposed:false
1850 silly fetch manifest @antoniomuso/lz4-napi-android-arm64@2.9.0
1851 silly packumentCache full:https://registry.npmjs.org/@antoniomuso%2flz4-napi-android-arm64 cache-miss
1852 http fetch GET 200 https://registry.npmjs.org/js-sha512 327ms (cache miss)
1853 silly packumentCache full:https://registry.npmjs.org/js-sha512 set size:undefined disposed:false
1854 silly fetch manifest @antoniomuso/lz4-napi-android-arm-eabi@2.9.0
1855 silly packumentCache full:https://registry.npmjs.org/@antoniomuso%2flz4-napi-android-arm-eabi cache-miss
1856 http fetch GET 200 https://registry.npmjs.org/prebuild-install 311ms (cache miss)
1857 silly packumentCache full:https://registry.npmjs.org/prebuild-install set size:undefined disposed:false
1858 silly fetch manifest @antoniomuso/lz4-napi-freebsd-x64@2.9.0
1859 silly packumentCache full:https://registry.npmjs.org/@antoniomuso%2flz4-napi-freebsd-x64 cache-miss
1860 http fetch GET 200 https://registry.npmjs.org/js-sha256 333ms (cache miss)
1861 silly packumentCache full:https://registry.npmjs.org/js-sha256 set size:undefined disposed:false
1862 silly fetch manifest @antoniomuso/lz4-napi-linux-arm64-musl@2.9.0
1863 silly packumentCache full:https://registry.npmjs.org/@antoniomuso%2flz4-napi-linux-arm64-musl cache-miss
1864 http fetch GET 200 https://registry.npmjs.org/@noble%2fciphers 525ms (cache miss)
1865 silly packumentCache full:https://registry.npmjs.org/@noble%2fciphers set size:undefined disposed:false
1866 silly fetch manifest @antoniomuso/lz4-napi-win32-arm64-msvc@2.9.0
1867 silly packumentCache full:https://registry.npmjs.org/@antoniomuso%2flz4-napi-win32-arm64-msvc cache-miss
1868 http fetch GET 200 https://registry.npmjs.org/@noble%2fcurves 716ms (cache miss)
1869 silly packumentCache full:https://registry.npmjs.org/@noble%2fcurves set size:undefined disposed:false
1870 silly fetch manifest @napi-rs/snappy-linux-x64-gnu@7.3.3
1871 silly packumentCache full:https://registry.npmjs.org/@napi-rs%2fsnappy-linux-x64-gnu cache-miss
1872 http fetch GET 200 https://registry.npmjs.org/@antoniomuso%2flz4-napi-win32-x64-msvc 836ms (cache miss)
1873 silly packumentCache full:https://registry.npmjs.org/@antoniomuso%2flz4-napi-win32-x64-msvc set size:undefined disposed:false
1874 silly fetch manifest @napi-rs/snappy-darwin-x64@7.3.3
1875 silly packumentCache full:https://registry.npmjs.org/@napi-rs%2fsnappy-darwin-x64 cache-miss
1876 http fetch GET 200 https://registry.npmjs.org/@node-rs%2fhelper 877ms (cache miss)
1877 silly packumentCache full:https://registry.npmjs.org/@node-rs%2fhelper set size:undefined disposed:false
1878 silly fetch manifest @napi-rs/snappy-win32-x64-msvc@7.3.3
1879 silly packumentCache full:https://registry.npmjs.org/@napi-rs%2fsnappy-win32-x64-msvc cache-miss
1880 http fetch GET 200 https://registry.npmjs.org/@antoniomuso%2flz4-napi-linux-x64-gnu 916ms (cache miss)
1881 silly packumentCache full:https://registry.npmjs.org/@antoniomuso%2flz4-napi-linux-x64-gnu set size:undefined disposed:false
1882 silly fetch manifest @napi-rs/snappy-linux-x64-musl@7.3.3
1883 silly packumentCache full:https://registry.npmjs.org/@napi-rs%2fsnappy-linux-x64-musl cache-miss
1884 http fetch GET 200 https://registry.npmjs.org/@antoniomuso%2flz4-napi-darwin-x64 916ms (cache miss)
1885 silly packumentCache full:https://registry.npmjs.org/@antoniomuso%2flz4-napi-darwin-x64 set size:undefined disposed:false
1886 silly fetch manifest @napi-rs/snappy-linux-arm64-gnu@7.3.3
1887 silly packumentCache full:https://registry.npmjs.org/@napi-rs%2fsnappy-linux-arm64-gnu cache-miss
1888 http fetch GET 200 https://registry.npmjs.org/@antoniomuso%2flz4-napi-linux-x64-musl 734ms (cache miss)
1889 silly packumentCache full:https://registry.npmjs.org/@antoniomuso%2flz4-napi-linux-x64-musl set size:undefined disposed:false
1890 silly fetch manifest @napi-rs/snappy-win32-ia32-msvc@7.3.3
1891 silly packumentCache full:https://registry.npmjs.org/@napi-rs%2fsnappy-win32-ia32-msvc cache-miss
1892 http fetch GET 200 https://registry.npmjs.org/@antoniomuso%2flz4-napi-linux-arm-gnueabihf 737ms (cache miss)
1893 silly packumentCache full:https://registry.npmjs.org/@antoniomuso%2flz4-napi-linux-arm-gnueabihf set size:undefined disposed:false
1894 silly fetch manifest @napi-rs/snappy-linux-arm-gnueabihf@7.3.3
1895 silly packumentCache full:https://registry.npmjs.org/@napi-rs%2fsnappy-linux-arm-gnueabihf cache-miss
1896 http fetch GET 200 https://registry.npmjs.org/@antoniomuso%2flz4-napi-darwin-arm64 832ms (cache miss)
1897 silly packumentCache full:https://registry.npmjs.org/@antoniomuso%2flz4-napi-darwin-arm64 set size:undefined disposed:false
1898 silly fetch manifest @napi-rs/snappy-darwin-arm64@7.3.3
1899 silly packumentCache full:https://registry.npmjs.org/@napi-rs%2fsnappy-darwin-arm64 cache-miss
1900 http fetch GET 200 https://registry.npmjs.org/@antoniomuso%2flz4-napi-win32-ia32-msvc 863ms (cache miss)
1901 silly packumentCache full:https://registry.npmjs.org/@antoniomuso%2flz4-napi-win32-ia32-msvc set size:undefined disposed:false
1902 silly fetch manifest @napi-rs/snappy-android-arm64@7.3.3
1903 silly packumentCache full:https://registry.npmjs.org/@napi-rs%2fsnappy-android-arm64 cache-miss
1904 http fetch GET 200 https://registry.npmjs.org/@antoniomuso%2flz4-napi-android-arm64 854ms (cache miss)
1905 silly packumentCache full:https://registry.npmjs.org/@antoniomuso%2flz4-napi-android-arm64 set size:undefined disposed:false
1906 silly fetch manifest @napi-rs/snappy-android-arm-eabi@7.3.3
1907 silly packumentCache full:https://registry.npmjs.org/@napi-rs%2fsnappy-android-arm-eabi cache-miss
1908 http fetch GET 200 https://registry.npmjs.org/@antoniomuso%2flz4-napi-linux-arm64-gnu 900ms (cache miss)
1909 silly packumentCache full:https://registry.npmjs.org/@antoniomuso%2flz4-napi-linux-arm64-gnu set size:undefined disposed:false
1910 silly fetch manifest @napi-rs/snappy-freebsd-x64@7.3.3
1911 silly packumentCache full:https://registry.npmjs.org/@napi-rs%2fsnappy-freebsd-x64 cache-miss
1912 http fetch GET 200 https://registry.npmjs.org/@antoniomuso%2flz4-napi-freebsd-x64 904ms (cache miss)
1913 silly packumentCache full:https://registry.npmjs.org/@antoniomuso%2flz4-napi-freebsd-x64 set size:undefined disposed:false
1914 silly fetch manifest @napi-rs/snappy-linux-arm64-musl@7.3.3
1915 silly packumentCache full:https://registry.npmjs.org/@napi-rs%2fsnappy-linux-arm64-musl cache-miss
1916 http fetch GET 200 https://registry.npmjs.org/@antoniomuso%2flz4-napi-android-arm-eabi 912ms (cache miss)
1917 silly packumentCache full:https://registry.npmjs.org/@antoniomuso%2flz4-napi-android-arm-eabi set size:undefined disposed:false
1918 silly fetch manifest @napi-rs/snappy-win32-arm64-msvc@7.3.3
1919 silly packumentCache full:https://registry.npmjs.org/@napi-rs%2fsnappy-win32-arm64-msvc cache-miss
1920 http fetch GET 200 https://registry.npmjs.org/@antoniomuso%2flz4-napi-linux-arm64-musl 977ms (cache miss)
1921 silly packumentCache full:https://registry.npmjs.org/@antoniomuso%2flz4-napi-linux-arm64-musl set size:undefined disposed:false
1922 silly fetch manifest @napi-rs/snappy-linux-riscv64-gnu@7.3.3
1923 silly packumentCache full:https://registry.npmjs.org/@napi-rs%2fsnappy-linux-riscv64-gnu cache-miss
1924 http fetch GET 200 https://registry.npmjs.org/@antoniomuso%2flz4-napi-win32-arm64-msvc 844ms (cache miss)
1925 silly packumentCache full:https://registry.npmjs.org/@antoniomuso%2flz4-napi-win32-arm64-msvc set size:undefined disposed:false
1926 silly fetch manifest @napi-rs/snappy-linux-s390x-gnu@7.3.3
1927 silly packumentCache full:https://registry.npmjs.org/@napi-rs%2fsnappy-linux-s390x-gnu cache-miss
1928 http fetch GET 200 https://registry.npmjs.org/@napi-rs%2fsnappy-linux-x64-gnu 783ms (cache miss)
1929 silly packumentCache full:https://registry.npmjs.org/@napi-rs%2fsnappy-linux-x64-gnu set size:undefined disposed:false
1930 silly fetch manifest @napi-rs/snappy-linux-ppc64-gnu@7.3.3
1931 silly packumentCache full:https://registry.npmjs.org/@napi-rs%2fsnappy-linux-ppc64-gnu cache-miss
1932 http fetch GET 200 https://registry.npmjs.org/@napi-rs%2fsnappy-darwin-x64 716ms (cache miss)
1933 silly packumentCache full:https://registry.npmjs.org/@napi-rs%2fsnappy-darwin-x64 set size:undefined disposed:false
1934 silly fetch manifest @napi-rs/snappy-openharmony-arm64@7.3.3
1935 silly packumentCache full:https://registry.npmjs.org/@napi-rs%2fsnappy-openharmony-arm64 cache-miss
1936 http fetch GET 200 https://registry.npmjs.org/@napi-rs%2fsnappy-win32-x64-msvc 888ms (cache miss)
1937 silly packumentCache full:https://registry.npmjs.org/@napi-rs%2fsnappy-win32-x64-msvc set size:undefined disposed:false
1938 silly fetch manifest @napi-rs/snappy-wasm32-wasi@7.3.3
1939 silly packumentCache full:https://registry.npmjs.org/@napi-rs%2fsnappy-wasm32-wasi cache-miss
1940 http fetch GET 200 https://registry.npmjs.org/@napi-rs%2fsnappy-linux-x64-musl 863ms (cache miss)
1941 silly packumentCache full:https://registry.npmjs.org/@napi-rs%2fsnappy-linux-x64-musl set size:undefined disposed:false
1942 http fetch GET 200 https://registry.npmjs.org/@napi-rs%2fsnappy-win32-ia32-msvc 823ms (cache miss)
1943 silly packumentCache full:https://registry.npmjs.org/@napi-rs%2fsnappy-win32-ia32-msvc set size:undefined disposed:false
1944 http fetch GET 200 https://registry.npmjs.org/@napi-rs%2fsnappy-linux-arm-gnueabihf 816ms (cache miss)
1945 silly packumentCache full:https://registry.npmjs.org/@napi-rs%2fsnappy-linux-arm-gnueabihf set size:undefined disposed:false
1946 http fetch GET 200 https://registry.npmjs.org/@napi-rs%2fsnappy-linux-arm64-gnu 902ms (cache miss)
1947 silly packumentCache full:https://registry.npmjs.org/@napi-rs%2fsnappy-linux-arm64-gnu set size:undefined disposed:false
1948 http fetch GET 200 https://registry.npmjs.org/@napi-rs%2fsnappy-android-arm-eabi 730ms (cache miss)
1949 silly packumentCache full:https://registry.npmjs.org/@napi-rs%2fsnappy-android-arm-eabi set size:undefined disposed:false
1950 http fetch GET 200 https://registry.npmjs.org/@napi-rs%2fsnappy-freebsd-x64 723ms (cache miss)
1951 silly packumentCache full:https://registry.npmjs.org/@napi-rs%2fsnappy-freebsd-x64 set size:undefined disposed:false
1952 http fetch GET 200 https://registry.npmjs.org/@napi-rs%2fsnappy-android-arm64 776ms (cache miss)
1953 silly packumentCache full:https://registry.npmjs.org/@napi-rs%2fsnappy-android-arm64 set size:undefined disposed:false
1954 http fetch GET 200 https://registry.npmjs.org/@napi-rs%2fsnappy-linux-riscv64-gnu 733ms (cache miss)
1955 silly packumentCache full:https://registry.npmjs.org/@napi-rs%2fsnappy-linux-riscv64-gnu set size:undefined disposed:false
1956 http fetch GET 200 https://registry.npmjs.org/@napi-rs%2fsnappy-darwin-arm64 917ms (cache miss)
1957 silly packumentCache full:https://registry.npmjs.org/@napi-rs%2fsnappy-darwin-arm64 set size:undefined disposed:false
1958 http fetch GET 200 https://registry.npmjs.org/@napi-rs%2fsnappy-linux-arm64-musl 874ms (cache miss)
1959 silly packumentCache full:https://registry.npmjs.org/@napi-rs%2fsnappy-linux-arm64-musl set size:undefined disposed:false
1960 http fetch GET 200 https://registry.npmjs.org/@napi-rs%2fsnappy-linux-s390x-gnu 810ms (cache miss)
1961 silly packumentCache full:https://registry.npmjs.org/@napi-rs%2fsnappy-linux-s390x-gnu set size:undefined disposed:false
1962 http fetch GET 200 https://registry.npmjs.org/@napi-rs%2fsnappy-linux-ppc64-gnu 769ms (cache miss)
1963 silly packumentCache full:https://registry.npmjs.org/@napi-rs%2fsnappy-linux-ppc64-gnu set size:undefined disposed:false
1964 http fetch GET 200 https://registry.npmjs.org/@napi-rs%2fsnappy-openharmony-arm64 749ms (cache miss)
1965 silly packumentCache full:https://registry.npmjs.org/@napi-rs%2fsnappy-openharmony-arm64 set size:undefined disposed:false
1966 http fetch GET 200 https://registry.npmjs.org/@napi-rs%2fsnappy-wasm32-wasi 724ms (cache miss)
1967 silly packumentCache full:https://registry.npmjs.org/@napi-rs%2fsnappy-wasm32-wasi set size:undefined disposed:false
1968 http fetch GET 200 https://registry.npmjs.org/@napi-rs%2fsnappy-win32-arm64-msvc 1353ms (cache miss)
1969 silly packumentCache full:https://registry.npmjs.org/@napi-rs%2fsnappy-win32-arm64-msvc set size:undefined disposed:false
1970 silly placeDep ROOT @noble/ciphers@2.2.0 OK for: @algorandfoundation/xhd-wallet-api@2.0.0-canary.1 want: ^2.0.0
1971 silly placeDep ROOT @noble/curves@2.2.0 OK for: @algorandfoundation/xhd-wallet-api@2.0.0-canary.1 want: ^2.0.0
1972 silly placeDep ROOT @noble/hashes@2.2.0 OK for: @algorandfoundation/xhd-wallet-api@2.0.0-canary.1 want: ^2.0.0
1973 silly placeDep ROOT ajv@8.20.0 OK for: @algorandfoundation/xhd-wallet-api@2.0.0-canary.1 want: ^8.17.1
1974 silly placeDep ROOT algo-msgpack-with-bigint@2.1.1 OK for: @algorandfoundation/xhd-wallet-api@2.0.0-canary.1 want: ^2.1.1
1975 silly placeDep ROOT bn.js@5.2.3 OK for: @algorandfoundation/xhd-wallet-api@2.0.0-canary.1 want: ^5.2.2
1976 silly fetch manifest @noble/hashes@2.2.0
1977 silly packumentCache full:https://registry.npmjs.org/@noble%2fhashes cache-miss
1978 silly fetch manifest fast-uri@^3.0.1
1979 silly packumentCache full:https://registry.npmjs.org/fast-uri cache-miss
1980 silly fetch manifest json-schema-traverse@^1.0.0
1981 silly packumentCache full:https://registry.npmjs.org/json-schema-traverse cache-miss
1982 silly fetch manifest require-from-string@^2.0.2
1983 silly packumentCache full:https://registry.npmjs.org/require-from-string cache-miss
1984 http cache https://registry.npmjs.org/@noble%2fhashes 7ms (cache hit)
1985 silly packumentCache full:https://registry.npmjs.org/@noble%2fhashes set size:217737 disposed:false
1986 http fetch GET 200 https://registry.npmjs.org/require-from-string 26ms (cache miss)
1987 silly packumentCache full:https://registry.npmjs.org/require-from-string set size:undefined disposed:false
1988 http fetch GET 200 https://registry.npmjs.org/json-schema-traverse 38ms (cache miss)
1989 silly packumentCache full:https://registry.npmjs.org/json-schema-traverse set size:undefined disposed:false
1990 http fetch GET 200 https://registry.npmjs.org/fast-uri 39ms (cache miss)
1991 silly packumentCache full:https://registry.npmjs.org/fast-uri set size:undefined disposed:false
1992 silly placeDep ROOT fast-uri@3.1.2 OK for: ajv@8.20.0 want: ^3.0.1
1993 silly placeDep ROOT json-schema-traverse@1.0.0 OK for: ajv@8.20.0 want: ^1.0.0
1994 silly placeDep ROOT require-from-string@2.0.2 OK for: ajv@8.20.0 want: ^2.0.2
1995 silly placeDep ROOT algorand-msgpack@1.1.0 OK for: algosdk@3.5.2 want: ^1.1.0
1996 silly placeDep ROOT hi-base32@0.5.1 OK for: algosdk@3.5.2 want: ^0.5.1
1997 silly placeDep ROOT js-sha256@0.9.0 OK for: algosdk@3.5.2 want: ^0.9.0
1998 silly placeDep ROOT js-sha3@0.8.0 OK for: algosdk@3.5.2 want: ^0.8.0
1999 silly placeDep ROOT js-sha512@0.8.0 OK for: algosdk@3.5.2 want: ^0.8.0
2000 silly placeDep ROOT json-bigint@1.0.0 OK for: algosdk@3.5.2 want: ^1.0.0
2001 silly placeDep ROOT tweetnacl@1.0.3 OK for: algosdk@3.5.2 want: ^1.0.3
2002 silly placeDep ROOT vlq@2.0.4 OK for: algosdk@3.5.2 want: ^2.0.4
2003 silly fetch manifest bignumber.js@^9.0.0
2004 silly packumentCache full:https://registry.npmjs.org/bignumber.js cache-miss
2005 http fetch GET 200 https://registry.npmjs.org/bignumber.js 152ms (cache miss)
2006 silly packumentCache full:https://registry.npmjs.org/bignumber.js set size:undefined disposed:false
2007 silly placeDep ROOT bindings@1.5.0 OK for: better-sqlite3@12.10.0 want: ^1.5.0
2008 silly placeDep ROOT prebuild-install@7.1.3 OK for: better-sqlite3@12.10.0 want: ^7.1.1
2009 silly fetch manifest file-uri-to-path@1.0.0
2010 silly packumentCache full:https://registry.npmjs.org/file-uri-to-path cache-miss
2011 silly fetch manifest rc@^1.2.7
2012 silly packumentCache full:https://registry.npmjs.org/rc cache-miss
2013 silly fetch manifest pump@^3.0.0
2014 silly packumentCache full:https://registry.npmjs.org/pump cache-miss
2015 silly fetch manifest tar-fs@^2.0.0
2016 silly packumentCache full:https://registry.npmjs.org/tar-fs cache-miss
2017 silly fetch manifest minimist@^1.2.3
2018 silly packumentCache full:https://registry.npmjs.org/minimist cache-miss
2019 silly fetch manifest node-abi@^3.3.0
2020 silly packumentCache full:https://registry.npmjs.org/node-abi cache-miss
2021 silly fetch manifest simple-get@^4.0.0
2022 silly packumentCache full:https://registry.npmjs.org/simple-get cache-miss
2023 silly fetch manifest detect-libc@^2.0.0
2024 silly packumentCache full:https://registry.npmjs.org/detect-libc cache-miss
2025 silly fetch manifest tunnel-agent@^0.6.0
2026 silly packumentCache full:https://registry.npmjs.org/tunnel-agent cache-miss
2027 silly fetch manifest mkdirp-classic@^0.5.3
2028 silly packumentCache full:https://registry.npmjs.org/mkdirp-classic cache-miss
2029 silly fetch manifest expand-template@^2.0.3
2030 silly packumentCache full:https://registry.npmjs.org/expand-template cache-miss
2031 silly fetch manifest napi-build-utils@^2.0.0
2032 silly packumentCache full:https://registry.npmjs.org/napi-build-utils cache-miss
2033 silly fetch manifest github-from-package@0.0.0
2034 silly packumentCache full:https://registry.npmjs.org/github-from-package cache-miss
2035 http cache https://registry.npmjs.org/detect-libc 55ms (cache hit)
2036 silly packumentCache full:https://registry.npmjs.org/detect-libc set size:47861 disposed:false
2037 http fetch GET 200 https://registry.npmjs.org/pump 99ms (cache miss)
2038 silly packumentCache full:https://registry.npmjs.org/pump set size:undefined disposed:false
2039 http fetch GET 200 https://registry.npmjs.org/rc 102ms (cache miss)
2040 silly packumentCache full:https://registry.npmjs.org/rc set size:undefined disposed:false
2041 http fetch GET 200 https://registry.npmjs.org/minimist 104ms (cache miss)
2042 silly packumentCache full:https://registry.npmjs.org/minimist set size:undefined disposed:false
2043 http fetch GET 200 https://registry.npmjs.org/node-abi 126ms (cache miss)
2044 silly packumentCache full:https://registry.npmjs.org/node-abi set size:undefined disposed:false
2045 http fetch GET 200 https://registry.npmjs.org/file-uri-to-path 331ms (cache miss)
2046 silly packumentCache full:https://registry.npmjs.org/file-uri-to-path set size:undefined disposed:false
2047 http fetch GET 200 https://registry.npmjs.org/tar-fs 334ms (cache miss)
2048 silly packumentCache full:https://registry.npmjs.org/tar-fs set size:undefined disposed:false
2049 http fetch GET 200 https://registry.npmjs.org/expand-template 334ms (cache miss)
2050 silly packumentCache full:https://registry.npmjs.org/expand-template set size:undefined disposed:false
2051 http fetch GET 200 https://registry.npmjs.org/napi-build-utils 338ms (cache miss)
2052 silly packumentCache full:https://registry.npmjs.org/napi-build-utils set size:undefined disposed:false
2053 http fetch GET 200 https://registry.npmjs.org/github-from-package 338ms (cache miss)
2054 silly packumentCache full:https://registry.npmjs.org/github-from-package set size:undefined disposed:false
2055 http fetch GET 200 https://registry.npmjs.org/mkdirp-classic 341ms (cache miss)
2056 silly packumentCache full:https://registry.npmjs.org/mkdirp-classic set size:undefined disposed:false
2057 http fetch GET 200 https://registry.npmjs.org/tunnel-agent 344ms (cache miss)
2058 silly packumentCache full:https://registry.npmjs.org/tunnel-agent set size:undefined disposed:false
2059 http fetch GET 200 https://registry.npmjs.org/simple-get 349ms (cache miss)
2060 silly packumentCache full:https://registry.npmjs.org/simple-get set size:undefined disposed:false
2061 silly placeDep ROOT file-uri-to-path@1.0.0 OK for: bindings@1.5.0 want: 1.0.0
2062 silly placeDep ROOT graceful-fs@4.2.11 OK for: enhanced-resolve@5.21.3 want: ^4.2.4
2063 silly placeDep ROOT tapable@2.3.3 OK for: enhanced-resolve@5.21.3 want: ^2.3.3
2064 silly fetch manifest eslint@^6.0.0 || ^7.0.0 || >=8.0.0
2065 silly packumentCache full:https://registry.npmjs.org/eslint cache-miss
2066 http cache https://registry.npmjs.org/eslint 7ms (cache hit)
2067 silly packumentCache full:https://registry.npmjs.org/eslint set size:1997485 disposed:false
2068 silly placeDep ROOT @eslint-community/eslint-utils@4.9.1 OK for: eslint@9.39.4 want: ^4.8.0
2069 silly placeDep ROOT @eslint-community/regexpp@4.12.2 OK for: eslint@9.39.4 want: ^4.12.1
2070 silly placeDep ROOT @eslint/config-array@0.21.2 OK for: eslint@9.39.4 want: ^0.21.2
2071 silly placeDep ROOT @eslint/config-helpers@0.4.2 OK for: eslint@9.39.4 want: ^0.4.2
2072 silly placeDep ROOT @eslint/core@0.17.0 OK for: eslint@9.39.4 want: ^0.17.0
2073 silly placeDep ROOT @eslint/eslintrc@3.3.5 OK for: eslint@9.39.4 want: ^3.3.5
2074 silly placeDep ROOT @eslint/js@9.39.4 OK for: eslint@9.39.4 want: 9.39.4
2075 silly placeDep ROOT @eslint/plugin-kit@0.4.1 OK for: eslint@9.39.4 want: ^0.4.1
2076 silly placeDep ROOT @humanfs/node@0.16.8 OK for: eslint@9.39.4 want: ^0.16.6
2077 silly placeDep ROOT @humanwhocodes/module-importer@1.0.1 OK for: eslint@9.39.4 want: ^1.0.1
2078 silly placeDep ROOT @humanwhocodes/retry@0.4.3 OK for: eslint@9.39.4 want: ^0.4.2
2079 silly placeDep ROOT @types/estree@1.0.9 OK for: eslint@9.39.4 want: ^1.0.6
2080 silly placeDep node_modules/eslint ajv@6.15.0 OK for: eslint@9.39.4 want: ^6.14.0
2081 silly placeDep ROOT chalk@4.1.2 OK for: eslint@9.39.4 want: ^4.0.0
2082 silly placeDep ROOT cross-spawn@7.0.6 OK for: eslint@9.39.4 want: ^7.0.6
2083 silly placeDep ROOT debug@4.4.3 OK for: eslint@9.39.4 want: ^4.3.2
2084 silly placeDep ROOT escape-string-regexp@4.0.0 OK for: eslint@9.39.4 want: ^4.0.0
2085 silly placeDep ROOT eslint-scope@8.4.0 OK for: eslint@9.39.4 want: ^8.4.0
2086 silly placeDep ROOT eslint-visitor-keys@4.2.1 OK for: eslint@9.39.4 want: ^4.2.1
2087 silly placeDep ROOT espree@10.4.0 OK for: eslint@9.39.4 want: ^10.4.0
2088 silly placeDep ROOT esquery@1.7.0 OK for: eslint@9.39.4 want: ^1.5.0
2089 silly placeDep ROOT esutils@2.0.3 OK for: eslint@9.39.4 want: ^2.0.2
2090 silly placeDep ROOT file-entry-cache@8.0.0 OK for: eslint@9.39.4 want: ^8.0.0
2091 silly placeDep ROOT find-up@5.0.0 OK for: eslint@9.39.4 want: ^5.0.0
2092 silly placeDep ROOT glob-parent@6.0.2 OK for: eslint@9.39.4 want: ^6.0.2
2093 silly placeDep ROOT ignore@5.3.2 OK for: eslint@9.39.4 want: ^5.2.0
2094 silly placeDep ROOT imurmurhash@0.1.4 OK for: eslint@9.39.4 want: ^0.1.4
2095 silly placeDep ROOT is-glob@4.0.3 OK for: eslint@9.39.4 want: ^4.0.0
2096 silly placeDep ROOT json-stable-stringify-without-jsonify@1.0.1 OK for: eslint@9.39.4 want: ^1.0.1
2097 silly placeDep ROOT minimatch@3.1.5 OK for: eslint@9.39.4 want: ^3.1.5
2098 silly placeDep ROOT natural-compare@1.4.0 OK for: eslint@9.39.4 want: ^1.4.0
2099 silly placeDep ROOT optionator@0.9.4 OK for: eslint@9.39.4 want: ^0.9.3
2100 silly fetch manifest eslint-visitor-keys@^3.4.3
2101 silly packumentCache full:https://registry.npmjs.org/eslint-visitor-keys cache-miss
2102 silly fetch manifest debug@^4.3.1
2103 silly packumentCache full:https://registry.npmjs.org/debug cache-miss
2104 silly fetch manifest @eslint/object-schema@^2.1.7
2105 silly packumentCache full:https://registry.npmjs.org/@eslint%2fobject-schema cache-miss
2106 silly fetch manifest @types/json-schema@^7.0.15
2107 silly packumentCache full:https://registry.npmjs.org/@types%2fjson-schema cache-miss
2108 silly fetch manifest espree@^10.0.1
2109 silly packumentCache full:https://registry.npmjs.org/espree cache-miss
2110 silly fetch manifest globals@^14.0.0
2111 silly packumentCache full:https://registry.npmjs.org/globals cache-miss
2112 silly fetch manifest import-fresh@^3.2.1
2113 silly packumentCache full:https://registry.npmjs.org/import-fresh cache-miss
2114 silly fetch manifest js-yaml@^4.1.1
2115 silly packumentCache full:https://registry.npmjs.org/js-yaml cache-miss
2116 silly fetch manifest strip-json-comments@^3.1.1
2117 silly packumentCache full:https://registry.npmjs.org/strip-json-comments cache-miss
2118 silly fetch manifest levn@^0.4.1
2119 silly packumentCache full:https://registry.npmjs.org/levn cache-miss
2120 silly fetch manifest @humanwhocodes/retry@^0.4.0
2121 silly packumentCache full:https://registry.npmjs.org/@humanwhocodes%2fretry cache-miss
2122 silly fetch manifest @humanfs/core@^0.19.2
2123 silly packumentCache full:https://registry.npmjs.org/@humanfs%2fcore cache-miss
2124 silly fetch manifest @humanfs/types@^0.15.0
2125 silly packumentCache full:https://registry.npmjs.org/@humanfs%2ftypes cache-miss
2126 silly fetch manifest uri-js@^4.2.2
2127 silly packumentCache full:https://registry.npmjs.org/uri-js cache-miss
2128 silly fetch manifest json-schema-traverse@^0.4.1
2129 silly packumentCache full:https://registry.npmjs.org/json-schema-traverse cache-miss
2130 http cache https://registry.npmjs.org/debug 19ms (cache hit)
2131 silly packumentCache full:https://registry.npmjs.org/debug set size:195840 disposed:false
2132 silly fetch manifest fast-json-stable-stringify@^2.0.0
2133 silly packumentCache full:https://registry.npmjs.org/fast-json-stable-stringify cache-miss
2134 http cache https://registry.npmjs.org/@humanwhocodes%2fretry 18ms (cache hit)
2135 silly packumentCache full:https://registry.npmjs.org/@humanwhocodes%2fretry set size:42348 disposed:false
2136 silly fetch manifest ansi-styles@^4.1.0
2137 silly packumentCache full:https://registry.npmjs.org/ansi-styles cache-miss
2138 http cache https://registry.npmjs.org/globals 23ms (cache hit)
2139 silly packumentCache full:https://registry.npmjs.org/globals set size:315985 disposed:false
2140 silly fetch manifest supports-color@^7.1.0
2141 silly packumentCache full:https://registry.npmjs.org/supports-color cache-miss
2142 http cache https://registry.npmjs.org/json-schema-traverse 26ms (cache hit)
2143 silly packumentCache full:https://registry.npmjs.org/json-schema-traverse set size:23537 disposed:false
2144 silly fetch manifest which@^2.0.1
2145 silly packumentCache full:https://registry.npmjs.org/which cache-miss
2146 http cache https://registry.npmjs.org/espree 34ms (cache hit)
2147 silly packumentCache full:https://registry.npmjs.org/espree set size:326080 disposed:false
2148 silly fetch manifest path-key@^3.1.0
2149 silly packumentCache full:https://registry.npmjs.org/path-key cache-miss
2150 http cache https://registry.npmjs.org/eslint-visitor-keys 43ms (cache hit)
2151 silly packumentCache full:https://registry.npmjs.org/eslint-visitor-keys set size:69949 disposed:false
2152 silly fetch manifest shebang-command@^2.0.0
2153 silly packumentCache full:https://registry.npmjs.org/shebang-command cache-miss
2154 http fetch GET 200 https://registry.npmjs.org/levn 58ms (cache miss)
2155 silly packumentCache full:https://registry.npmjs.org/levn set size:undefined disposed:false
2156 silly fetch manifest ms@^2.1.3
2157 silly packumentCache full:https://registry.npmjs.org/ms cache-miss
2158 http fetch GET 200 https://registry.npmjs.org/import-fresh 62ms (cache miss)
2159 silly packumentCache full:https://registry.npmjs.org/import-fresh set size:undefined disposed:false
2160 silly fetch manifest esrecurse@^4.3.0
2161 silly packumentCache full:https://registry.npmjs.org/esrecurse cache-miss
2162 http fetch GET 200 https://registry.npmjs.org/strip-json-comments 66ms (cache miss)
2163 silly packumentCache full:https://registry.npmjs.org/strip-json-comments set size:undefined disposed:false
2164 silly fetch manifest estraverse@^5.2.0
2165 silly packumentCache full:https://registry.npmjs.org/estraverse cache-miss
2166 http fetch GET 200 https://registry.npmjs.org/@types%2fjson-schema 70ms (cache miss)
2167 silly packumentCache full:https://registry.npmjs.org/@types%2fjson-schema set size:undefined disposed:false
2168 silly fetch manifest acorn@^8.15.0
2169 silly packumentCache full:https://registry.npmjs.org/acorn cache-miss
2170 http fetch GET 200 https://registry.npmjs.org/uri-js 66ms (cache miss)
2171 silly packumentCache full:https://registry.npmjs.org/uri-js set size:undefined disposed:false
2172 silly fetch manifest acorn-jsx@^5.3.2
2173 silly packumentCache full:https://registry.npmjs.org/acorn-jsx cache-miss
2174 http fetch GET 200 https://registry.npmjs.org/@humanfs%2ftypes 72ms (cache miss)
2175 silly packumentCache full:https://registry.npmjs.org/@humanfs%2ftypes set size:undefined disposed:false
2176 silly fetch manifest estraverse@^5.1.0
2177 silly packumentCache full:https://registry.npmjs.org/estraverse cache-miss
2178 http fetch GET 200 https://registry.npmjs.org/@eslint%2fobject-schema 77ms (cache miss)
2179 silly packumentCache full:https://registry.npmjs.org/@eslint%2fobject-schema set size:undefined disposed:false
2180 silly fetch manifest flat-cache@^4.0.0
2181 silly packumentCache full:https://registry.npmjs.org/flat-cache cache-miss
2182 http fetch GET 200 https://registry.npmjs.org/fast-json-stable-stringify 63ms (cache miss)
2183 silly packumentCache full:https://registry.npmjs.org/fast-json-stable-stringify set size:undefined disposed:false
2184 silly fetch manifest locate-path@^6.0.0
2185 silly packumentCache full:https://registry.npmjs.org/locate-path cache-miss
2186 http fetch GET 200 https://registry.npmjs.org/ansi-styles 65ms (cache miss)
2187 silly packumentCache full:https://registry.npmjs.org/ansi-styles set size:undefined disposed:false
2188 silly fetch manifest path-exists@^4.0.0
2189 silly packumentCache full:https://registry.npmjs.org/path-exists cache-miss
2190 http fetch GET 200 https://registry.npmjs.org/path-key 52ms (cache miss)
2191 silly packumentCache full:https://registry.npmjs.org/path-key set size:undefined disposed:false
2192 silly fetch manifest is-glob@^4.0.3
2193 silly packumentCache full:https://registry.npmjs.org/is-glob cache-miss
2194 http cache https://registry.npmjs.org/ms 28ms (cache hit)
2195 silly packumentCache full:https://registry.npmjs.org/ms set size:92208 disposed:false
2196 silly fetch manifest is-extglob@^2.1.1
2197 silly packumentCache full:https://registry.npmjs.org/is-extglob cache-miss
2198 http fetch GET 200 https://registry.npmjs.org/shebang-command 52ms (cache miss)
2199 silly packumentCache full:https://registry.npmjs.org/shebang-command set size:undefined disposed:false
2200 silly fetch manifest brace-expansion@^1.1.7
2201 silly packumentCache full:https://registry.npmjs.org/brace-expansion cache-miss
2202 http fetch GET 200 https://registry.npmjs.org/which 66ms (cache miss)
2203 silly packumentCache full:https://registry.npmjs.org/which set size:undefined disposed:false
2204 silly fetch manifest prelude-ls@^1.2.1
2205 silly packumentCache full:https://registry.npmjs.org/prelude-ls cache-miss
2206 http fetch GET 200 https://registry.npmjs.org/supports-color 72ms (cache miss)
2207 silly packumentCache full:https://registry.npmjs.org/supports-color set size:undefined disposed:false
2208 silly fetch manifest deep-is@^0.1.3
2209 silly packumentCache full:https://registry.npmjs.org/deep-is cache-miss
2210 http cache https://registry.npmjs.org/is-glob 15ms (cache hit)
2211 silly packumentCache full:https://registry.npmjs.org/is-glob set size:40530 disposed:false
2212 silly fetch manifest word-wrap@^1.2.5
2213 silly packumentCache full:https://registry.npmjs.org/word-wrap cache-miss
2214 http fetch GET 200 https://registry.npmjs.org/esrecurse 43ms (cache miss)
2215 silly packumentCache full:https://registry.npmjs.org/esrecurse set size:undefined disposed:false
2216 silly fetch manifest type-check@^0.4.0
2217 silly packumentCache full:https://registry.npmjs.org/type-check cache-miss
2218 http fetch GET 200 https://registry.npmjs.org/path-exists 29ms (cache miss)
2219 silly packumentCache full:https://registry.npmjs.org/path-exists set size:undefined disposed:false
2220 silly fetch manifest fast-levenshtein@^2.0.6
2221 silly packumentCache full:https://registry.npmjs.org/fast-levenshtein cache-miss
2222 http fetch GET 200 https://registry.npmjs.org/locate-path 35ms (cache miss)
2223 silly packumentCache full:https://registry.npmjs.org/locate-path set size:undefined disposed:false
2224 http fetch GET 200 https://registry.npmjs.org/acorn-jsx 51ms (cache miss)
2225 silly packumentCache full:https://registry.npmjs.org/acorn-jsx set size:undefined disposed:false
2226 http fetch GET 200 https://registry.npmjs.org/flat-cache 47ms (cache miss)
2227 silly packumentCache full:https://registry.npmjs.org/flat-cache set size:undefined disposed:false
2228 http fetch GET 200 https://registry.npmjs.org/is-extglob 35ms (cache miss)
2229 silly packumentCache full:https://registry.npmjs.org/is-extglob set size:undefined disposed:false
2230 http fetch GET 200 https://registry.npmjs.org/prelude-ls 35ms (cache miss)
2231 silly packumentCache full:https://registry.npmjs.org/prelude-ls set size:undefined disposed:false
2232 http fetch GET 200 https://registry.npmjs.org/deep-is 32ms (cache miss)
2233 silly packumentCache full:https://registry.npmjs.org/deep-is set size:undefined disposed:false
2234 http fetch GET 200 https://registry.npmjs.org/brace-expansion 41ms (cache miss)
2235 silly packumentCache full:https://registry.npmjs.org/brace-expansion set size:undefined disposed:false
2236 http fetch GET 200 https://registry.npmjs.org/word-wrap 34ms (cache miss)
2237 silly packumentCache full:https://registry.npmjs.org/word-wrap set size:undefined disposed:false
2238 http fetch GET 200 https://registry.npmjs.org/fast-levenshtein 26ms (cache miss)
2239 silly packumentCache full:https://registry.npmjs.org/fast-levenshtein set size:undefined disposed:false
2240 http fetch GET 200 https://registry.npmjs.org/@humanfs%2fcore 249ms (cache miss)
2241 silly packumentCache full:https://registry.npmjs.org/@humanfs%2fcore set size:undefined disposed:false
2242 http fetch GET 200 https://registry.npmjs.org/js-yaml 319ms (cache miss)
2243 silly packumentCache full:https://registry.npmjs.org/js-yaml set size:undefined disposed:false
2244 http fetch GET 200 https://registry.npmjs.org/estraverse 296ms (cache miss)
2245 silly packumentCache full:https://registry.npmjs.org/estraverse set size:undefined disposed:false
2246 http fetch GET 200 https://registry.npmjs.org/estraverse 304ms (cache miss)
2247 silly packumentCache full:https://registry.npmjs.org/estraverse set size:undefined disposed:false
2248 http fetch GET 200 https://registry.npmjs.org/acorn 309ms (cache miss)
2249 silly packumentCache full:https://registry.npmjs.org/acorn set size:undefined disposed:false
2250 http fetch GET 200 https://registry.npmjs.org/type-check 287ms (cache miss)
2251 silly packumentCache full:https://registry.npmjs.org/type-check set size:undefined disposed:false
2252 silly placeDep node_modules/@eslint-community/eslint-utils eslint-visitor-keys@3.4.3 OK for: @eslint-community/eslint-utils@4.9.1 want: ^3.4.3
2253 silly placeDep ROOT @eslint/object-schema@2.1.7 OK for: @eslint/config-array@0.21.2 want: ^2.1.7
2254 silly placeDep ROOT @types/json-schema@7.0.15 OK for: @eslint/core@0.17.0 want: ^7.0.15
2255 silly placeDep node_modules/@eslint/eslintrc ajv@6.15.0 OK for: @eslint/eslintrc@3.3.5 want: ^6.14.0
2256 silly placeDep ROOT globals@14.0.0 OK for: @eslint/eslintrc@3.3.5 want: ^14.0.0
2257 silly placeDep ROOT import-fresh@3.3.1 OK for: @eslint/eslintrc@3.3.5 want: ^3.2.1
2258 silly placeDep ROOT js-yaml@4.1.1 OK for: @eslint/eslintrc@3.3.5 want: ^4.1.1
2259 silly placeDep ROOT strip-json-comments@3.1.1 OK for: @eslint/eslintrc@3.3.5 want: ^3.1.1
2260 silly fetch manifest resolve-from@^4.0.0
2261 silly packumentCache full:https://registry.npmjs.org/resolve-from cache-miss
2262 silly fetch manifest parent-module@^1.0.0
2263 silly packumentCache full:https://registry.npmjs.org/parent-module cache-miss
2264 silly fetch manifest argparse@^2.0.1
2265 silly packumentCache full:https://registry.npmjs.org/argparse cache-miss
2266 http fetch GET 200 https://registry.npmjs.org/parent-module 32ms (cache miss)
2267 silly packumentCache full:https://registry.npmjs.org/parent-module set size:undefined disposed:false
2268 http fetch GET 200 https://registry.npmjs.org/argparse 38ms (cache miss)
2269 silly packumentCache full:https://registry.npmjs.org/argparse set size:undefined disposed:false
2270 http fetch GET 200 https://registry.npmjs.org/resolve-from 50ms (cache miss)
2271 silly packumentCache full:https://registry.npmjs.org/resolve-from set size:undefined disposed:false
2272 silly placeDep ROOT levn@0.4.1 OK for: @eslint/plugin-kit@0.4.1 want: ^0.4.1
2273 silly fetch manifest type-check@~0.4.0
2274 silly packumentCache full:https://registry.npmjs.org/type-check cache-miss
2275 http cache https://registry.npmjs.org/type-check 2ms (cache hit)
2276 silly packumentCache full:https://registry.npmjs.org/type-check set size:21221 disposed:false
2277 silly placeDep ROOT @humanfs/core@0.19.2 OK for: @humanfs/node@0.16.8 want: ^0.19.2
2278 silly placeDep ROOT @humanfs/types@0.15.0 OK for: @humanfs/node@0.16.8 want: ^0.15.0
2279 silly placeDep ROOT ansi-styles@4.3.0 OK for: chalk@4.1.2 want: ^4.1.0
2280 silly placeDep ROOT supports-color@7.2.0 OK for: chalk@4.1.2 want: ^7.1.0
2281 silly fetch manifest color-convert@^2.0.1
2282 silly packumentCache full:https://registry.npmjs.org/color-convert cache-miss
2283 silly fetch manifest has-flag@^4.0.0
2284 silly packumentCache full:https://registry.npmjs.org/has-flag cache-miss
2285 http fetch GET 200 https://registry.npmjs.org/has-flag 30ms (cache miss)
2286 silly packumentCache full:https://registry.npmjs.org/has-flag set size:undefined disposed:false
2287 http fetch GET 200 https://registry.npmjs.org/color-convert 47ms (cache miss)
2288 silly packumentCache full:https://registry.npmjs.org/color-convert set size:undefined disposed:false
2289 silly placeDep ROOT color-convert@2.0.1 OK for: ansi-styles@4.3.0 want: ^2.0.1
2290 silly fetch manifest color-name@~1.1.4
2291 silly packumentCache full:https://registry.npmjs.org/color-name cache-miss
2292 http fetch GET 200 https://registry.npmjs.org/color-name 28ms (cache miss)
2293 silly packumentCache full:https://registry.npmjs.org/color-name set size:undefined disposed:false
2294 silly placeDep ROOT color-name@1.1.4 OK for: color-convert@2.0.1 want: ~1.1.4
2295 silly placeDep ROOT path-key@3.1.1 OK for: cross-spawn@7.0.6 want: ^3.1.0
2296 silly placeDep ROOT shebang-command@2.0.0 OK for: cross-spawn@7.0.6 want: ^2.0.0
2297 silly placeDep ROOT which@2.0.2 OK for: cross-spawn@7.0.6 want: ^2.0.1
2298 silly fetch manifest shebang-regex@^3.0.0
2299 silly packumentCache full:https://registry.npmjs.org/shebang-regex cache-miss
2300 silly fetch manifest isexe@^2.0.0
2301 silly packumentCache full:https://registry.npmjs.org/isexe cache-miss
2302 http fetch GET 200 https://registry.npmjs.org/shebang-regex 26ms (cache miss)
2303 silly packumentCache full:https://registry.npmjs.org/shebang-regex set size:undefined disposed:false
2304 http fetch GET 200 https://registry.npmjs.org/isexe 27ms (cache miss)
2305 silly packumentCache full:https://registry.npmjs.org/isexe set size:undefined disposed:false
2306 silly placeDep ROOT ms@2.1.3 OK for: debug@4.4.3 want: ^2.1.3
2307 silly fetch manifest eslint@>=9.0.0
2308 silly packumentCache full:https://registry.npmjs.org/eslint cache-miss
2309 http cache https://registry.npmjs.org/eslint 6ms (cache hit)
2310 silly packumentCache full:https://registry.npmjs.org/eslint set size:1997485 disposed:false
2311 silly fetch manifest typescript@>=3.3.1
2312 silly packumentCache full:https://registry.npmjs.org/typescript cache-miss
2313 http cache https://registry.npmjs.org/typescript 39ms (cache hit)
2314 silly packumentCache full:https://registry.npmjs.org/typescript set size:15409943 disposed:false
2315 silly fetch manifest eslint@^3 || ^4 || ^5 || ^6 || ^7 || ^8 || ^9.7
2316 silly packumentCache full:https://registry.npmjs.org/eslint cache-miss
2317 http cache https://registry.npmjs.org/eslint 6ms (cache hit)
2318 silly packumentCache full:https://registry.npmjs.org/eslint set size:1997485 disposed:false
2319 silly fetch manifest eslint@^2 || ^3 || ^4 || ^5 || ^6 || ^7.2.0 || ^8 || ^9
2320 silly packumentCache full:https://registry.npmjs.org/eslint cache-miss
2321 http cache https://registry.npmjs.org/eslint 16ms (cache hit)
2322 silly packumentCache full:https://registry.npmjs.org/eslint set size:1997485 disposed:false
2323 silly fetch manifest eslint@^3 || ^4 || ^5 || ^6 || ^7 || ^8 || ^9
2324 silly packumentCache full:https://registry.npmjs.org/eslint cache-miss
2325 http cache https://registry.npmjs.org/eslint 7ms (cache hit)
2326 silly packumentCache full:https://registry.npmjs.org/eslint set size:1997485 disposed:false
2327 silly fetch manifest eslint-plugin-import-x@*
2328 silly packumentCache full:https://registry.npmjs.org/eslint-plugin-import-x cache-miss
2329 http fetch GET 200 https://registry.npmjs.org/eslint-plugin-import-x 39ms (cache miss)
2330 silly packumentCache full:https://registry.npmjs.org/eslint-plugin-import-x set size:undefined disposed:false
2331 silly fetch manifest @typescript-eslint/utils@^8.56.0
2332 silly packumentCache full:https://registry.npmjs.org/@typescript-eslint%2futils cache-miss
2333 http fetch GET 200 https://registry.npmjs.org/@typescript-eslint%2futils 626ms (cache miss)
2334 silly packumentCache full:https://registry.npmjs.org/@typescript-eslint%2futils set size:undefined disposed:false
2335 silly placeDep ROOT @next/eslint-plugin-next@16.2.4 OK for: eslint-config-next@16.2.4 want: 16.2.4
2336 silly placeDep ROOT eslint-import-resolver-node@0.3.10 OK for: eslint-config-next@16.2.4 want: ^0.3.6
2337 silly placeDep ROOT eslint-import-resolver-typescript@3.10.1 OK for: eslint-config-next@16.2.4 want: ^3.5.2
2338 silly placeDep ROOT eslint-plugin-import@2.32.0 OK for: eslint-config-next@16.2.4 want: ^2.32.0
2339 silly placeDep ROOT eslint-plugin-jsx-a11y@6.10.2 OK for: eslint-config-next@16.2.4 want: ^6.10.0
2340 silly placeDep ROOT eslint-plugin-react@7.37.5 OK for: eslint-config-next@16.2.4 want: ^7.37.0
2341 silly placeDep ROOT eslint-plugin-react-hooks@7.1.1 OK for: eslint-config-next@16.2.4 want: ^7.0.0
2342 silly placeDep node_modules/eslint-config-next globals@16.4.0 OK for: eslint-config-next@16.2.4 want: 16.4.0
2343 silly placeDep ROOT typescript-eslint@8.59.3 OK for: eslint-config-next@16.2.4 want: ^8.46.0
2344 silly fetch manifest fast-glob@3.3.1
2345 silly packumentCache full:https://registry.npmjs.org/fast-glob cache-miss
2346 silly fetch manifest debug@^3.2.7
2347 silly packumentCache full:https://registry.npmjs.org/debug cache-hit
2348 silly fetch manifest resolve@^2.0.0-next.6
2349 silly packumentCache full:https://registry.npmjs.org/resolve cache-miss
2350 silly fetch manifest is-core-module@^2.16.1
2351 silly packumentCache full:https://registry.npmjs.org/is-core-module cache-miss
2352 silly fetch manifest tinyglobby@^0.2.13
2353 silly packumentCache full:https://registry.npmjs.org/tinyglobby cache-miss
2354 silly fetch manifest stable-hash@^0.0.5
2355 silly packumentCache full:https://registry.npmjs.org/stable-hash cache-miss
2356 silly fetch manifest get-tsconfig@^4.10.0
2357 silly packumentCache full:https://registry.npmjs.org/get-tsconfig cache-miss
2358 silly fetch manifest is-bun-module@^2.0.0
2359 silly packumentCache full:https://registry.npmjs.org/is-bun-module cache-miss
2360 silly fetch manifest unrs-resolver@^1.6.2
2361 silly packumentCache full:https://registry.npmjs.org/unrs-resolver cache-miss
2362 silly fetch manifest @nolyfill/is-core-module@1.0.39
2363 silly packumentCache full:https://registry.npmjs.org/@nolyfill%2fis-core-module cache-miss
2364 silly fetch manifest @rtsao/scc@^1.1.0
2365 silly packumentCache full:https://registry.npmjs.org/@rtsao%2fscc cache-miss
2366 silly fetch manifest array-includes@^3.1.9
2367 silly packumentCache full:https://registry.npmjs.org/array-includes cache-miss
2368 silly fetch manifest array.prototype.findlastindex@^1.2.6
2369 silly packumentCache full:https://registry.npmjs.org/array.prototype.findlastindex cache-miss
2370 silly fetch manifest array.prototype.flat@^1.3.3
2371 silly packumentCache full:https://registry.npmjs.org/array.prototype.flat cache-miss
2372 silly fetch manifest array.prototype.flatmap@^1.3.3
2373 silly packumentCache full:https://registry.npmjs.org/array.prototype.flatmap cache-miss
2374 silly fetch manifest doctrine@^2.1.0
2375 silly packumentCache full:https://registry.npmjs.org/doctrine cache-miss
2376 http fetch GET 200 https://registry.npmjs.org/stable-hash 95ms (cache miss)
2377 silly packumentCache full:https://registry.npmjs.org/stable-hash set size:undefined disposed:false
2378 silly fetch manifest eslint-module-utils@^2.12.1
2379 silly packumentCache full:https://registry.npmjs.org/eslint-module-utils cache-miss
2380 http fetch GET 200 https://registry.npmjs.org/is-bun-module 99ms (cache miss)
2381 silly packumentCache full:https://registry.npmjs.org/is-bun-module set size:undefined disposed:false
2382 silly fetch manifest hasown@^2.0.2
2383 silly packumentCache full:https://registry.npmjs.org/hasown cache-miss
2384 http fetch GET 200 https://registry.npmjs.org/array.prototype.findlastindex 104ms (cache miss)
2385 silly packumentCache full:https://registry.npmjs.org/array.prototype.findlastindex set size:undefined disposed:false
2386 silly fetch manifest is-core-module@^2.16.1
2387 silly packumentCache full:https://registry.npmjs.org/is-core-module cache-miss
2388 http fetch GET 200 https://registry.npmjs.org/tinyglobby 116ms (cache miss)
2389 silly packumentCache full:https://registry.npmjs.org/tinyglobby set size:undefined disposed:false
2390 silly fetch manifest object.fromentries@^2.0.8
2391 silly packumentCache full:https://registry.npmjs.org/object.fromentries cache-miss
2392 http fetch GET 200 https://registry.npmjs.org/doctrine 114ms (cache miss)
2393 silly packumentCache full:https://registry.npmjs.org/doctrine set size:undefined disposed:false
2394 silly fetch manifest object.groupby@^1.0.3
2395 silly packumentCache full:https://registry.npmjs.org/object.groupby cache-miss
2396 http fetch GET 200 https://registry.npmjs.org/array.prototype.flat 123ms (cache miss)
2397 silly packumentCache full:https://registry.npmjs.org/array.prototype.flat set size:undefined disposed:false
2398 silly fetch manifest object.values@^1.2.1
2399 silly packumentCache full:https://registry.npmjs.org/object.values cache-miss
2400 http fetch GET 200 https://registry.npmjs.org/@nolyfill%2fis-core-module 130ms (cache miss)
2401 silly packumentCache full:https://registry.npmjs.org/@nolyfill%2fis-core-module set size:undefined disposed:false
2402 silly fetch manifest semver@^6.3.1
2403 silly packumentCache full:https://registry.npmjs.org/semver cache-miss
2404 http fetch GET 200 https://registry.npmjs.org/@rtsao%2fscc 132ms (cache miss)
2405 silly packumentCache full:https://registry.npmjs.org/@rtsao%2fscc set size:undefined disposed:false
2406 silly fetch manifest string.prototype.trimend@^1.0.9
2407 silly packumentCache full:https://registry.npmjs.org/string.prototype.trimend cache-miss
2408 http fetch GET 200 https://registry.npmjs.org/array.prototype.flatmap 143ms (cache miss)
2409 silly packumentCache full:https://registry.npmjs.org/array.prototype.flatmap set size:undefined disposed:false
2410 silly fetch manifest tsconfig-paths@^3.15.0
2411 silly packumentCache full:https://registry.npmjs.org/tsconfig-paths cache-miss
2412 http fetch GET 200 https://registry.npmjs.org/array-includes 151ms (cache miss)
2413 silly packumentCache full:https://registry.npmjs.org/array-includes set size:undefined disposed:false
2414 silly fetch manifest aria-query@^5.3.2
2415 silly packumentCache full:https://registry.npmjs.org/aria-query cache-miss
2416 http fetch GET 200 https://registry.npmjs.org/is-core-module 167ms (cache miss)
2417 silly packumentCache full:https://registry.npmjs.org/is-core-module set size:undefined disposed:false
2418 silly fetch manifest array-includes@^3.1.8
2419 silly packumentCache full:https://registry.npmjs.org/array-includes cache-miss
2420 http fetch GET 200 https://registry.npmjs.org/get-tsconfig 169ms (cache miss)
2421 silly packumentCache full:https://registry.npmjs.org/get-tsconfig set size:undefined disposed:false
2422 silly fetch manifest array.prototype.flatmap@^1.3.2
2423 silly packumentCache full:https://registry.npmjs.org/array.prototype.flatmap cache-miss
2424 http fetch GET 200 https://registry.npmjs.org/unrs-resolver 174ms (cache miss)
2425 silly packumentCache full:https://registry.npmjs.org/unrs-resolver set size:undefined disposed:false
2426 silly fetch manifest ast-types-flow@^0.0.8
2427 silly packumentCache full:https://registry.npmjs.org/ast-types-flow cache-miss
2428 http fetch GET 200 https://registry.npmjs.org/fast-glob 185ms (cache miss)
2429 silly packumentCache full:https://registry.npmjs.org/fast-glob set size:undefined disposed:false
2430 silly fetch manifest axe-core@^4.10.0
2431 silly packumentCache full:https://registry.npmjs.org/axe-core cache-miss
2432 http fetch GET 200 https://registry.npmjs.org/resolve 199ms (cache miss)
2433 silly packumentCache full:https://registry.npmjs.org/resolve set size:undefined disposed:false
2434 silly fetch manifest axobject-query@^4.1.0
2435 silly packumentCache full:https://registry.npmjs.org/axobject-query cache-miss
2436 http fetch GET 200 https://registry.npmjs.org/hasown 107ms (cache miss)
2437 silly packumentCache full:https://registry.npmjs.org/hasown set size:undefined disposed:false
2438 silly fetch manifest damerau-levenshtein@^1.0.8
2439 silly packumentCache full:https://registry.npmjs.org/damerau-levenshtein cache-miss
2440 http cache https://registry.npmjs.org/semver 81ms (cache hit)
2441 silly packumentCache full:https://registry.npmjs.org/semver set size:233058 disposed:false
2442 silly fetch manifest emoji-regex@^9.2.2
2443 silly packumentCache full:https://registry.npmjs.org/emoji-regex cache-miss
2444 http fetch GET 200 https://registry.npmjs.org/object.groupby 99ms (cache miss)
2445 silly packumentCache full:https://registry.npmjs.org/object.groupby set size:undefined disposed:false
2446 silly fetch manifest jsx-ast-utils@^3.3.5
2447 silly packumentCache full:https://registry.npmjs.org/jsx-ast-utils cache-miss
2448 http fetch GET 200 https://registry.npmjs.org/eslint-module-utils 133ms (cache miss)
2449 silly packumentCache full:https://registry.npmjs.org/eslint-module-utils set size:undefined disposed:false
2450 silly fetch manifest language-tags@^1.0.9
2451 silly packumentCache full:https://registry.npmjs.org/language-tags cache-miss
2452 http fetch GET 200 https://registry.npmjs.org/is-core-module 125ms (cache miss)
2453 silly packumentCache full:https://registry.npmjs.org/is-core-module set size:undefined disposed:false
2454 silly fetch manifest object.fromentries@^2.0.8
2455 silly packumentCache full:https://registry.npmjs.org/object.fromentries cache-miss
2456 http fetch GET 200 https://registry.npmjs.org/object.fromentries 125ms (cache miss)
2457 silly packumentCache full:https://registry.npmjs.org/object.fromentries set size:undefined disposed:false
2458 silly fetch manifest safe-regex-test@^1.0.3
2459 silly packumentCache full:https://registry.npmjs.org/safe-regex-test cache-miss
2460 http fetch GET 200 https://registry.npmjs.org/object.values 115ms (cache miss)
2461 silly packumentCache full:https://registry.npmjs.org/object.values set size:undefined disposed:false
2462 silly fetch manifest string.prototype.includes@^2.0.1
2463 silly packumentCache full:https://registry.npmjs.org/string.prototype.includes cache-miss
2464 http cache https://registry.npmjs.org/array.prototype.flatmap 73ms (cache hit)
2465 silly packumentCache full:https://registry.npmjs.org/array.prototype.flatmap set size:51458 disposed:false
2466 silly fetch manifest array-includes@^3.1.8
2467 silly packumentCache full:https://registry.npmjs.org/array-includes cache-miss
2468 http cache https://registry.npmjs.org/array-includes 84ms (cache hit)
2469 silly packumentCache full:https://registry.npmjs.org/array-includes set size:77143 disposed:false
2470 silly fetch manifest array.prototype.findlast@^1.2.5
2471 silly packumentCache full:https://registry.npmjs.org/array.prototype.findlast cache-miss
2472 http fetch GET 200 https://registry.npmjs.org/aria-query 125ms (cache miss)
2473 silly packumentCache full:https://registry.npmjs.org/aria-query set size:undefined disposed:false
2474 silly fetch manifest array.prototype.tosorted@^1.1.4
2475 silly packumentCache full:https://registry.npmjs.org/array.prototype.tosorted cache-miss
2476 http fetch GET 200 https://registry.npmjs.org/ast-types-flow 114ms (cache miss)
2477 silly packumentCache full:https://registry.npmjs.org/ast-types-flow set size:undefined disposed:false
2478 silly fetch manifest es-iterator-helpers@^1.2.1
2479 silly packumentCache full:https://registry.npmjs.org/es-iterator-helpers cache-miss
2480 http fetch GET 200 https://registry.npmjs.org/tsconfig-paths 152ms (cache miss)
2481 silly packumentCache full:https://registry.npmjs.org/tsconfig-paths set size:undefined disposed:false
2482 silly fetch manifest estraverse@^5.3.0
2483 silly packumentCache full:https://registry.npmjs.org/estraverse cache-miss
2484 http fetch GET 200 https://registry.npmjs.org/damerau-levenshtein 99ms (cache miss)
2485 silly packumentCache full:https://registry.npmjs.org/damerau-levenshtein set size:undefined disposed:false
2486 silly fetch manifest jsx-ast-utils@^2.4.1 || ^3.0.0
2487 silly packumentCache full:https://registry.npmjs.org/jsx-ast-utils cache-miss
2488 http cache https://registry.npmjs.org/object.fromentries 80ms (cache hit)
2489 silly packumentCache full:https://registry.npmjs.org/object.fromentries set size:37686 disposed:false
2490 silly fetch manifest object.entries@^1.1.9
2491 silly packumentCache full:https://registry.npmjs.org/object.entries cache-miss
2492 http fetch GET 200 https://registry.npmjs.org/axobject-query 122ms (cache miss)
2493 silly packumentCache full:https://registry.npmjs.org/axobject-query set size:undefined disposed:false
2494 silly fetch manifest prop-types@^15.8.1
2495 silly packumentCache full:https://registry.npmjs.org/prop-types cache-miss
2496 http cache https://registry.npmjs.org/array-includes 77ms (cache hit)
2497 silly packumentCache full:https://registry.npmjs.org/array-includes set size:77143 disposed:false
2498 silly packumentCache full:https://registry.npmjs.org/array-includes dispose
2499 silly fetch manifest resolve@^2.0.0-next.5
2500 silly packumentCache full:https://registry.npmjs.org/resolve cache-miss
2501 http fetch GET 200 https://registry.npmjs.org/emoji-regex 111ms (cache miss)
2502 silly packumentCache full:https://registry.npmjs.org/emoji-regex set size:undefined disposed:false
2503 silly fetch manifest string.prototype.matchall@^4.0.12
2504 silly packumentCache full:https://registry.npmjs.org/string.prototype.matchall cache-miss
2505 http fetch GET 200 https://registry.npmjs.org/language-tags 100ms (cache miss)
2506 silly packumentCache full:https://registry.npmjs.org/language-tags set size:undefined disposed:false
2507 silly fetch manifest string.prototype.repeat@^1.0.0
2508 silly packumentCache full:https://registry.npmjs.org/string.prototype.repeat cache-miss
2509 http fetch GET 200 https://registry.npmjs.org/safe-regex-test 93ms (cache miss)
2510 silly packumentCache full:https://registry.npmjs.org/safe-regex-test set size:undefined disposed:false
2511 silly fetch manifest @babel/core@^7.24.4
2512 silly packumentCache full:https://registry.npmjs.org/@babel%2fcore cache-miss
2513 http fetch GET 200 https://registry.npmjs.org/jsx-ast-utils 119ms (cache miss)
2514 silly packumentCache full:https://registry.npmjs.org/jsx-ast-utils set size:undefined disposed:false
2515 silly fetch manifest @babel/parser@^7.24.4
2516 silly packumentCache full:https://registry.npmjs.org/@babel%2fparser cache-miss
2517 http fetch GET 200 https://registry.npmjs.org/array.prototype.findlast 99ms (cache miss)
2518 silly packumentCache full:https://registry.npmjs.org/array.prototype.findlast set size:undefined disposed:false
2519 silly fetch manifest hermes-parser@^0.25.1
2520 silly packumentCache full:https://registry.npmjs.org/hermes-parser cache-miss
2521 http cache https://registry.npmjs.org/estraverse 57ms (cache hit)
2522 silly packumentCache full:https://registry.npmjs.org/estraverse set size:62412 disposed:false
2523 silly fetch manifest zod-validation-error@^3.5.0 || ^4.0.0
2524 silly packumentCache full:https://registry.npmjs.org/zod-validation-error cache-miss
2525 http fetch GET 200 https://registry.npmjs.org/array.prototype.tosorted 85ms (cache miss)
2526 silly packumentCache full:https://registry.npmjs.org/array.prototype.tosorted set size:undefined disposed:false
2527 silly fetch manifest @typescript-eslint/utils@8.59.3
2528 silly packumentCache full:https://registry.npmjs.org/@typescript-eslint%2futils cache-miss
2529 http cache https://registry.npmjs.org/resolve 49ms (cache hit)
2530 silly packumentCache full:https://registry.npmjs.org/resolve set size:244568 disposed:false
2531 silly fetch manifest @typescript-eslint/parser@8.59.3
2532 silly packumentCache full:https://registry.npmjs.org/@typescript-eslint%2fparser cache-miss
2533 http cache https://registry.npmjs.org/@babel%2fcore 47ms (cache hit)
2534 silly packumentCache full:https://registry.npmjs.org/@babel%2fcore set size:768033 disposed:false
2535 silly fetch manifest @typescript-eslint/eslint-plugin@8.59.3
2536 silly packumentCache full:https://registry.npmjs.org/@typescript-eslint%2feslint-plugin cache-miss
2537 http fetch GET 200 https://registry.npmjs.org/string.prototype.repeat 76ms (cache miss)
2538 silly packumentCache full:https://registry.npmjs.org/string.prototype.repeat set size:undefined disposed:false
2539 silly fetch manifest @typescript-eslint/typescript-estree@8.59.3
2540 silly packumentCache full:https://registry.npmjs.org/@typescript-eslint%2ftypescript-estree cache-miss
2541 http fetch GET 200 https://registry.npmjs.org/jsx-ast-utils 107ms (cache miss)
2542 silly packumentCache full:https://registry.npmjs.org/jsx-ast-utils set size:undefined disposed:false
2543 http fetch GET 200 https://registry.npmjs.org/object.entries 105ms (cache miss)
2544 silly packumentCache full:https://registry.npmjs.org/object.entries set size:undefined disposed:false
2545 http fetch GET 200 https://registry.npmjs.org/prop-types 104ms (cache miss)
2546 silly packumentCache full:https://registry.npmjs.org/prop-types set size:undefined disposed:false
2547 http fetch GET 200 https://registry.npmjs.org/es-iterator-helpers 140ms (cache miss)
2548 silly packumentCache full:https://registry.npmjs.org/es-iterator-helpers set size:undefined disposed:false
2549 http cache https://registry.npmjs.org/@typescript-eslint%2futils 96ms (cache hit)
2550 silly packumentCache full:https://registry.npmjs.org/@typescript-eslint%2futils set size:10103138 disposed:false
2551 http fetch GET 200 https://registry.npmjs.org/hermes-parser 209ms (cache miss)
2552 silly packumentCache full:https://registry.npmjs.org/hermes-parser set size:undefined disposed:false
2553 http fetch GET 200 https://registry.npmjs.org/zod-validation-error 199ms (cache miss)
2554 silly packumentCache full:https://registry.npmjs.org/zod-validation-error set size:undefined disposed:false
2555 http fetch GET 200 https://registry.npmjs.org/string.prototype.includes 325ms (cache miss)
2556 silly packumentCache full:https://registry.npmjs.org/string.prototype.includes set size:undefined disposed:false
2557 http fetch GET 200 https://registry.npmjs.org/string.prototype.trimend 437ms (cache miss)
2558 silly packumentCache full:https://registry.npmjs.org/string.prototype.trimend set size:undefined disposed:false
2559 http fetch GET 200 https://registry.npmjs.org/string.prototype.matchall 336ms (cache miss)
2560 silly packumentCache full:https://registry.npmjs.org/string.prototype.matchall set size:undefined disposed:false
2561 http fetch GET 200 https://registry.npmjs.org/axe-core 811ms (cache miss)
2562 silly packumentCache full:https://registry.npmjs.org/axe-core set size:undefined disposed:false
2563 http fetch GET 200 https://registry.npmjs.org/@babel%2fparser 699ms (cache miss)
2564 silly packumentCache full:https://registry.npmjs.org/@babel%2fparser set size:undefined disposed:false
2565 http fetch GET 200 https://registry.npmjs.org/@typescript-eslint%2feslint-plugin 687ms (cache miss)
2566 silly packumentCache full:https://registry.npmjs.org/@typescript-eslint%2feslint-plugin set size:undefined disposed:false
2567 http fetch GET 200 https://registry.npmjs.org/@typescript-eslint%2ftypescript-estree 807ms (cache miss)
2568 silly packumentCache full:https://registry.npmjs.org/@typescript-eslint%2ftypescript-estree set size:undefined disposed:false
2569 http fetch GET 200 https://registry.npmjs.org/@typescript-eslint%2fparser 1308ms (cache miss)
2570 silly packumentCache full:https://registry.npmjs.org/@typescript-eslint%2fparser set size:undefined disposed:false
2571 silly placeDep ROOT fast-glob@3.3.1 OK for: @next/eslint-plugin-next@16.2.4 want: 3.3.1
2572 silly fetch manifest merge2@^1.3.0
2573 silly packumentCache full:https://registry.npmjs.org/merge2 cache-miss
2574 silly fetch manifest micromatch@^4.0.4
2575 silly packumentCache full:https://registry.npmjs.org/micromatch cache-miss
2576 silly fetch manifest glob-parent@^5.1.2
2577 silly packumentCache full:https://registry.npmjs.org/glob-parent cache-miss
2578 silly fetch manifest @nodelib/fs.stat@^2.0.2
2579 silly packumentCache full:https://registry.npmjs.org/@nodelib%2ffs.stat cache-miss
2580 silly fetch manifest @nodelib/fs.walk@^1.2.3
2581 silly packumentCache full:https://registry.npmjs.org/@nodelib%2ffs.walk cache-miss
2582 http cache https://registry.npmjs.org/glob-parent 6ms (cache hit)
2583 silly packumentCache full:https://registry.npmjs.org/glob-parent set size:42445 disposed:false
2584 http fetch GET 200 https://registry.npmjs.org/merge2 37ms (cache miss)
2585 silly packumentCache full:https://registry.npmjs.org/merge2 set size:undefined disposed:false
2586 http fetch GET 200 https://registry.npmjs.org/@nodelib%2ffs.stat 45ms (cache miss)
2587 silly packumentCache full:https://registry.npmjs.org/@nodelib%2ffs.stat set size:undefined disposed:false
2588 http fetch GET 200 https://registry.npmjs.org/micromatch 46ms (cache miss)
2589 silly packumentCache full:https://registry.npmjs.org/micromatch set size:undefined disposed:false
2590 http fetch GET 200 https://registry.npmjs.org/@nodelib%2ffs.walk 71ms (cache miss)
2591 silly packumentCache full:https://registry.npmjs.org/@nodelib%2ffs.walk set size:undefined disposed:false
2592 silly placeDep node_modules/eslint-import-resolver-node debug@3.2.7 OK for: eslint-import-resolver-node@0.3.10 want: ^3.2.7
2593 silly placeDep ROOT is-core-module@2.16.2 OK for: eslint-import-resolver-node@0.3.10 want: ^2.16.1
2594 silly placeDep ROOT resolve@2.0.0-next.7 OK for: eslint-import-resolver-node@0.3.10 want: ^2.0.0-next.6
2595 silly fetch manifest hasown@^2.0.3
2596 silly packumentCache full:https://registry.npmjs.org/hasown cache-miss
2597 silly fetch manifest es-errors@^1.3.0
2598 silly packumentCache full:https://registry.npmjs.org/es-errors cache-miss
2599 silly fetch manifest node-exports-info@^1.6.0
2600 silly packumentCache full:https://registry.npmjs.org/node-exports-info cache-miss
2601 silly fetch manifest object-keys@^1.1.1
2602 silly packumentCache full:https://registry.npmjs.org/object-keys cache-miss
2603 silly fetch manifest path-parse@^1.0.7
2604 silly packumentCache full:https://registry.npmjs.org/path-parse cache-miss
2605 silly fetch manifest supports-preserve-symlinks-flag@^1.0.0
2606 silly packumentCache full:https://registry.npmjs.org/supports-preserve-symlinks-flag cache-miss
2607 http cache https://registry.npmjs.org/hasown 7ms (cache hit)
2608 silly packumentCache full:https://registry.npmjs.org/hasown set size:15429 disposed:false
2609 http fetch GET 200 https://registry.npmjs.org/object-keys 27ms (cache miss)
2610 silly packumentCache full:https://registry.npmjs.org/object-keys set size:undefined disposed:false
2611 http fetch GET 200 https://registry.npmjs.org/path-parse 32ms (cache miss)
2612 silly packumentCache full:https://registry.npmjs.org/path-parse set size:undefined disposed:false
2613 http fetch GET 200 https://registry.npmjs.org/node-exports-info 35ms (cache miss)
2614 silly packumentCache full:https://registry.npmjs.org/node-exports-info set size:undefined disposed:false
2615 http fetch GET 200 https://registry.npmjs.org/es-errors 38ms (cache miss)
2616 silly packumentCache full:https://registry.npmjs.org/es-errors set size:undefined disposed:false
2617 http fetch GET 200 https://registry.npmjs.org/supports-preserve-symlinks-flag 37ms (cache miss)
2618 silly packumentCache full:https://registry.npmjs.org/supports-preserve-symlinks-flag set size:undefined disposed:false
2619 silly placeDep ROOT @nolyfill/is-core-module@1.0.39 OK for: eslint-import-resolver-typescript@3.10.1 want: 1.0.39
2620 silly placeDep ROOT get-tsconfig@4.14.0 OK for: eslint-import-resolver-typescript@3.10.1 want: ^4.10.0
2621 silly placeDep ROOT is-bun-module@2.0.0 OK for: eslint-import-resolver-typescript@3.10.1 want: ^2.0.0
2622 silly placeDep ROOT stable-hash@0.0.5 OK for: eslint-import-resolver-typescript@3.10.1 want: ^0.0.5
2623 silly placeDep ROOT tinyglobby@0.2.16 OK for: eslint-import-resolver-typescript@3.10.1 want: ^0.2.13
2624 silly placeDep ROOT unrs-resolver@1.11.1 OK for: eslint-import-resolver-typescript@3.10.1 want: ^1.6.2
2625 silly fetch manifest resolve-pkg-maps@^1.0.0
2626 silly packumentCache full:https://registry.npmjs.org/resolve-pkg-maps cache-miss
2627 silly fetch manifest semver@^7.7.1
2628 silly packumentCache full:https://registry.npmjs.org/semver cache-hit
2629 silly fetch manifest fdir@^6.5.0
2630 silly packumentCache full:https://registry.npmjs.org/fdir cache-miss
2631 silly fetch manifest picomatch@^4.0.4
2632 silly packumentCache full:https://registry.npmjs.org/picomatch cache-miss
2633 silly fetch manifest napi-postinstall@^0.3.0
2634 silly packumentCache full:https://registry.npmjs.org/napi-postinstall cache-miss
2635 silly fetch manifest @unrs/resolver-binding-win32-x64-msvc@1.11.1
2636 silly packumentCache full:https://registry.npmjs.org/@unrs%2fresolver-binding-win32-x64-msvc cache-miss
2637 silly fetch manifest @unrs/resolver-binding-win32-arm64-msvc@1.11.1
2638 silly packumentCache full:https://registry.npmjs.org/@unrs%2fresolver-binding-win32-arm64-msvc cache-miss
2639 silly fetch manifest @unrs/resolver-binding-win32-ia32-msvc@1.11.1
2640 silly packumentCache full:https://registry.npmjs.org/@unrs%2fresolver-binding-win32-ia32-msvc cache-miss
2641 silly fetch manifest @unrs/resolver-binding-linux-x64-gnu@1.11.1
2642 silly packumentCache full:https://registry.npmjs.org/@unrs%2fresolver-binding-linux-x64-gnu cache-miss
2643 silly fetch manifest @unrs/resolver-binding-linux-x64-musl@1.11.1
2644 silly packumentCache full:https://registry.npmjs.org/@unrs%2fresolver-binding-linux-x64-musl cache-miss
2645 silly fetch manifest @unrs/resolver-binding-freebsd-x64@1.11.1
2646 silly packumentCache full:https://registry.npmjs.org/@unrs%2fresolver-binding-freebsd-x64 cache-miss
2647 silly fetch manifest @unrs/resolver-binding-android-arm64@1.11.1
2648 silly packumentCache full:https://registry.npmjs.org/@unrs%2fresolver-binding-android-arm64 cache-miss
2649 silly fetch manifest @unrs/resolver-binding-linux-arm64-gnu@1.11.1
2650 silly packumentCache full:https://registry.npmjs.org/@unrs%2fresolver-binding-linux-arm64-gnu cache-miss
2651 silly fetch manifest @unrs/resolver-binding-linux-arm64-musl@1.11.1
2652 silly packumentCache full:https://registry.npmjs.org/@unrs%2fresolver-binding-linux-arm64-musl cache-miss
2653 silly fetch manifest @unrs/resolver-binding-android-arm-eabi@1.11.1
2654 silly packumentCache full:https://registry.npmjs.org/@unrs%2fresolver-binding-android-arm-eabi cache-miss
2655 silly fetch manifest @unrs/resolver-binding-linux-arm-gnueabihf@1.11.1
2656 silly packumentCache full:https://registry.npmjs.org/@unrs%2fresolver-binding-linux-arm-gnueabihf cache-miss
2657 http fetch GET 200 https://registry.npmjs.org/resolve-pkg-maps 35ms (cache miss)
2658 silly packumentCache full:https://registry.npmjs.org/resolve-pkg-maps set size:undefined disposed:false
2659 silly fetch manifest @unrs/resolver-binding-linux-arm-musleabihf@1.11.1
2660 silly packumentCache full:https://registry.npmjs.org/@unrs%2fresolver-binding-linux-arm-musleabihf cache-miss
2661 http fetch GET 200 https://registry.npmjs.org/napi-postinstall 41ms (cache miss)
2662 silly packumentCache full:https://registry.npmjs.org/napi-postinstall set size:undefined disposed:false
2663 silly fetch manifest @unrs/resolver-binding-linux-ppc64-gnu@1.11.1
2664 silly packumentCache full:https://registry.npmjs.org/@unrs%2fresolver-binding-linux-ppc64-gnu cache-miss
2665 http fetch GET 200 https://registry.npmjs.org/picomatch 43ms (cache miss)
2666 silly packumentCache full:https://registry.npmjs.org/picomatch set size:undefined disposed:false
2667 silly fetch manifest @unrs/resolver-binding-linux-riscv64-gnu@1.11.1
2668 silly packumentCache full:https://registry.npmjs.org/@unrs%2fresolver-binding-linux-riscv64-gnu cache-miss
2669 http fetch GET 200 https://registry.npmjs.org/@unrs%2fresolver-binding-android-arm64 50ms (cache miss)
2670 silly packumentCache full:https://registry.npmjs.org/@unrs%2fresolver-binding-android-arm64 set size:undefined disposed:false
2671 silly fetch manifest @unrs/resolver-binding-linux-riscv64-musl@1.11.1
2672 silly packumentCache full:https://registry.npmjs.org/@unrs%2fresolver-binding-linux-riscv64-musl cache-miss
2673 http fetch GET 200 https://registry.npmjs.org/@unrs%2fresolver-binding-android-arm-eabi 51ms (cache miss)
2674 silly packumentCache full:https://registry.npmjs.org/@unrs%2fresolver-binding-android-arm-eabi set size:undefined disposed:false
2675 silly fetch manifest @unrs/resolver-binding-linux-s390x-gnu@1.11.1
2676 silly packumentCache full:https://registry.npmjs.org/@unrs%2fresolver-binding-linux-s390x-gnu cache-miss
2677 http fetch GET 200 https://registry.npmjs.org/@unrs%2fresolver-binding-linux-arm64-gnu 54ms (cache miss)
2678 silly packumentCache full:https://registry.npmjs.org/@unrs%2fresolver-binding-linux-arm64-gnu set size:undefined disposed:false
2679 silly fetch manifest @unrs/resolver-binding-darwin-x64@1.11.1
2680 silly packumentCache full:https://registry.npmjs.org/@unrs%2fresolver-binding-darwin-x64 cache-miss
2681 http fetch GET 200 https://registry.npmjs.org/@unrs%2fresolver-binding-win32-x64-msvc 58ms (cache miss)
2682 silly packumentCache full:https://registry.npmjs.org/@unrs%2fresolver-binding-win32-x64-msvc set size:undefined disposed:false
2683 silly fetch manifest @unrs/resolver-binding-darwin-arm64@1.11.1
2684 silly packumentCache full:https://registry.npmjs.org/@unrs%2fresolver-binding-darwin-arm64 cache-miss
2685 http fetch GET 200 https://registry.npmjs.org/fdir 60ms (cache miss)
2686 silly packumentCache full:https://registry.npmjs.org/fdir set size:undefined disposed:false
2687 silly fetch manifest @unrs/resolver-binding-wasm32-wasi@1.11.1
2688 silly packumentCache full:https://registry.npmjs.org/@unrs%2fresolver-binding-wasm32-wasi cache-miss
2689 http fetch GET 200 https://registry.npmjs.org/@unrs%2fresolver-binding-linux-arm-gnueabihf 63ms (cache miss)
2690 silly packumentCache full:https://registry.npmjs.org/@unrs%2fresolver-binding-linux-arm-gnueabihf set size:undefined disposed:false
2691 http fetch GET 200 https://registry.npmjs.org/@unrs%2fresolver-binding-linux-arm-musleabihf 55ms (cache miss)
2692 silly packumentCache full:https://registry.npmjs.org/@unrs%2fresolver-binding-linux-arm-musleabihf set size:undefined disposed:false
2693 http fetch GET 200 https://registry.npmjs.org/@unrs%2fresolver-binding-linux-riscv64-musl 38ms (cache miss)
2694 silly packumentCache full:https://registry.npmjs.org/@unrs%2fresolver-binding-linux-riscv64-musl set size:undefined disposed:false
2695 http fetch GET 200 https://registry.npmjs.org/@unrs%2fresolver-binding-linux-s390x-gnu 57ms (cache miss)
2696 silly packumentCache full:https://registry.npmjs.org/@unrs%2fresolver-binding-linux-s390x-gnu set size:undefined disposed:false
2697 http fetch GET 200 https://registry.npmjs.org/@unrs%2fresolver-binding-darwin-arm64 53ms (cache miss)
2698 silly packumentCache full:https://registry.npmjs.org/@unrs%2fresolver-binding-darwin-arm64 set size:undefined disposed:false
2699 http fetch GET 200 https://registry.npmjs.org/@unrs%2fresolver-binding-wasm32-wasi 51ms (cache miss)
2700 silly packumentCache full:https://registry.npmjs.org/@unrs%2fresolver-binding-wasm32-wasi set size:undefined disposed:false
2701 http fetch GET 200 https://registry.npmjs.org/@unrs%2fresolver-binding-darwin-x64 202ms (cache miss)
2702 silly packumentCache full:https://registry.npmjs.org/@unrs%2fresolver-binding-darwin-x64 set size:undefined disposed:false
2703 http fetch GET 200 https://registry.npmjs.org/@unrs%2fresolver-binding-linux-x64-musl 261ms (cache miss)
2704 silly packumentCache full:https://registry.npmjs.org/@unrs%2fresolver-binding-linux-x64-musl set size:undefined disposed:false
2705 http fetch GET 200 https://registry.npmjs.org/@unrs%2fresolver-binding-win32-arm64-msvc 262ms (cache miss)
2706 silly packumentCache full:https://registry.npmjs.org/@unrs%2fresolver-binding-win32-arm64-msvc set size:undefined disposed:false
2707 http fetch GET 200 https://registry.npmjs.org/@unrs%2fresolver-binding-linux-riscv64-gnu 219ms (cache miss)
2708 silly packumentCache full:https://registry.npmjs.org/@unrs%2fresolver-binding-linux-riscv64-gnu set size:undefined disposed:false
2709 http fetch GET 200 https://registry.npmjs.org/@unrs%2fresolver-binding-linux-ppc64-gnu 223ms (cache miss)
2710 silly packumentCache full:https://registry.npmjs.org/@unrs%2fresolver-binding-linux-ppc64-gnu set size:undefined disposed:false
2711 http fetch GET 200 https://registry.npmjs.org/@unrs%2fresolver-binding-linux-x64-gnu 294ms (cache miss)
2712 silly packumentCache full:https://registry.npmjs.org/@unrs%2fresolver-binding-linux-x64-gnu set size:undefined disposed:false
2713 http fetch GET 200 https://registry.npmjs.org/@unrs%2fresolver-binding-freebsd-x64 294ms (cache miss)
2714 silly packumentCache full:https://registry.npmjs.org/@unrs%2fresolver-binding-freebsd-x64 set size:undefined disposed:false
2715 http fetch GET 200 https://registry.npmjs.org/@unrs%2fresolver-binding-win32-ia32-msvc 325ms (cache miss)
2716 silly packumentCache full:https://registry.npmjs.org/@unrs%2fresolver-binding-win32-ia32-msvc set size:undefined disposed:false
2717 http fetch GET 200 https://registry.npmjs.org/@unrs%2fresolver-binding-linux-arm64-musl 329ms (cache miss)
2718 silly packumentCache full:https://registry.npmjs.org/@unrs%2fresolver-binding-linux-arm64-musl set size:undefined disposed:false
2719 silly placeDep ROOT @rtsao/scc@1.1.0 OK for: eslint-plugin-import@2.32.0 want: ^1.1.0
2720 silly placeDep ROOT array-includes@3.1.9 OK for: eslint-plugin-import@2.32.0 want: ^3.1.9
2721 silly placeDep ROOT array.prototype.findlastindex@1.2.6 OK for: eslint-plugin-import@2.32.0 want: ^1.2.6
2722 silly placeDep ROOT array.prototype.flat@1.3.3 OK for: eslint-plugin-import@2.32.0 want: ^1.3.3
2723 silly placeDep ROOT array.prototype.flatmap@1.3.3 OK for: eslint-plugin-import@2.32.0 want: ^1.3.3
2724 silly placeDep node_modules/eslint-plugin-import debug@3.2.7 OK for: eslint-plugin-import@2.32.0 want: ^3.2.7
2725 silly placeDep ROOT doctrine@2.1.0 OK for: eslint-plugin-import@2.32.0 want: ^2.1.0
2726 silly placeDep ROOT eslint-module-utils@2.12.1 OK for: eslint-plugin-import@2.32.0 want: ^2.12.1
2727 silly placeDep ROOT hasown@2.0.3 OK for: eslint-plugin-import@2.32.0 want: ^2.0.2
2728 silly placeDep ROOT object.fromentries@2.0.8 OK for: eslint-plugin-import@2.32.0 want: ^2.0.8
2729 silly placeDep ROOT object.groupby@1.0.3 OK for: eslint-plugin-import@2.32.0 want: ^1.0.3
2730 silly placeDep ROOT object.values@1.2.1 OK for: eslint-plugin-import@2.32.0 want: ^1.2.1
2731 silly placeDep ROOT semver@6.3.1 OK for: eslint-plugin-import@2.32.0 want: ^6.3.1
2732 silly placeDep ROOT string.prototype.trimend@1.0.9 OK for: eslint-plugin-import@2.32.0 want: ^1.0.9
2733 silly placeDep ROOT tsconfig-paths@3.15.0 OK for: eslint-plugin-import@2.32.0 want: ^3.15.0
2734 silly fetch manifest call-bind@^1.0.8
2735 silly packumentCache full:https://registry.npmjs.org/call-bind cache-miss
2736 silly fetch manifest call-bound@^1.0.4
2737 silly packumentCache full:https://registry.npmjs.org/call-bound cache-miss
2738 silly fetch manifest define-properties@^1.2.1
2739 silly packumentCache full:https://registry.npmjs.org/define-properties cache-miss
2740 silly fetch manifest es-abstract@^1.24.0
2741 silly packumentCache full:https://registry.npmjs.org/es-abstract cache-miss
2742 silly fetch manifest es-object-atoms@^1.1.1
2743 silly packumentCache full:https://registry.npmjs.org/es-object-atoms cache-miss
2744 silly fetch manifest get-intrinsic@^1.3.0
2745 silly packumentCache full:https://registry.npmjs.org/get-intrinsic cache-miss
2746 silly fetch manifest is-string@^1.1.1
2747 silly packumentCache full:https://registry.npmjs.org/is-string cache-miss
2748 silly fetch manifest math-intrinsics@^1.1.0
2749 silly packumentCache full:https://registry.npmjs.org/math-intrinsics cache-miss
2750 silly fetch manifest call-bind@^1.0.8
2751 silly packumentCache full:https://registry.npmjs.org/call-bind cache-miss
2752 silly fetch manifest call-bound@^1.0.4
2753 silly packumentCache full:https://registry.npmjs.org/call-bound cache-miss
2754 silly fetch manifest define-properties@^1.2.1
2755 silly packumentCache full:https://registry.npmjs.org/define-properties cache-miss
2756 silly fetch manifest es-abstract@^1.23.9
2757 silly packumentCache full:https://registry.npmjs.org/es-abstract cache-miss
2758 silly fetch manifest es-object-atoms@^1.1.1
2759 silly packumentCache full:https://registry.npmjs.org/es-object-atoms cache-miss
2760 silly fetch manifest es-shim-unscopables@^1.1.0
2761 silly packumentCache full:https://registry.npmjs.org/es-shim-unscopables cache-miss
2762 silly fetch manifest call-bind@^1.0.8
2763 silly packumentCache full:https://registry.npmjs.org/call-bind cache-miss
2764 http fetch GET 200 https://registry.npmjs.org/es-object-atoms 57ms (cache miss)
2765 silly packumentCache full:https://registry.npmjs.org/es-object-atoms set size:undefined disposed:false
2766 silly fetch manifest define-properties@^1.2.1
2767 silly packumentCache full:https://registry.npmjs.org/define-properties cache-miss
2768 http fetch GET 200 https://registry.npmjs.org/define-properties 60ms (cache miss)
2769 silly packumentCache full:https://registry.npmjs.org/define-properties set size:undefined disposed:false
2770 silly fetch manifest es-abstract@^1.23.5
2771 silly packumentCache full:https://registry.npmjs.org/es-abstract cache-miss
2772 http fetch GET 200 https://registry.npmjs.org/is-string 60ms (cache miss)
2773 silly packumentCache full:https://registry.npmjs.org/is-string set size:undefined disposed:false
2774 silly fetch manifest es-shim-unscopables@^1.0.2
2775 silly packumentCache full:https://registry.npmjs.org/es-shim-unscopables cache-miss
2776 http fetch GET 200 https://registry.npmjs.org/es-shim-unscopables 60ms (cache miss)
2777 silly packumentCache full:https://registry.npmjs.org/es-shim-unscopables set size:undefined disposed:false
2778 silly fetch manifest call-bind@^1.0.8
2779 silly packumentCache full:https://registry.npmjs.org/call-bind cache-miss
2780 http fetch GET 200 https://registry.npmjs.org/call-bound 63ms (cache miss)
2781 silly packumentCache full:https://registry.npmjs.org/call-bound set size:undefined disposed:false
2782 silly fetch manifest es-abstract@^1.23.5
2783 silly packumentCache full:https://registry.npmjs.org/es-abstract cache-miss
2784 http fetch GET 200 https://registry.npmjs.org/call-bind 67ms (cache miss)
2785 silly packumentCache full:https://registry.npmjs.org/call-bind set size:undefined disposed:false
2786 silly fetch manifest es-shim-unscopables@^1.0.2
2787 silly packumentCache full:https://registry.npmjs.org/es-shim-unscopables cache-miss
2788 http fetch GET 200 https://registry.npmjs.org/es-object-atoms 66ms (cache miss)
2789 silly packumentCache full:https://registry.npmjs.org/es-object-atoms set size:undefined disposed:false
2790 silly fetch manifest function-bind@^1.1.2
2791 silly packumentCache full:https://registry.npmjs.org/function-bind cache-miss
2792 http fetch GET 200 https://registry.npmjs.org/define-properties 69ms (cache miss)
2793 silly packumentCache full:https://registry.npmjs.org/define-properties set size:undefined disposed:false
2794 silly fetch manifest call-bind@^1.0.7
2795 silly packumentCache full:https://registry.npmjs.org/call-bind cache-miss
2796 http fetch GET 200 https://registry.npmjs.org/math-intrinsics 71ms (cache miss)
2797 silly packumentCache full:https://registry.npmjs.org/math-intrinsics set size:undefined disposed:false
2798 silly fetch manifest es-abstract@^1.23.2
2799 silly packumentCache full:https://registry.npmjs.org/es-abstract cache-miss
2800 http fetch GET 200 https://registry.npmjs.org/call-bound 74ms (cache miss)
2801 silly packumentCache full:https://registry.npmjs.org/call-bound set size:undefined disposed:false
2802 silly fetch manifest es-object-atoms@^1.0.0
2803 silly packumentCache full:https://registry.npmjs.org/es-object-atoms cache-miss
2804 http fetch GET 200 https://registry.npmjs.org/call-bind 70ms (cache miss)
2805 silly packumentCache full:https://registry.npmjs.org/call-bind set size:undefined disposed:false
2806 silly fetch manifest call-bind@^1.0.7
2807 silly packumentCache full:https://registry.npmjs.org/call-bind cache-miss
2808 http fetch GET 200 https://registry.npmjs.org/call-bind 74ms (cache miss)
2809 silly packumentCache full:https://registry.npmjs.org/call-bind set size:undefined disposed:false
2810 silly fetch manifest es-abstract@^1.23.2
2811 silly packumentCache full:https://registry.npmjs.org/es-abstract cache-miss
2812 http fetch GET 200 https://registry.npmjs.org/get-intrinsic 79ms (cache miss)
2813 silly packumentCache full:https://registry.npmjs.org/get-intrinsic set size:undefined disposed:false
2814 silly fetch manifest call-bound@^1.0.3
2815 silly packumentCache full:https://registry.npmjs.org/call-bound cache-miss
2816 http cache https://registry.npmjs.org/define-properties 26ms (cache hit)
2817 silly packumentCache full:https://registry.npmjs.org/define-properties set size:31491 disposed:false
2818 silly fetch manifest es-object-atoms@^1.0.0
2819 silly packumentCache full:https://registry.npmjs.org/es-object-atoms cache-miss
2820 http cache https://registry.npmjs.org/es-shim-unscopables 25ms (cache hit)
2821 silly packumentCache full:https://registry.npmjs.org/es-shim-unscopables set size:13965 disposed:false
2822 silly fetch manifest call-bound@^1.0.2
2823 silly packumentCache full:https://registry.npmjs.org/call-bound cache-miss
2824 http cache https://registry.npmjs.org/call-bind 25ms (cache hit)
2825 silly packumentCache full:https://registry.npmjs.org/call-bind set size:32985 disposed:false
2826 silly fetch manifest es-object-atoms@^1.0.0
2827 silly packumentCache full:https://registry.npmjs.org/es-object-atoms cache-miss
2828 http cache https://registry.npmjs.org/es-shim-unscopables 23ms (cache hit)
2829 silly packumentCache full:https://registry.npmjs.org/es-shim-unscopables set size:13965 disposed:false
2830 silly packumentCache full:https://registry.npmjs.org/es-shim-unscopables dispose
2831 silly fetch manifest json5@^1.0.2
2832 silly packumentCache full:https://registry.npmjs.org/json5 cache-miss
2833 http cache https://registry.npmjs.org/call-bind 21ms (cache hit)
2834 silly packumentCache full:https://registry.npmjs.org/call-bind set size:32985 disposed:false
2835 silly packumentCache full:https://registry.npmjs.org/call-bind dispose
2836 silly fetch manifest minimist@^1.2.6
2837 silly packumentCache full:https://registry.npmjs.org/minimist cache-miss
2838 http cache https://registry.npmjs.org/es-object-atoms 19ms (cache hit)
2839 silly packumentCache full:https://registry.npmjs.org/es-object-atoms set size:15304 disposed:false
2840 silly fetch manifest strip-bom@^3.0.0
2841 silly packumentCache full:https://registry.npmjs.org/strip-bom cache-miss
2842 http cache https://registry.npmjs.org/call-bind 21ms (cache hit)
2843 silly packumentCache full:https://registry.npmjs.org/call-bind set size:32985 disposed:true
2844 silly packumentCache full:https://registry.npmjs.org/call-bind dispose
2845 silly fetch manifest @types/json5@^0.0.29
2846 silly packumentCache full:https://registry.npmjs.org/@types%2fjson5 cache-miss
2847 http fetch GET 200 https://registry.npmjs.org/es-abstract 100ms (cache miss)
2848 silly packumentCache full:https://registry.npmjs.org/es-abstract set size:undefined disposed:false
2849 http cache https://registry.npmjs.org/call-bound 23ms (cache hit)
2850 silly packumentCache full:https://registry.npmjs.org/call-bound set size:15317 disposed:false
2851 http cache https://registry.npmjs.org/es-object-atoms 25ms (cache hit)
2852 silly packumentCache full:https://registry.npmjs.org/es-object-atoms set size:15304 disposed:false
2853 silly packumentCache full:https://registry.npmjs.org/es-object-atoms dispose
2854 http fetch GET 200 https://registry.npmjs.org/es-abstract 109ms (cache miss)
2855 silly packumentCache full:https://registry.npmjs.org/es-abstract set size:undefined disposed:false
2856 http cache https://registry.npmjs.org/call-bound 27ms (cache hit)
2857 silly packumentCache full:https://registry.npmjs.org/call-bound set size:15317 disposed:false
2858 silly packumentCache full:https://registry.npmjs.org/call-bound dispose
2859 http cache https://registry.npmjs.org/es-object-atoms 27ms (cache hit)
2860 silly packumentCache full:https://registry.npmjs.org/es-object-atoms set size:15304 disposed:true
2861 silly packumentCache full:https://registry.npmjs.org/es-object-atoms dispose
2862 http cache https://registry.npmjs.org/minimist 25ms (cache hit)
2863 silly packumentCache full:https://registry.npmjs.org/minimist set size:77063 disposed:false
2864 http fetch GET 200 https://registry.npmjs.org/function-bind 50ms (cache miss)
2865 silly packumentCache full:https://registry.npmjs.org/function-bind set size:undefined disposed:false
2866 http fetch GET 200 https://registry.npmjs.org/es-abstract 64ms (cache miss)
2867 silly packumentCache full:https://registry.npmjs.org/es-abstract set size:undefined disposed:false
2868 http fetch GET 200 https://registry.npmjs.org/es-abstract 62ms (cache miss)
2869 silly packumentCache full:https://registry.npmjs.org/es-abstract set size:undefined disposed:false
2870 http fetch GET 200 https://registry.npmjs.org/es-abstract 60ms (cache miss)
2871 silly packumentCache full:https://registry.npmjs.org/es-abstract set size:undefined disposed:false
2872 http fetch GET 200 https://registry.npmjs.org/json5 47ms (cache miss)
2873 silly packumentCache full:https://registry.npmjs.org/json5 set size:undefined disposed:false
2874 http fetch GET 200 https://registry.npmjs.org/strip-bom 45ms (cache miss)
2875 silly packumentCache full:https://registry.npmjs.org/strip-bom set size:undefined disposed:false
2876 http fetch GET 200 https://registry.npmjs.org/es-abstract 65ms (cache miss)
2877 silly packumentCache full:https://registry.npmjs.org/es-abstract set size:undefined disposed:false
2878 http fetch GET 200 https://registry.npmjs.org/@types%2fjson5 312ms (cache miss)
2879 silly packumentCache full:https://registry.npmjs.org/@types%2fjson5 set size:undefined disposed:false
2880 silly placeDep ROOT call-bind@1.0.9 OK for: array-includes@3.1.9 want: ^1.0.8
2881 silly placeDep ROOT call-bound@1.0.4 OK for: array-includes@3.1.9 want: ^1.0.4
2882 silly placeDep ROOT define-properties@1.2.1 OK for: array-includes@3.1.9 want: ^1.2.1
2883 silly placeDep ROOT es-abstract@1.24.2 OK for: array-includes@3.1.9 want: ^1.24.0
2884 silly placeDep ROOT es-object-atoms@1.1.1 OK for: array-includes@3.1.9 want: ^1.1.1
2885 silly placeDep ROOT get-intrinsic@1.3.0 OK for: array-includes@3.1.9 want: ^1.3.0
2886 silly placeDep ROOT is-string@1.1.1 OK for: array-includes@3.1.9 want: ^1.1.1
2887 silly placeDep ROOT math-intrinsics@1.1.0 OK for: array-includes@3.1.9 want: ^1.1.0
2888 silly fetch manifest call-bind-apply-helpers@^1.0.2
2889 silly packumentCache full:https://registry.npmjs.org/call-bind-apply-helpers cache-miss
2890 silly fetch manifest es-define-property@^1.0.1
2891 silly packumentCache full:https://registry.npmjs.org/es-define-property cache-miss
2892 silly fetch manifest set-function-length@^1.2.2
2893 silly packumentCache full:https://registry.npmjs.org/set-function-length cache-miss
2894 silly fetch manifest call-bind-apply-helpers@^1.0.2
2895 silly packumentCache full:https://registry.npmjs.org/call-bind-apply-helpers cache-miss
2896 silly fetch manifest define-data-property@^1.0.1
2897 silly packumentCache full:https://registry.npmjs.org/define-data-property cache-miss
2898 silly fetch manifest has-property-descriptors@^1.0.0
2899 silly packumentCache full:https://registry.npmjs.org/has-property-descriptors cache-miss
2900 silly fetch manifest array-buffer-byte-length@^1.0.2
2901 silly packumentCache full:https://registry.npmjs.org/array-buffer-byte-length cache-miss
2902 silly fetch manifest arraybuffer.prototype.slice@^1.0.4
2903 silly packumentCache full:https://registry.npmjs.org/arraybuffer.prototype.slice cache-miss
2904 silly fetch manifest available-typed-arrays@^1.0.7
2905 silly packumentCache full:https://registry.npmjs.org/available-typed-arrays cache-miss
2906 silly fetch manifest data-view-buffer@^1.0.2
2907 silly packumentCache full:https://registry.npmjs.org/data-view-buffer cache-miss
2908 silly fetch manifest data-view-byte-length@^1.0.2
2909 silly packumentCache full:https://registry.npmjs.org/data-view-byte-length cache-miss
2910 silly fetch manifest data-view-byte-offset@^1.0.1
2911 silly packumentCache full:https://registry.npmjs.org/data-view-byte-offset cache-miss
2912 silly fetch manifest es-define-property@^1.0.1
2913 silly packumentCache full:https://registry.npmjs.org/es-define-property cache-miss
2914 silly fetch manifest es-set-tostringtag@^2.1.0
2915 silly packumentCache full:https://registry.npmjs.org/es-set-tostringtag cache-miss
2916 silly fetch manifest es-to-primitive@^1.3.0
2917 silly packumentCache full:https://registry.npmjs.org/es-to-primitive cache-miss
2918 http fetch GET 200 https://registry.npmjs.org/has-property-descriptors 40ms (cache miss)
2919 silly packumentCache full:https://registry.npmjs.org/has-property-descriptors set size:undefined disposed:false
2920 silly fetch manifest function.prototype.name@^1.1.8
2921 silly packumentCache full:https://registry.npmjs.org/function.prototype.name cache-miss
2922 http fetch GET 200 https://registry.npmjs.org/data-view-byte-offset 41ms (cache miss)
2923 silly packumentCache full:https://registry.npmjs.org/data-view-byte-offset set size:undefined disposed:false
2924 silly fetch manifest get-proto@^1.0.1
2925 silly packumentCache full:https://registry.npmjs.org/get-proto cache-miss
2926 http fetch GET 200 https://registry.npmjs.org/es-define-property 44ms (cache miss)
2927 silly packumentCache full:https://registry.npmjs.org/es-define-property set size:undefined disposed:false
2928 silly fetch manifest get-symbol-description@^1.1.0
2929 silly packumentCache full:https://registry.npmjs.org/get-symbol-description cache-miss
2930 http fetch GET 200 https://registry.npmjs.org/data-view-buffer 43ms (cache miss)
2931 silly packumentCache full:https://registry.npmjs.org/data-view-buffer set size:undefined disposed:false
2932 silly fetch manifest globalthis@^1.0.4
2933 silly packumentCache full:https://registry.npmjs.org/globalthis cache-miss
2934 http fetch GET 200 https://registry.npmjs.org/call-bind-apply-helpers 46ms (cache miss)
2935 silly packumentCache full:https://registry.npmjs.org/call-bind-apply-helpers set size:undefined disposed:false
2936 silly fetch manifest gopd@^1.2.0
2937 silly packumentCache full:https://registry.npmjs.org/gopd cache-miss
2938 http fetch GET 200 https://registry.npmjs.org/es-set-tostringtag 43ms (cache miss)
2939 silly packumentCache full:https://registry.npmjs.org/es-set-tostringtag set size:undefined disposed:false
2940 silly fetch manifest has-property-descriptors@^1.0.2
2941 silly packumentCache full:https://registry.npmjs.org/has-property-descriptors cache-miss
2942 http fetch GET 200 https://registry.npmjs.org/set-function-length 48ms (cache miss)
2943 silly packumentCache full:https://registry.npmjs.org/set-function-length set size:undefined disposed:false
2944 silly fetch manifest has-proto@^1.2.0
2945 silly packumentCache full:https://registry.npmjs.org/has-proto cache-miss
2946 http fetch GET 200 https://registry.npmjs.org/available-typed-arrays 47ms (cache miss)
2947 silly packumentCache full:https://registry.npmjs.org/available-typed-arrays set size:undefined disposed:false
2948 silly fetch manifest has-symbols@^1.1.0
2949 silly packumentCache full:https://registry.npmjs.org/has-symbols cache-miss
2950 http fetch GET 200 https://registry.npmjs.org/call-bind-apply-helpers 52ms (cache miss)
2951 silly packumentCache full:https://registry.npmjs.org/call-bind-apply-helpers set size:undefined disposed:false
2952 silly fetch manifest internal-slot@^1.1.0
2953 silly packumentCache full:https://registry.npmjs.org/internal-slot cache-miss
2954 http fetch GET 200 https://registry.npmjs.org/es-define-property 51ms (cache miss)
2955 silly packumentCache full:https://registry.npmjs.org/es-define-property set size:undefined disposed:false
2956 silly fetch manifest is-array-buffer@^3.0.5
2957 silly packumentCache full:https://registry.npmjs.org/is-array-buffer cache-miss
2958 http fetch GET 200 https://registry.npmjs.org/arraybuffer.prototype.slice 54ms (cache miss)
2959 silly packumentCache full:https://registry.npmjs.org/arraybuffer.prototype.slice set size:undefined disposed:false
2960 silly fetch manifest is-callable@^1.2.7
2961 silly packumentCache full:https://registry.npmjs.org/is-callable cache-miss
2962 http fetch GET 200 https://registry.npmjs.org/define-data-property 55ms (cache miss)
2963 silly packumentCache full:https://registry.npmjs.org/define-data-property set size:undefined disposed:false
2964 silly fetch manifest is-data-view@^1.0.2
2965 silly packumentCache full:https://registry.npmjs.org/is-data-view cache-miss
2966 http fetch GET 200 https://registry.npmjs.org/es-to-primitive 53ms (cache miss)
2967 silly packumentCache full:https://registry.npmjs.org/es-to-primitive set size:undefined disposed:false
2968 silly fetch manifest is-negative-zero@^2.0.3
2969 silly packumentCache full:https://registry.npmjs.org/is-negative-zero cache-miss
2970 http fetch GET 200 https://registry.npmjs.org/data-view-byte-length 58ms (cache miss)
2971 silly packumentCache full:https://registry.npmjs.org/data-view-byte-length set size:undefined disposed:false
2972 silly fetch manifest is-regex@^1.2.1
2973 silly packumentCache full:https://registry.npmjs.org/is-regex cache-miss
2974 http fetch GET 200 https://registry.npmjs.org/array-buffer-byte-length 60ms (cache miss)
2975 silly packumentCache full:https://registry.npmjs.org/array-buffer-byte-length set size:undefined disposed:false
2976 silly fetch manifest is-set@^2.0.3
2977 silly packumentCache full:https://registry.npmjs.org/is-set cache-miss
2978 http cache https://registry.npmjs.org/has-property-descriptors 17ms (cache hit)
2979 silly packumentCache full:https://registry.npmjs.org/has-property-descriptors set size:12452 disposed:false
2980 silly fetch manifest is-shared-array-buffer@^1.0.4
2981 silly packumentCache full:https://registry.npmjs.org/is-shared-array-buffer cache-miss
2982 http fetch GET 200 https://registry.npmjs.org/function.prototype.name 39ms (cache miss)
2983 silly packumentCache full:https://registry.npmjs.org/function.prototype.name set size:undefined disposed:false
2984 silly fetch manifest is-typed-array@^1.1.15
2985 silly packumentCache full:https://registry.npmjs.org/is-typed-array cache-miss
2986 http fetch GET 200 https://registry.npmjs.org/globalthis 39ms (cache miss)
2987 silly packumentCache full:https://registry.npmjs.org/globalthis set size:undefined disposed:false
2988 silly fetch manifest is-weakref@^1.1.1
2989 silly packumentCache full:https://registry.npmjs.org/is-weakref cache-miss
2990 http fetch GET 200 https://registry.npmjs.org/gopd 42ms (cache miss)
2991 silly packumentCache full:https://registry.npmjs.org/gopd set size:undefined disposed:false
2992 silly fetch manifest object-inspect@^1.13.4
2993 silly packumentCache full:https://registry.npmjs.org/object-inspect cache-miss
2994 http fetch GET 200 https://registry.npmjs.org/get-symbol-description 49ms (cache miss)
2995 silly packumentCache full:https://registry.npmjs.org/get-symbol-description set size:undefined disposed:false
2996 silly fetch manifest object.assign@^4.1.7
2997 silly packumentCache full:https://registry.npmjs.org/object.assign cache-miss
2998 http fetch GET 200 https://registry.npmjs.org/has-proto 46ms (cache miss)
2999 silly packumentCache full:https://registry.npmjs.org/has-proto set size:undefined disposed:false
3000 silly fetch manifest own-keys@^1.0.1
3001 silly packumentCache full:https://registry.npmjs.org/own-keys cache-miss
3002 http fetch GET 200 https://registry.npmjs.org/has-symbols 46ms (cache miss)
3003 silly packumentCache full:https://registry.npmjs.org/has-symbols set size:undefined disposed:false
3004 silly fetch manifest regexp.prototype.flags@^1.5.4
3005 silly packumentCache full:https://registry.npmjs.org/regexp.prototype.flags cache-miss
3006 http fetch GET 200 https://registry.npmjs.org/internal-slot 50ms (cache miss)
3007 silly packumentCache full:https://registry.npmjs.org/internal-slot set size:undefined disposed:false
3008 silly fetch manifest safe-array-concat@^1.1.3
3009 silly packumentCache full:https://registry.npmjs.org/safe-array-concat cache-miss
3010 http fetch GET 200 https://registry.npmjs.org/is-array-buffer 49ms (cache miss)
3011 silly packumentCache full:https://registry.npmjs.org/is-array-buffer set size:undefined disposed:false
3012 silly fetch manifest safe-push-apply@^1.0.0
3013 silly packumentCache full:https://registry.npmjs.org/safe-push-apply cache-miss
3014 http fetch GET 200 https://registry.npmjs.org/is-set 45ms (cache miss)
3015 silly packumentCache full:https://registry.npmjs.org/is-set set size:undefined disposed:false
3016 silly fetch manifest safe-regex-test@^1.1.0
3017 silly packumentCache full:https://registry.npmjs.org/safe-regex-test cache-miss
3018 http fetch GET 200 https://registry.npmjs.org/is-negative-zero 51ms (cache miss)
3019 silly packumentCache full:https://registry.npmjs.org/is-negative-zero set size:undefined disposed:false
3020 silly fetch manifest set-proto@^1.0.0
3021 silly packumentCache full:https://registry.npmjs.org/set-proto cache-miss
3022 http fetch GET 200 https://registry.npmjs.org/is-data-view 54ms (cache miss)
3023 silly packumentCache full:https://registry.npmjs.org/is-data-view set size:undefined disposed:false
3024 silly fetch manifest stop-iteration-iterator@^1.1.0
3025 silly packumentCache full:https://registry.npmjs.org/stop-iteration-iterator cache-miss
3026 http fetch GET 200 https://registry.npmjs.org/is-callable 60ms (cache miss)
3027 silly packumentCache full:https://registry.npmjs.org/is-callable set size:undefined disposed:false
3028 silly fetch manifest string.prototype.trim@^1.2.10
3029 silly packumentCache full:https://registry.npmjs.org/string.prototype.trim cache-miss
3030 http fetch GET 200 https://registry.npmjs.org/is-regex 58ms (cache miss)
3031 silly packumentCache full:https://registry.npmjs.org/is-regex set size:undefined disposed:false
3032 silly fetch manifest string.prototype.trimstart@^1.0.8
3033 silly packumentCache full:https://registry.npmjs.org/string.prototype.trimstart cache-miss
3034 http cache https://registry.npmjs.org/safe-regex-test 17ms (cache hit)
3035 silly packumentCache full:https://registry.npmjs.org/safe-regex-test set size:17412 disposed:false
3036 silly fetch manifest typed-array-buffer@^1.0.3
3037 silly packumentCache full:https://registry.npmjs.org/typed-array-buffer cache-miss
3038 http fetch GET 200 https://registry.npmjs.org/is-shared-array-buffer 63ms (cache miss)
3039 silly packumentCache full:https://registry.npmjs.org/is-shared-array-buffer set size:undefined disposed:false
3040 silly fetch manifest typed-array-byte-length@^1.0.3
3041 silly packumentCache full:https://registry.npmjs.org/typed-array-byte-length cache-miss
3042 http fetch GET 200 https://registry.npmjs.org/is-weakref 42ms (cache miss)
3043 silly packumentCache full:https://registry.npmjs.org/is-weakref set size:undefined disposed:false
3044 silly fetch manifest typed-array-byte-offset@^1.0.4
3045 silly packumentCache full:https://registry.npmjs.org/typed-array-byte-offset cache-miss
3046 http fetch GET 200 https://registry.npmjs.org/is-typed-array 51ms (cache miss)
3047 silly packumentCache full:https://registry.npmjs.org/is-typed-array set size:undefined disposed:false
3048 silly fetch manifest typed-array-length@^1.0.7
3049 silly packumentCache full:https://registry.npmjs.org/typed-array-length cache-miss
3050 http fetch GET 200 https://registry.npmjs.org/object-inspect 48ms (cache miss)
3051 silly packumentCache full:https://registry.npmjs.org/object-inspect set size:undefined disposed:false
3052 silly fetch manifest unbox-primitive@^1.1.0
3053 silly packumentCache full:https://registry.npmjs.org/unbox-primitive cache-miss
3054 http fetch GET 200 https://registry.npmjs.org/own-keys 46ms (cache miss)
3055 silly packumentCache full:https://registry.npmjs.org/own-keys set size:undefined disposed:false
3056 silly fetch manifest which-typed-array@^1.1.19
3057 silly packumentCache full:https://registry.npmjs.org/which-typed-array cache-miss
3058 http fetch GET 200 https://registry.npmjs.org/safe-array-concat 42ms (cache miss)
3059 silly packumentCache full:https://registry.npmjs.org/safe-array-concat set size:undefined disposed:false
3060 silly fetch manifest get-proto@^1.0.1
3061 silly packumentCache full:https://registry.npmjs.org/get-proto cache-miss
3062 http fetch GET 200 https://registry.npmjs.org/regexp.prototype.flags 50ms (cache miss)
3063 silly packumentCache full:https://registry.npmjs.org/regexp.prototype.flags set size:undefined disposed:false
3064 silly fetch manifest has-tostringtag@^1.0.2
3065 silly packumentCache full:https://registry.npmjs.org/has-tostringtag cache-miss
3066 http fetch GET 200 https://registry.npmjs.org/safe-push-apply 45ms (cache miss)
3067 silly packumentCache full:https://registry.npmjs.org/safe-push-apply set size:undefined disposed:false
3068 http fetch GET 200 https://registry.npmjs.org/object.assign 58ms (cache miss)
3069 silly packumentCache full:https://registry.npmjs.org/object.assign set size:undefined disposed:false
3070 http fetch GET 200 https://registry.npmjs.org/stop-iteration-iterator 42ms (cache miss)
3071 silly packumentCache full:https://registry.npmjs.org/stop-iteration-iterator set size:undefined disposed:false
3072 http fetch GET 200 https://registry.npmjs.org/string.prototype.trimstart 37ms (cache miss)
3073 silly packumentCache full:https://registry.npmjs.org/string.prototype.trimstart set size:undefined disposed:false
3074 http fetch GET 200 https://registry.npmjs.org/typed-array-buffer 33ms (cache miss)
3075 silly packumentCache full:https://registry.npmjs.org/typed-array-buffer set size:undefined disposed:false
3076 http fetch GET 200 https://registry.npmjs.org/typed-array-byte-length 31ms (cache miss)
3077 silly packumentCache full:https://registry.npmjs.org/typed-array-byte-length set size:undefined disposed:false
3078 http fetch GET 200 https://registry.npmjs.org/string.prototype.trim 42ms (cache miss)
3079 silly packumentCache full:https://registry.npmjs.org/string.prototype.trim set size:undefined disposed:false
3080 http fetch GET 200 https://registry.npmjs.org/typed-array-byte-offset 32ms (cache miss)
3081 silly packumentCache full:https://registry.npmjs.org/typed-array-byte-offset set size:undefined disposed:false
3082 http fetch GET 200 https://registry.npmjs.org/typed-array-length 29ms (cache miss)
3083 silly packumentCache full:https://registry.npmjs.org/typed-array-length set size:undefined disposed:false
3084 http fetch GET 200 https://registry.npmjs.org/unbox-primitive 27ms (cache miss)
3085 silly packumentCache full:https://registry.npmjs.org/unbox-primitive set size:undefined disposed:false
3086 http fetch GET 200 https://registry.npmjs.org/which-typed-array 31ms (cache miss)
3087 silly packumentCache full:https://registry.npmjs.org/which-typed-array set size:undefined disposed:false
3088 http fetch GET 200 https://registry.npmjs.org/has-tostringtag 29ms (cache miss)
3089 silly packumentCache full:https://registry.npmjs.org/has-tostringtag set size:undefined disposed:false
3090 http fetch GET 200 https://registry.npmjs.org/get-proto 184ms (cache miss)
3091 silly packumentCache full:https://registry.npmjs.org/get-proto set size:undefined disposed:false
3092 http fetch GET 200 https://registry.npmjs.org/get-proto 292ms (cache miss)
3093 silly packumentCache full:https://registry.npmjs.org/get-proto set size:undefined disposed:false
3094 http fetch GET 200 https://registry.npmjs.org/set-proto 288ms (cache miss)
3095 silly packumentCache full:https://registry.npmjs.org/set-proto set size:undefined disposed:false
3096 silly placeDep ROOT es-errors@1.3.0 OK for: array.prototype.findlastindex@1.2.6 want: ^1.3.0
3097 silly placeDep ROOT es-shim-unscopables@1.1.0 OK for: array.prototype.findlastindex@1.2.6 want: ^1.1.0
3098 silly placeDep ROOT call-bind-apply-helpers@1.0.2 OK for: call-bind@1.0.9 want: ^1.0.2
3099 silly placeDep ROOT es-define-property@1.0.1 OK for: call-bind@1.0.9 want: ^1.0.1
3100 silly placeDep ROOT set-function-length@1.2.2 OK for: call-bind@1.0.9 want: ^1.2.2
3101 silly fetch manifest define-data-property@^1.1.4
3102 silly packumentCache full:https://registry.npmjs.org/define-data-property cache-miss
3103 silly fetch manifest gopd@^1.0.1
3104 silly packumentCache full:https://registry.npmjs.org/gopd cache-miss
3105 http cache https://registry.npmjs.org/gopd 2ms (cache hit)
3106 silly packumentCache full:https://registry.npmjs.org/gopd set size:11458 disposed:false
3107 http cache https://registry.npmjs.org/define-data-property 4ms (cache hit)
3108 silly packumentCache full:https://registry.npmjs.org/define-data-property set size:28048 disposed:false
3109 silly placeDep ROOT function-bind@1.1.2 OK for: call-bind-apply-helpers@1.0.2 want: ^1.1.2
3110 silly placeDep ROOT define-data-property@1.1.4 OK for: define-properties@1.2.1 want: ^1.0.1
3111 silly placeDep ROOT has-property-descriptors@1.0.2 OK for: define-properties@1.2.1 want: ^1.0.0
3112 silly placeDep ROOT object-keys@1.1.1 OK for: define-properties@1.2.1 want: ^1.1.1
3113 silly placeDep ROOT gopd@1.2.0 OK for: define-data-property@1.1.4 want: ^1.0.1
3114 silly placeDep ROOT array-buffer-byte-length@1.0.2 OK for: es-abstract@1.24.2 want: ^1.0.2
3115 silly placeDep ROOT arraybuffer.prototype.slice@1.0.4 OK for: es-abstract@1.24.2 want: ^1.0.4
3116 silly placeDep ROOT available-typed-arrays@1.0.7 OK for: es-abstract@1.24.2 want: ^1.0.7
3117 silly placeDep ROOT data-view-buffer@1.0.2 OK for: es-abstract@1.24.2 want: ^1.0.2
3118 silly placeDep ROOT data-view-byte-length@1.0.2 OK for: es-abstract@1.24.2 want: ^1.0.2
3119 silly placeDep ROOT data-view-byte-offset@1.0.1 OK for: es-abstract@1.24.2 want: ^1.0.1
3120 silly placeDep ROOT es-set-tostringtag@2.1.0 OK for: es-abstract@1.24.2 want: ^2.1.0
3121 silly placeDep ROOT es-to-primitive@1.3.0 OK for: es-abstract@1.24.2 want: ^1.3.0
3122 silly placeDep ROOT function.prototype.name@1.1.8 OK for: es-abstract@1.24.2 want: ^1.1.8
3123 silly placeDep ROOT get-proto@1.0.1 OK for: es-abstract@1.24.2 want: ^1.0.1
3124 silly placeDep ROOT get-symbol-description@1.1.0 OK for: es-abstract@1.24.2 want: ^1.1.0
3125 silly placeDep ROOT globalthis@1.0.4 OK for: es-abstract@1.24.2 want: ^1.0.4
3126 silly placeDep ROOT has-proto@1.2.0 OK for: es-abstract@1.24.2 want: ^1.2.0
3127 silly placeDep ROOT has-symbols@1.1.0 OK for: es-abstract@1.24.2 want: ^1.1.0
3128 silly placeDep ROOT internal-slot@1.1.0 OK for: es-abstract@1.24.2 want: ^1.1.0
3129 silly placeDep ROOT is-array-buffer@3.0.5 OK for: es-abstract@1.24.2 want: ^3.0.5
3130 silly placeDep ROOT is-callable@1.2.7 OK for: es-abstract@1.24.2 want: ^1.2.7
3131 silly placeDep ROOT is-data-view@1.0.2 OK for: es-abstract@1.24.2 want: ^1.0.2
3132 silly placeDep ROOT is-negative-zero@2.0.3 OK for: es-abstract@1.24.2 want: ^2.0.3
3133 silly placeDep ROOT is-regex@1.2.1 OK for: es-abstract@1.24.2 want: ^1.2.1
3134 silly placeDep ROOT is-set@2.0.3 OK for: es-abstract@1.24.2 want: ^2.0.3
3135 silly placeDep ROOT is-shared-array-buffer@1.0.4 OK for: es-abstract@1.24.2 want: ^1.0.4
3136 silly placeDep ROOT is-typed-array@1.1.15 OK for: es-abstract@1.24.2 want: ^1.1.15
3137 silly placeDep ROOT is-weakref@1.1.1 OK for: es-abstract@1.24.2 want: ^1.1.1
3138 silly placeDep ROOT object-inspect@1.13.4 OK for: es-abstract@1.24.2 want: ^1.13.4
3139 silly placeDep ROOT object.assign@4.1.7 OK for: es-abstract@1.24.2 want: ^4.1.7
3140 silly placeDep ROOT own-keys@1.0.1 OK for: es-abstract@1.24.2 want: ^1.0.1
3141 silly placeDep ROOT regexp.prototype.flags@1.5.4 OK for: es-abstract@1.24.2 want: ^1.5.4
3142 silly placeDep ROOT safe-array-concat@1.1.4 OK for: es-abstract@1.24.2 want: ^1.1.3
3143 silly placeDep ROOT safe-push-apply@1.0.0 OK for: es-abstract@1.24.2 want: ^1.0.0
3144 silly placeDep ROOT safe-regex-test@1.1.0 OK for: es-abstract@1.24.2 want: ^1.1.0
3145 silly placeDep ROOT set-proto@1.0.0 OK for: es-abstract@1.24.2 want: ^1.0.0
3146 silly placeDep ROOT stop-iteration-iterator@1.1.0 OK for: es-abstract@1.24.2 want: ^1.1.0
3147 silly placeDep ROOT string.prototype.trim@1.2.10 OK for: es-abstract@1.24.2 want: ^1.2.10
3148 silly placeDep ROOT string.prototype.trimstart@1.0.8 OK for: es-abstract@1.24.2 want: ^1.0.8
3149 silly placeDep ROOT typed-array-buffer@1.0.3 OK for: es-abstract@1.24.2 want: ^1.0.3
3150 silly placeDep ROOT typed-array-byte-length@1.0.3 OK for: es-abstract@1.24.2 want: ^1.0.3
3151 silly placeDep ROOT typed-array-byte-offset@1.0.4 OK for: es-abstract@1.24.2 want: ^1.0.4
3152 silly placeDep ROOT typed-array-length@1.0.7 OK for: es-abstract@1.24.2 want: ^1.0.7
3153 silly placeDep ROOT unbox-primitive@1.1.0 OK for: es-abstract@1.24.2 want: ^1.1.0
3154 silly placeDep ROOT which-typed-array@1.1.20 OK for: es-abstract@1.24.2 want: ^1.1.19
3155 silly fetch manifest is-array-buffer@^3.0.4
3156 silly packumentCache full:https://registry.npmjs.org/is-array-buffer cache-miss
3157 silly fetch manifest possible-typed-array-names@^1.0.0
3158 silly packumentCache full:https://registry.npmjs.org/possible-typed-array-names cache-miss
3159 silly fetch manifest is-data-view@^1.0.1
3160 silly packumentCache full:https://registry.npmjs.org/is-data-view cache-miss
3161 silly fetch manifest is-date-object@^1.0.5
3162 silly packumentCache full:https://registry.npmjs.org/is-date-object cache-miss
3163 silly fetch manifest is-symbol@^1.0.4
3164 silly packumentCache full:https://registry.npmjs.org/is-symbol cache-miss
3165 silly fetch manifest functions-have-names@^1.2.3
3166 silly packumentCache full:https://registry.npmjs.org/functions-have-names cache-miss
3167 silly fetch manifest dunder-proto@^1.0.1
3168 silly packumentCache full:https://registry.npmjs.org/dunder-proto cache-miss
3169 silly fetch manifest dunder-proto@^1.0.0
3170 silly packumentCache full:https://registry.npmjs.org/dunder-proto cache-miss
3171 silly fetch manifest side-channel@^1.1.0
3172 silly packumentCache full:https://registry.npmjs.org/side-channel cache-miss
3173 silly fetch manifest is-typed-array@^1.1.13
3174 silly packumentCache full:https://registry.npmjs.org/is-typed-array cache-miss
3175 silly fetch manifest which-typed-array@^1.1.16
3176 silly packumentCache full:https://registry.npmjs.org/which-typed-array cache-miss
3177 silly fetch manifest set-function-name@^2.0.2
3178 silly packumentCache full:https://registry.npmjs.org/set-function-name cache-miss
3179 silly fetch manifest isarray@^2.0.5
3180 silly packumentCache full:https://registry.npmjs.org/isarray cache-miss
3181 silly fetch manifest isarray@^2.0.5
3182 silly packumentCache full:https://registry.npmjs.org/isarray cache-miss
3183 silly fetch manifest dunder-proto@^1.0.1
3184 silly packumentCache full:https://registry.npmjs.org/dunder-proto cache-miss
3185 http cache https://registry.npmjs.org/is-array-buffer 11ms (cache hit)
3186 silly packumentCache full:https://registry.npmjs.org/is-array-buffer set size:33562 disposed:false
3187 silly fetch manifest for-each@^0.3.3
3188 silly packumentCache full:https://registry.npmjs.org/for-each cache-miss
3189 http cache https://registry.npmjs.org/is-data-view 12ms (cache hit)
3190 silly packumentCache full:https://registry.npmjs.org/is-data-view set size:13756 disposed:false
3191 silly fetch manifest for-each@^0.3.3
3192 silly packumentCache full:https://registry.npmjs.org/for-each cache-miss
3193 http cache https://registry.npmjs.org/which-typed-array 11ms (cache hit)
3194 silly packumentCache full:https://registry.npmjs.org/which-typed-array set size:93605 disposed:false
3195 silly fetch manifest reflect.getprototypeof@^1.0.9
3196 silly packumentCache full:https://registry.npmjs.org/reflect.getprototypeof cache-miss
3197 http cache https://registry.npmjs.org/is-typed-array 12ms (cache hit)
3198 silly packumentCache full:https://registry.npmjs.org/is-typed-array set size:79965 disposed:false
3199 silly fetch manifest for-each@^0.3.3
3200 silly packumentCache full:https://registry.npmjs.org/for-each cache-miss
3201 http fetch GET 200 https://registry.npmjs.org/dunder-proto 26ms (cache miss)
3202 silly packumentCache full:https://registry.npmjs.org/dunder-proto set size:undefined disposed:false
3203 silly fetch manifest possible-typed-array-names@^1.0.0
3204 silly packumentCache full:https://registry.npmjs.org/possible-typed-array-names cache-miss
3205 http fetch GET 200 https://registry.npmjs.org/side-channel 35ms (cache miss)
3206 silly packumentCache full:https://registry.npmjs.org/side-channel set size:undefined disposed:false
3207 silly fetch manifest reflect.getprototypeof@^1.0.6
3208 silly packumentCache full:https://registry.npmjs.org/reflect.getprototypeof cache-miss
3209 http fetch GET 200 https://registry.npmjs.org/dunder-proto 41ms (cache miss)
3210 silly packumentCache full:https://registry.npmjs.org/dunder-proto set size:undefined disposed:false
3211 silly fetch manifest has-bigints@^1.0.2
3212 silly packumentCache full:https://registry.npmjs.org/has-bigints cache-miss
3213 http fetch GET 200 https://registry.npmjs.org/dunder-proto 44ms (cache miss)
3214 silly packumentCache full:https://registry.npmjs.org/dunder-proto set size:undefined disposed:false
3215 silly fetch manifest which-boxed-primitive@^1.1.1
3216 silly packumentCache full:https://registry.npmjs.org/which-boxed-primitive cache-miss
3217 http fetch GET 200 https://registry.npmjs.org/functions-have-names 45ms (cache miss)
3218 silly packumentCache full:https://registry.npmjs.org/functions-have-names set size:undefined disposed:false
3219 silly fetch manifest for-each@^0.3.5
3220 silly packumentCache full:https://registry.npmjs.org/for-each cache-miss
3221 http fetch GET 200 https://registry.npmjs.org/isarray 44ms (cache miss)
3222 silly packumentCache full:https://registry.npmjs.org/isarray set size:undefined disposed:false
3223 http fetch GET 200 https://registry.npmjs.org/is-date-object 48ms (cache miss)
3224 silly packumentCache full:https://registry.npmjs.org/is-date-object set size:undefined disposed:false
3225 http fetch GET 200 https://registry.npmjs.org/is-symbol 49ms (cache miss)
3226 silly packumentCache full:https://registry.npmjs.org/is-symbol set size:undefined disposed:false
3227 http fetch GET 200 https://registry.npmjs.org/set-function-name 48ms (cache miss)
3228 silly packumentCache full:https://registry.npmjs.org/set-function-name set size:undefined disposed:false
3229 http fetch GET 200 https://registry.npmjs.org/possible-typed-array-names 51ms (cache miss)
3230 silly packumentCache full:https://registry.npmjs.org/possible-typed-array-names set size:undefined disposed:false
3231 http fetch GET 200 https://registry.npmjs.org/for-each 37ms (cache miss)
3232 silly packumentCache full:https://registry.npmjs.org/for-each set size:undefined disposed:false
3233 http fetch GET 200 https://registry.npmjs.org/for-each 40ms (cache miss)
3234 silly packumentCache full:https://registry.npmjs.org/for-each set size:undefined disposed:false
3235 http fetch GET 200 https://registry.npmjs.org/for-each 42ms (cache miss)
3236 silly packumentCache full:https://registry.npmjs.org/for-each set size:undefined disposed:false
3237 http fetch GET 200 https://registry.npmjs.org/isarray 51ms (cache miss)
3238 silly packumentCache full:https://registry.npmjs.org/isarray set size:undefined disposed:false
3239 http fetch GET 200 https://registry.npmjs.org/reflect.getprototypeof 40ms (cache miss)
3240 silly packumentCache full:https://registry.npmjs.org/reflect.getprototypeof set size:undefined disposed:false
3241 http fetch GET 200 https://registry.npmjs.org/possible-typed-array-names 27ms (cache miss)
3242 silly packumentCache full:https://registry.npmjs.org/possible-typed-array-names set size:undefined disposed:false
3243 http fetch GET 200 https://registry.npmjs.org/which-boxed-primitive 25ms (cache miss)
3244 silly packumentCache full:https://registry.npmjs.org/which-boxed-primitive set size:undefined disposed:false
3245 http fetch GET 200 https://registry.npmjs.org/reflect.getprototypeof 35ms (cache miss)
3246 silly packumentCache full:https://registry.npmjs.org/reflect.getprototypeof set size:undefined disposed:false
3247 http fetch GET 200 https://registry.npmjs.org/for-each 26ms (cache miss)
3248 silly packumentCache full:https://registry.npmjs.org/for-each set size:undefined disposed:false
3249 http fetch GET 200 https://registry.npmjs.org/has-bigints 30ms (cache miss)
3250 silly packumentCache full:https://registry.npmjs.org/has-bigints set size:undefined disposed:false
3251 silly placeDep ROOT possible-typed-array-names@1.1.0 OK for: available-typed-arrays@1.0.7 want: ^1.0.0
3252 silly placeDep ROOT has-tostringtag@1.0.2 OK for: es-set-tostringtag@2.1.0 want: ^1.0.2
3253 silly placeDep ROOT is-date-object@1.1.0 OK for: es-to-primitive@1.3.0 want: ^1.0.5
3254 silly placeDep ROOT is-symbol@1.1.1 OK for: es-to-primitive@1.3.0 want: ^1.0.4
3255 silly placeDep node_modules/eslint-module-utils debug@3.2.7 OK for: eslint-module-utils@2.12.1 want: ^3.2.7
3256 silly placeDep ROOT aria-query@5.3.2 OK for: eslint-plugin-jsx-a11y@6.10.2 want: ^5.3.2
3257 silly placeDep ROOT ast-types-flow@0.0.8 OK for: eslint-plugin-jsx-a11y@6.10.2 want: ^0.0.8
3258 silly placeDep ROOT axe-core@4.11.4 OK for: eslint-plugin-jsx-a11y@6.10.2 want: ^4.10.0
3259 silly placeDep ROOT axobject-query@4.1.0 OK for: eslint-plugin-jsx-a11y@6.10.2 want: ^4.1.0
3260 silly placeDep ROOT damerau-levenshtein@1.0.8 OK for: eslint-plugin-jsx-a11y@6.10.2 want: ^1.0.8
3261 silly placeDep ROOT emoji-regex@9.2.2 OK for: eslint-plugin-jsx-a11y@6.10.2 want: ^9.2.2
3262 silly placeDep ROOT jsx-ast-utils@3.3.5 OK for: eslint-plugin-jsx-a11y@6.10.2 want: ^3.3.5
3263 silly placeDep ROOT language-tags@1.0.9 OK for: eslint-plugin-jsx-a11y@6.10.2 want: ^1.0.9
3264 silly placeDep ROOT string.prototype.includes@2.0.1 OK for: eslint-plugin-jsx-a11y@6.10.2 want: ^2.0.1
3265 silly fetch manifest language-subtag-registry@^0.3.20
3266 silly packumentCache full:https://registry.npmjs.org/language-subtag-registry cache-miss
3267 http fetch GET 200 https://registry.npmjs.org/language-subtag-registry 29ms (cache miss)
3268 silly packumentCache full:https://registry.npmjs.org/language-subtag-registry set size:undefined disposed:false
3269 silly placeDep ROOT array.prototype.findlast@1.2.5 OK for: eslint-plugin-react@7.37.5 want: ^1.2.5
3270 silly placeDep ROOT array.prototype.tosorted@1.1.4 OK for: eslint-plugin-react@7.37.5 want: ^1.1.4
3271 silly placeDep ROOT es-iterator-helpers@1.3.2 OK for: eslint-plugin-react@7.37.5 want: ^1.2.1
3272 silly placeDep ROOT estraverse@5.3.0 OK for: eslint-plugin-react@7.37.5 want: ^5.3.0
3273 silly placeDep ROOT object.entries@1.1.9 OK for: eslint-plugin-react@7.37.5 want: ^1.1.9
3274 silly placeDep ROOT prop-types@15.8.1 OK for: eslint-plugin-react@7.37.5 want: ^15.8.1
3275 silly placeDep ROOT string.prototype.matchall@4.0.12 OK for: eslint-plugin-react@7.37.5 want: ^4.0.12
3276 silly placeDep ROOT string.prototype.repeat@1.0.0 OK for: eslint-plugin-react@7.37.5 want: ^1.0.0
3277 silly fetch manifest iterator.prototype@^1.1.5
3278 silly packumentCache full:https://registry.npmjs.org/iterator.prototype cache-miss
3279 silly fetch manifest loose-envify@^1.4.0
3280 silly packumentCache full:https://registry.npmjs.org/loose-envify cache-miss
3281 silly fetch manifest object-assign@^4.1.1
3282 silly packumentCache full:https://registry.npmjs.org/object-assign cache-miss
3283 silly fetch manifest react-is@^16.13.1
3284 silly packumentCache full:https://registry.npmjs.org/react-is cache-miss
3285 http cache https://registry.npmjs.org/react-is 13ms (cache hit)
3286 silly packumentCache full:https://registry.npmjs.org/react-is set size:5380884 disposed:false
3287 http fetch GET 200 https://registry.npmjs.org/loose-envify 80ms (cache miss)
3288 silly packumentCache full:https://registry.npmjs.org/loose-envify set size:undefined disposed:false
3289 http fetch GET 200 https://registry.npmjs.org/object-assign 80ms (cache miss)
3290 silly packumentCache full:https://registry.npmjs.org/object-assign set size:undefined disposed:false
3291 http fetch GET 200 https://registry.npmjs.org/iterator.prototype 81ms (cache miss)
3292 silly packumentCache full:https://registry.npmjs.org/iterator.prototype set size:undefined disposed:false
3293 silly placeDep ROOT iterator.prototype@1.1.5 OK for: es-iterator-helpers@1.3.2 want: ^1.1.5
3294 silly fetch manifest zod@^3.25.0 || ^4.0.0
3295 silly packumentCache full:https://registry.npmjs.org/zod cache-miss
3296 http cache https://registry.npmjs.org/zod 9ms (cache hit)
3297 silly packumentCache full:https://registry.npmjs.org/zod set size:3552562 disposed:false
3298 silly placeDep ROOT @babel/core@7.29.0 OK for: eslint-plugin-react-hooks@7.1.1 want: ^7.24.4
3299 silly placeDep ROOT @babel/parser@7.29.3 OK for: eslint-plugin-react-hooks@7.1.1 want: ^7.24.4
3300 silly placeDep ROOT hermes-parser@0.25.1 OK for: eslint-plugin-react-hooks@7.1.1 want: ^0.25.1
3301 silly placeDep ROOT zod-validation-error@4.0.2 OK for: eslint-plugin-react-hooks@7.1.1 want: ^3.5.0 || ^4.0.0
3302 silly fetch manifest json5@^2.2.3
3303 silly packumentCache full:https://registry.npmjs.org/json5 cache-miss
3304 silly fetch manifest gensync@^1.0.0-beta.2
3305 silly packumentCache full:https://registry.npmjs.org/gensync cache-miss
3306 silly fetch manifest @babel/types@^7.29.0
3307 silly packumentCache full:https://registry.npmjs.org/@babel%2ftypes cache-miss
3308 silly fetch manifest @babel/parser@^7.29.0
3309 silly packumentCache full:https://registry.npmjs.org/@babel%2fparser cache-miss
3310 silly fetch manifest @babel/helpers@^7.28.6
3311 silly packumentCache full:https://registry.npmjs.org/@babel%2fhelpers cache-miss
3312 silly fetch manifest @babel/template@^7.28.6
3313 silly packumentCache full:https://registry.npmjs.org/@babel%2ftemplate cache-miss
3314 silly fetch manifest @babel/traverse@^7.29.0
3315 silly packumentCache full:https://registry.npmjs.org/@babel%2ftraverse cache-miss
3316 silly fetch manifest @babel/generator@^7.29.0
3317 silly packumentCache full:https://registry.npmjs.org/@babel%2fgenerator cache-miss
3318 silly fetch manifest @babel/code-frame@^7.29.0
3319 silly packumentCache full:https://registry.npmjs.org/@babel%2fcode-frame cache-miss
3320 silly fetch manifest convert-source-map@^2.0.0
3321 silly packumentCache full:https://registry.npmjs.org/convert-source-map cache-miss
3322 silly fetch manifest @babel/helper-module-transforms@^7.28.6
3323 silly packumentCache full:https://registry.npmjs.org/@babel%2fhelper-module-transforms cache-miss
3324 silly fetch manifest @babel/helper-compilation-targets@^7.28.6
3325 silly packumentCache full:https://registry.npmjs.org/@babel%2fhelper-compilation-targets cache-miss
3326 silly fetch manifest @babel/types@^7.29.0
3327 silly packumentCache full:https://registry.npmjs.org/@babel%2ftypes cache-miss
3328 silly fetch manifest hermes-estree@0.25.1
3329 silly packumentCache full:https://registry.npmjs.org/hermes-estree cache-miss
3330 http cache https://registry.npmjs.org/json5 10ms (cache hit)
3331 silly packumentCache full:https://registry.npmjs.org/json5 set size:86136 disposed:false
3332 http cache https://registry.npmjs.org/@babel%2fparser 13ms (cache hit)
3333 silly packumentCache full:https://registry.npmjs.org/@babel%2fparser set size:725652 disposed:false
3334 http fetch GET 200 https://registry.npmjs.org/gensync 30ms (cache miss)
3335 silly packumentCache full:https://registry.npmjs.org/gensync set size:undefined disposed:false
3336 http fetch GET 200 https://registry.npmjs.org/hermes-estree 40ms (cache miss)
3337 silly packumentCache full:https://registry.npmjs.org/hermes-estree set size:undefined disposed:false
3338 http fetch GET 200 https://registry.npmjs.org/convert-source-map 41ms (cache miss)
3339 silly packumentCache full:https://registry.npmjs.org/convert-source-map set size:undefined disposed:false
3340 http fetch GET 200 https://registry.npmjs.org/@babel%2fhelper-compilation-targets 48ms (cache miss)
3341 silly packumentCache full:https://registry.npmjs.org/@babel%2fhelper-compilation-targets set size:undefined disposed:false
3342 http fetch GET 200 https://registry.npmjs.org/@babel%2ftypes 73ms (cache miss)
3343 silly packumentCache full:https://registry.npmjs.org/@babel%2ftypes set size:undefined disposed:false
3344 http fetch GET 200 https://registry.npmjs.org/@babel%2fcode-frame 79ms (cache miss)
3345 silly packumentCache full:https://registry.npmjs.org/@babel%2fcode-frame set size:undefined disposed:false
3346 http fetch GET 200 https://registry.npmjs.org/@babel%2ftemplate 81ms (cache miss)
3347 silly packumentCache full:https://registry.npmjs.org/@babel%2ftemplate set size:undefined disposed:false
3348 http fetch GET 200 https://registry.npmjs.org/@babel%2fhelper-module-transforms 82ms (cache miss)
3349 silly packumentCache full:https://registry.npmjs.org/@babel%2fhelper-module-transforms set size:undefined disposed:false
3350 http fetch GET 200 https://registry.npmjs.org/@babel%2ftypes 124ms (cache miss)
3351 silly packumentCache full:https://registry.npmjs.org/@babel%2ftypes set size:undefined disposed:false
3352 http fetch GET 200 https://registry.npmjs.org/@babel%2ftraverse 341ms (cache miss)
3353 silly packumentCache full:https://registry.npmjs.org/@babel%2ftraverse set size:undefined disposed:false
3354 http fetch GET 200 https://registry.npmjs.org/@babel%2fgenerator 346ms (cache miss)
3355 silly packumentCache full:https://registry.npmjs.org/@babel%2fgenerator set size:undefined disposed:false
3356 http fetch GET 200 https://registry.npmjs.org/@babel%2fhelpers 373ms (cache miss)
3357 silly packumentCache full:https://registry.npmjs.org/@babel%2fhelpers set size:undefined disposed:false
3358 silly fetch manifest @babel/core@^7.0.0
3359 silly packumentCache full:https://registry.npmjs.org/@babel%2fcore cache-hit
3360 silly placeDep ROOT @babel/code-frame@7.29.0 OK for: @babel/core@7.29.0 want: ^7.29.0
3361 silly placeDep ROOT @babel/generator@7.29.1 OK for: @babel/core@7.29.0 want: ^7.29.0
3362 silly placeDep ROOT @babel/helper-compilation-targets@7.28.6 OK for: @babel/core@7.29.0 want: ^7.28.6
3363 silly placeDep ROOT @babel/helper-module-transforms@7.28.6 OK for: @babel/core@7.29.0 want: ^7.28.6
3364 silly placeDep ROOT @babel/helpers@7.29.2 OK for: @babel/core@7.29.0 want: ^7.28.6
3365 silly placeDep ROOT @babel/template@7.28.6 OK for: @babel/core@7.29.0 want: ^7.28.6
3366 silly placeDep ROOT @babel/traverse@7.29.0 OK for: @babel/core@7.29.0 want: ^7.29.0
3367 silly placeDep ROOT @babel/types@7.29.0 OK for: @babel/core@7.29.0 want: ^7.29.0
3368 silly placeDep ROOT convert-source-map@2.0.0 OK for: @babel/core@7.29.0 want: ^2.0.0
3369 silly placeDep ROOT gensync@1.0.0-beta.2 OK for: @babel/core@7.29.0 want: ^1.0.0-beta.2
3370 silly placeDep ROOT json5@2.2.3 OK for: @babel/core@7.29.0 want: ^2.2.3
3371 silly fetch manifest js-tokens@^4.0.0
3372 silly packumentCache full:https://registry.npmjs.org/js-tokens cache-miss
3373 silly fetch manifest @babel/helper-validator-identifier@^7.28.5
3374 silly packumentCache full:https://registry.npmjs.org/@babel%2fhelper-validator-identifier cache-miss
3375 silly fetch manifest jsesc@^3.0.2
3376 silly packumentCache full:https://registry.npmjs.org/jsesc cache-miss
3377 silly fetch manifest lru-cache@^5.1.1
3378 silly packumentCache full:https://registry.npmjs.org/lru-cache cache-miss
3379 silly fetch manifest browserslist@^4.24.0
3380 silly packumentCache full:https://registry.npmjs.org/browserslist cache-miss
3381 silly fetch manifest @babel/compat-data@^7.28.6
3382 silly packumentCache full:https://registry.npmjs.org/@babel%2fcompat-data cache-miss
3383 silly fetch manifest @babel/helper-validator-option@^7.27.1
3384 silly packumentCache full:https://registry.npmjs.org/@babel%2fhelper-validator-option cache-miss
3385 silly fetch manifest @babel/traverse@^7.28.6
3386 silly packumentCache full:https://registry.npmjs.org/@babel%2ftraverse cache-miss
3387 silly fetch manifest @babel/helper-module-imports@^7.28.6
3388 silly packumentCache full:https://registry.npmjs.org/@babel%2fhelper-module-imports cache-miss
3389 silly fetch manifest @babel/helper-validator-identifier@^7.28.5
3390 silly packumentCache full:https://registry.npmjs.org/@babel%2fhelper-validator-identifier cache-miss
3391 silly fetch manifest @babel/types@^7.28.6
3392 silly packumentCache full:https://registry.npmjs.org/@babel%2ftypes cache-miss
3393 silly fetch manifest @babel/helper-globals@^7.28.0
3394 silly packumentCache full:https://registry.npmjs.org/@babel%2fhelper-globals cache-miss
3395 silly fetch manifest @babel/helper-string-parser@^7.27.1
3396 silly packumentCache full:https://registry.npmjs.org/@babel%2fhelper-string-parser cache-miss
3397 silly fetch manifest @babel/helper-validator-identifier@^7.28.5
3398 silly packumentCache full:https://registry.npmjs.org/@babel%2fhelper-validator-identifier cache-miss
3399 http cache https://registry.npmjs.org/@babel%2ftraverse 11ms (cache hit)
3400 silly packumentCache full:https://registry.npmjs.org/@babel%2ftraverse set size:553169 disposed:false
3401 http cache https://registry.npmjs.org/@babel%2ftypes 14ms (cache hit)
3402 silly packumentCache full:https://registry.npmjs.org/@babel%2ftypes set size:491978 disposed:false
3403 http cache https://registry.npmjs.org/lru-cache 19ms (cache hit)
3404 silly packumentCache full:https://registry.npmjs.org/lru-cache set size:443567 disposed:false
3405 http fetch GET 200 https://registry.npmjs.org/js-tokens 36ms (cache miss)
3406 silly packumentCache full:https://registry.npmjs.org/js-tokens set size:undefined disposed:false
3407 http fetch GET 200 https://registry.npmjs.org/jsesc 37ms (cache miss)
3408 silly packumentCache full:https://registry.npmjs.org/jsesc set size:undefined disposed:false
3409 http fetch GET 200 https://registry.npmjs.org/@babel%2fhelper-string-parser 43ms (cache miss)
3410 silly packumentCache full:https://registry.npmjs.org/@babel%2fhelper-string-parser set size:undefined disposed:false
3411 http fetch GET 200 https://registry.npmjs.org/@babel%2fhelper-globals 45ms (cache miss)
3412 silly packumentCache full:https://registry.npmjs.org/@babel%2fhelper-globals set size:undefined disposed:false
3413 http fetch GET 200 https://registry.npmjs.org/@babel%2fhelper-validator-option 49ms (cache miss)
3414 silly packumentCache full:https://registry.npmjs.org/@babel%2fhelper-validator-option set size:undefined disposed:false
3415 http fetch GET 200 https://registry.npmjs.org/@babel%2fhelper-validator-identifier 57ms (cache miss)
3416 silly packumentCache full:https://registry.npmjs.org/@babel%2fhelper-validator-identifier set size:undefined disposed:false
3417 http fetch GET 200 https://registry.npmjs.org/@babel%2fhelper-module-imports 57ms (cache miss)
3418 silly packumentCache full:https://registry.npmjs.org/@babel%2fhelper-module-imports set size:undefined disposed:false
3419 http fetch GET 200 https://registry.npmjs.org/@babel%2fhelper-validator-identifier 59ms (cache miss)
3420 silly packumentCache full:https://registry.npmjs.org/@babel%2fhelper-validator-identifier set size:undefined disposed:false
3421 http fetch GET 200 https://registry.npmjs.org/@babel%2fhelper-validator-identifier 59ms (cache miss)
3422 silly packumentCache full:https://registry.npmjs.org/@babel%2fhelper-validator-identifier set size:undefined disposed:false
3423 http fetch GET 200 https://registry.npmjs.org/@babel%2fcompat-data 87ms (cache miss)
3424 silly packumentCache full:https://registry.npmjs.org/@babel%2fcompat-data set size:undefined disposed:false
3425 http fetch GET 200 https://registry.npmjs.org/browserslist 92ms (cache miss)
3426 silly packumentCache full:https://registry.npmjs.org/browserslist set size:undefined disposed:false
3427 silly placeDep ROOT @babel/helper-validator-identifier@7.28.5 OK for: @babel/code-frame@7.29.0 want: ^7.28.5
3428 silly placeDep ROOT js-tokens@4.0.0 OK for: @babel/code-frame@7.29.0 want: ^4.0.0
3429 silly placeDep ROOT picocolors@1.1.1 OK for: @babel/code-frame@7.29.0 want: ^1.1.1
3430 silly placeDep ROOT jsesc@3.1.0 OK for: @babel/generator@7.29.1 want: ^3.0.2
3431 silly placeDep ROOT @babel/compat-data@7.29.3 OK for: @babel/helper-compilation-targets@7.28.6 want: ^7.28.6
3432 silly placeDep ROOT @babel/helper-validator-option@7.27.1 OK for: @babel/helper-compilation-targets@7.28.6 want: ^7.27.1
3433 silly placeDep ROOT browserslist@4.28.2 OK for: @babel/helper-compilation-targets@7.28.6 want: ^4.24.0
3434 silly placeDep ROOT lru-cache@5.1.1 OK for: @babel/helper-compilation-targets@7.28.6 want: ^5.1.1
3435 silly fetch manifest baseline-browser-mapping@^2.10.12
3436 silly packumentCache full:https://registry.npmjs.org/baseline-browser-mapping cache-miss
3437 silly fetch manifest caniuse-lite@^1.0.30001782
3438 silly packumentCache full:https://registry.npmjs.org/caniuse-lite cache-miss
3439 silly fetch manifest electron-to-chromium@^1.5.328
3440 silly packumentCache full:https://registry.npmjs.org/electron-to-chromium cache-miss
3441 silly fetch manifest node-releases@^2.0.36
3442 silly packumentCache full:https://registry.npmjs.org/node-releases cache-miss
3443 silly fetch manifest update-browserslist-db@^1.2.3
3444 silly packumentCache full:https://registry.npmjs.org/update-browserslist-db cache-miss
3445 silly fetch manifest yallist@^3.0.2
3446 silly packumentCache full:https://registry.npmjs.org/yallist cache-miss
3447 http cache https://registry.npmjs.org/baseline-browser-mapping 6ms (cache hit)
3448 silly packumentCache full:https://registry.npmjs.org/baseline-browser-mapping set size:479134 disposed:false
3449 http cache https://registry.npmjs.org/caniuse-lite 11ms (cache hit)
3450 silly packumentCache full:https://registry.npmjs.org/caniuse-lite set size:2291079 disposed:false
3451 http fetch GET 200 https://registry.npmjs.org/update-browserslist-db 27ms (cache miss)
3452 silly packumentCache full:https://registry.npmjs.org/update-browserslist-db set size:undefined disposed:false
3453 http fetch GET 200 https://registry.npmjs.org/yallist 30ms (cache miss)
3454 silly packumentCache full:https://registry.npmjs.org/yallist set size:undefined disposed:false
3455 http fetch GET 200 https://registry.npmjs.org/node-releases 51ms (cache miss)
3456 silly packumentCache full:https://registry.npmjs.org/node-releases set size:undefined disposed:false
3457 http fetch GET 200 https://registry.npmjs.org/electron-to-chromium 359ms (cache miss)
3458 silly packumentCache full:https://registry.npmjs.org/electron-to-chromium set size:undefined disposed:false
3459 silly placeDep ROOT @babel/helper-module-imports@7.28.6 OK for: @babel/helper-module-transforms@7.28.6 want: ^7.28.6
3460 silly placeDep ROOT @babel/helper-globals@7.28.0 OK for: @babel/traverse@7.29.0 want: ^7.28.0
3461 silly placeDep ROOT @babel/helper-string-parser@7.27.1 OK for: @babel/types@7.29.0 want: ^7.27.1
3462 silly fetch manifest browserslist@>= 4.21.0
3463 silly packumentCache full:https://registry.npmjs.org/browserslist cache-miss
3464 http cache https://registry.npmjs.org/browserslist 5ms (cache hit)
3465 silly packumentCache full:https://registry.npmjs.org/browserslist set size:504681 disposed:false
3466 silly placeDep ROOT baseline-browser-mapping@2.10.29 OK for: browserslist@4.28.2 want: ^2.10.12
3467 silly placeDep ROOT caniuse-lite@1.0.30001792 OK for: browserslist@4.28.2 want: ^1.0.30001782
3468 silly placeDep ROOT electron-to-chromium@1.5.357 OK for: browserslist@4.28.2 want: ^1.5.328
3469 silly placeDep ROOT node-releases@2.0.44 OK for: browserslist@4.28.2 want: ^2.0.36
3470 silly placeDep ROOT update-browserslist-db@1.2.3 OK for: browserslist@4.28.2 want: ^1.2.3
3471 silly fetch manifest escalade@^3.2.0
3472 silly packumentCache full:https://registry.npmjs.org/escalade cache-miss
3473 http fetch GET 200 https://registry.npmjs.org/escalade 34ms (cache miss)
3474 silly packumentCache full:https://registry.npmjs.org/escalade set size:undefined disposed:false
3475 silly placeDep ROOT esrecurse@4.3.0 OK for: eslint-scope@8.4.0 want: ^4.3.0
3476 silly placeDep ROOT acorn@8.16.0 OK for: espree@10.4.0 want: ^8.15.0
3477 silly placeDep ROOT acorn-jsx@5.3.2 OK for: espree@10.4.0 want: ^5.3.2
3478 silly placeDep ROOT @nodelib/fs.stat@2.0.5 OK for: fast-glob@3.3.1 want: ^2.0.2
3479 silly placeDep ROOT @nodelib/fs.walk@1.2.8 OK for: fast-glob@3.3.1 want: ^1.2.3
3480 silly placeDep node_modules/fast-glob glob-parent@5.1.2 OK for: fast-glob@3.3.1 want: ^5.1.2
3481 silly placeDep ROOT merge2@1.4.1 OK for: fast-glob@3.3.1 want: ^1.3.0
3482 silly placeDep ROOT micromatch@4.0.8 OK for: fast-glob@3.3.1 want: ^4.0.4
3483 silly fetch manifest fastq@^1.6.0
3484 silly packumentCache full:https://registry.npmjs.org/fastq cache-miss
3485 silly fetch manifest @nodelib/fs.scandir@2.1.5
3486 silly packumentCache full:https://registry.npmjs.org/@nodelib%2ffs.scandir cache-miss
3487 silly fetch manifest braces@^3.0.3
3488 silly packumentCache full:https://registry.npmjs.org/braces cache-miss
3489 silly fetch manifest picomatch@^2.3.1
3490 silly packumentCache full:https://registry.npmjs.org/picomatch cache-miss
3491 http cache https://registry.npmjs.org/picomatch 4ms (cache hit)
3492 silly packumentCache full:https://registry.npmjs.org/picomatch set size:126376 disposed:false
3493 http fetch GET 200 https://registry.npmjs.org/fastq 33ms (cache miss)
3494 silly packumentCache full:https://registry.npmjs.org/fastq set size:undefined disposed:false
3495 http fetch GET 200 https://registry.npmjs.org/braces 44ms (cache miss)
3496 silly packumentCache full:https://registry.npmjs.org/braces set size:undefined disposed:false
3497 http fetch GET 200 https://registry.npmjs.org/@nodelib%2ffs.scandir 46ms (cache miss)
3498 silly packumentCache full:https://registry.npmjs.org/@nodelib%2ffs.scandir set size:undefined disposed:false
3499 silly placeDep ROOT @nodelib/fs.scandir@2.1.5 OK for: @nodelib/fs.walk@1.2.8 want: 2.1.5
3500 silly placeDep ROOT fastq@1.20.1 OK for: @nodelib/fs.walk@1.2.8 want: ^1.6.0
3501 silly fetch manifest run-parallel@^1.1.9
3502 silly packumentCache full:https://registry.npmjs.org/run-parallel cache-miss
3503 silly fetch manifest reusify@^1.0.4
3504 silly packumentCache full:https://registry.npmjs.org/reusify cache-miss
3505 http fetch GET 200 https://registry.npmjs.org/reusify 24ms (cache miss)
3506 silly packumentCache full:https://registry.npmjs.org/reusify set size:undefined disposed:false
3507 http fetch GET 200 https://registry.npmjs.org/run-parallel 31ms (cache miss)
3508 silly packumentCache full:https://registry.npmjs.org/run-parallel set size:undefined disposed:false
3509 silly placeDep ROOT run-parallel@1.2.0 OK for: @nodelib/fs.scandir@2.1.5 want: ^1.1.9
3510 silly fetch manifest queue-microtask@^1.2.2
3511 silly packumentCache full:https://registry.npmjs.org/queue-microtask cache-miss
3512 http fetch GET 200 https://registry.npmjs.org/queue-microtask 25ms (cache miss)
3513 silly packumentCache full:https://registry.npmjs.org/queue-microtask set size:undefined disposed:false
3514 silly placeDep ROOT reusify@1.1.0 OK for: fastq@1.20.1 want: ^1.0.4
3515 silly placeDep ROOT flat-cache@4.0.1 OK for: file-entry-cache@8.0.0 want: ^4.0.0
3516 silly fetch manifest keyv@^4.5.4
3517 silly packumentCache full:https://registry.npmjs.org/keyv cache-miss
3518 silly fetch manifest flatted@^3.2.9
3519 silly packumentCache full:https://registry.npmjs.org/flatted cache-miss
3520 http fetch GET 200 https://registry.npmjs.org/flatted 43ms (cache miss)
3521 silly packumentCache full:https://registry.npmjs.org/flatted set size:undefined disposed:false
3522 http fetch GET 200 https://registry.npmjs.org/keyv 48ms (cache miss)
3523 silly packumentCache full:https://registry.npmjs.org/keyv set size:undefined disposed:false
3524 silly placeDep ROOT locate-path@6.0.0 OK for: find-up@5.0.0 want: ^6.0.0
3525 silly placeDep ROOT path-exists@4.0.0 OK for: find-up@5.0.0 want: ^4.0.0
3526 silly fetch manifest p-locate@^5.0.0
3527 silly packumentCache full:https://registry.npmjs.org/p-locate cache-miss
3528 http fetch GET 200 https://registry.npmjs.org/p-locate 32ms (cache miss)
3529 silly packumentCache full:https://registry.npmjs.org/p-locate set size:undefined disposed:false
3530 silly placeDep ROOT flatted@3.4.2 OK for: flat-cache@4.0.1 want: ^3.2.9
3531 silly placeDep ROOT keyv@4.5.4 OK for: flat-cache@4.0.1 want: ^4.5.4
3532 silly fetch manifest json-buffer@3.0.1
3533 silly packumentCache full:https://registry.npmjs.org/json-buffer cache-miss
3534 http fetch GET 200 https://registry.npmjs.org/json-buffer 38ms (cache miss)
3535 silly packumentCache full:https://registry.npmjs.org/json-buffer set size:undefined disposed:false
3536 silly placeDep ROOT functions-have-names@1.2.3 OK for: function.prototype.name@1.1.8 want: ^1.2.3
3537 silly placeDep ROOT dunder-proto@1.0.1 OK for: get-proto@1.0.1 want: ^1.0.1
3538 silly placeDep ROOT resolve-pkg-maps@1.0.0 OK for: get-tsconfig@4.14.0 want: ^1.0.0
3539 silly placeDep ROOT hastscript@9.0.1 OK for: hast-util-from-dom@5.0.1 want: ^9.0.0
3540 silly placeDep ROOT web-namespaces@2.0.1 OK for: hast-util-from-dom@5.0.1 want: ^2.0.0
3541 silly fetch manifest comma-separated-tokens@^2.0.0
3542 silly packumentCache full:https://registry.npmjs.org/comma-separated-tokens cache-miss
3543 silly fetch manifest hast-util-parse-selector@^4.0.0
3544 silly packumentCache full:https://registry.npmjs.org/hast-util-parse-selector cache-miss
3545 silly fetch manifest property-information@^7.0.0
3546 silly packumentCache full:https://registry.npmjs.org/property-information cache-miss
3547 silly fetch manifest space-separated-tokens@^2.0.0
3548 silly packumentCache full:https://registry.npmjs.org/space-separated-tokens cache-miss
3549 http fetch GET 200 https://registry.npmjs.org/space-separated-tokens 30ms (cache miss)
3550 silly packumentCache full:https://registry.npmjs.org/space-separated-tokens set size:undefined disposed:false
3551 http fetch GET 200 https://registry.npmjs.org/comma-separated-tokens 32ms (cache miss)
3552 silly packumentCache full:https://registry.npmjs.org/comma-separated-tokens set size:undefined disposed:false
3553 http fetch GET 200 https://registry.npmjs.org/property-information 39ms (cache miss)
3554 silly packumentCache full:https://registry.npmjs.org/property-information set size:undefined disposed:false
3555 http fetch GET 200 https://registry.npmjs.org/hast-util-parse-selector 44ms (cache miss)
3556 silly packumentCache full:https://registry.npmjs.org/hast-util-parse-selector set size:undefined disposed:false
3557 silly placeDep ROOT comma-separated-tokens@2.0.3 OK for: hastscript@9.0.1 want: ^2.0.0
3558 silly placeDep ROOT hast-util-parse-selector@4.0.0 OK for: hastscript@9.0.1 want: ^4.0.0
3559 silly placeDep ROOT property-information@7.1.0 OK for: hastscript@9.0.1 want: ^7.0.0
3560 silly placeDep ROOT space-separated-tokens@2.0.2 OK for: hastscript@9.0.1 want: ^2.0.0
3561 silly placeDep ROOT hermes-estree@0.25.1 OK for: hermes-parser@0.25.1 want: 0.25.1
3562 silly placeDep ROOT parent-module@1.0.1 OK for: import-fresh@3.3.1 want: ^1.0.0
3563 silly placeDep ROOT resolve-from@4.0.0 OK for: import-fresh@3.3.1 want: ^4.0.0
3564 silly fetch manifest callsites@^3.0.0
3565 silly packumentCache full:https://registry.npmjs.org/callsites cache-miss
3566 http fetch GET 200 https://registry.npmjs.org/callsites 30ms (cache miss)
3567 silly packumentCache full:https://registry.npmjs.org/callsites set size:undefined disposed:false
3568 silly placeDep ROOT side-channel@1.1.0 OK for: internal-slot@1.1.0 want: ^1.1.0
3569 silly fetch manifest side-channel-list@^1.0.0
3570 silly packumentCache full:https://registry.npmjs.org/side-channel-list cache-miss
3571 silly fetch manifest side-channel-map@^1.0.1
3572 silly packumentCache full:https://registry.npmjs.org/side-channel-map cache-miss
3573 silly fetch manifest side-channel-weakmap@^1.0.2
3574 silly packumentCache full:https://registry.npmjs.org/side-channel-weakmap cache-miss
3575 http fetch GET 200 https://registry.npmjs.org/side-channel-weakmap 24ms (cache miss)
3576 silly packumentCache full:https://registry.npmjs.org/side-channel-weakmap set size:undefined disposed:false
3577 http fetch GET 200 https://registry.npmjs.org/side-channel-map 29ms (cache miss)
3578 silly packumentCache full:https://registry.npmjs.org/side-channel-map set size:undefined disposed:false
3579 http fetch GET 200 https://registry.npmjs.org/side-channel-list 40ms (cache miss)
3580 silly packumentCache full:https://registry.npmjs.org/side-channel-list set size:undefined disposed:false
3581 silly placeDep node_modules/is-bun-module semver@7.8.0 OK for: is-bun-module@2.0.0 want: ^7.7.1
3582 silly placeDep ROOT is-extglob@2.1.1 OK for: is-glob@4.0.3 want: ^2.1.1
3583 silly placeDep ROOT set-function-name@2.0.2 OK for: iterator.prototype@1.1.5 want: ^2.0.2
3584 silly placeDep ROOT argparse@2.0.1 OK for: js-yaml@4.1.1 want: ^2.0.1
3585 silly placeDep ROOT bignumber.js@9.3.1 OK for: json-bigint@1.0.0 want: ^9.0.0
3586 silly placeDep ROOT jws@4.0.1 OK for: jsonwebtoken@9.0.3 want: ^4.0.1
3587 silly placeDep ROOT lodash.includes@4.3.0 OK for: jsonwebtoken@9.0.3 want: ^4.3.0
3588 silly placeDep ROOT lodash.isboolean@3.0.3 OK for: jsonwebtoken@9.0.3 want: ^3.0.3
3589 silly placeDep ROOT lodash.isinteger@4.0.4 OK for: jsonwebtoken@9.0.3 want: ^4.0.4
3590 silly placeDep ROOT lodash.isnumber@3.0.3 OK for: jsonwebtoken@9.0.3 want: ^3.0.3
3591 silly placeDep ROOT lodash.isplainobject@4.0.6 OK for: jsonwebtoken@9.0.3 want: ^4.0.6
3592 silly placeDep ROOT lodash.isstring@4.0.1 OK for: jsonwebtoken@9.0.3 want: ^4.0.1
3593 silly placeDep ROOT lodash.once@4.1.1 OK for: jsonwebtoken@9.0.3 want: ^4.0.0
3594 silly placeDep node_modules/jsonwebtoken semver@7.8.0 OK for: jsonwebtoken@9.0.3 want: ^7.5.4
3595 silly fetch manifest jwa@^2.0.1
3596 silly packumentCache full:https://registry.npmjs.org/jwa cache-miss
3597 silly fetch manifest safe-buffer@^5.0.1
3598 silly packumentCache full:https://registry.npmjs.org/safe-buffer cache-miss
3599 http fetch GET 200 https://registry.npmjs.org/jwa 31ms (cache miss)
3600 silly packumentCache full:https://registry.npmjs.org/jwa set size:undefined disposed:false
3601 http fetch GET 200 https://registry.npmjs.org/safe-buffer 32ms (cache miss)
3602 silly packumentCache full:https://registry.npmjs.org/safe-buffer set size:undefined disposed:false
3603 silly placeDep ROOT jwa@2.0.1 OK for: jws@4.0.1 want: ^2.0.1
3604 silly placeDep ROOT safe-buffer@5.2.1 OK for: jws@4.0.1 want: ^5.0.1
3605 silly fetch manifest ecdsa-sig-formatter@1.0.11
3606 silly packumentCache full:https://registry.npmjs.org/ecdsa-sig-formatter cache-miss
3607 silly fetch manifest buffer-equal-constant-time@^1.0.1
3608 silly packumentCache full:https://registry.npmjs.org/buffer-equal-constant-time cache-miss
3609 http fetch GET 200 https://registry.npmjs.org/ecdsa-sig-formatter 25ms (cache miss)
3610 silly packumentCache full:https://registry.npmjs.org/ecdsa-sig-formatter set size:undefined disposed:false
3611 http fetch GET 200 https://registry.npmjs.org/buffer-equal-constant-time 32ms (cache miss)
3612 silly packumentCache full:https://registry.npmjs.org/buffer-equal-constant-time set size:undefined disposed:false
3613 silly placeDep ROOT buffer-equal-constant-time@1.0.1 OK for: jwa@2.0.1 want: ^1.0.1
3614 silly placeDep ROOT ecdsa-sig-formatter@1.0.11 OK for: jwa@2.0.1 want: 1.0.11
3615 silly placeDep ROOT json-buffer@3.0.1 OK for: keyv@4.5.4 want: 3.0.1
3616 silly placeDep ROOT language-subtag-registry@0.3.23 OK for: language-tags@1.0.9 want: ^0.3.20
3617 silly placeDep ROOT prelude-ls@1.2.1 OK for: levn@0.4.1 want: ^1.2.1
3618 silly placeDep ROOT type-check@0.4.0 OK for: levn@0.4.1 want: ~0.4.0
3619 silly placeDep ROOT isomorphic.js@0.2.5 OK for: lib0@0.2.117 want: ^0.2.4
3620 silly placeDep ROOT detect-libc@2.1.2 OK for: lightningcss@1.32.0 want: ^2.0.3
3621 silly placeDep ROOT lightningcss-android-arm64@1.32.0 OK for: lightningcss@1.32.0 want: 1.32.0
3622 silly placeDep ROOT lightningcss-darwin-arm64@1.32.0 OK for: lightningcss@1.32.0 want: 1.32.0
3623 silly placeDep ROOT lightningcss-darwin-x64@1.32.0 OK for: lightningcss@1.32.0 want: 1.32.0
3624 silly placeDep ROOT lightningcss-freebsd-x64@1.32.0 OK for: lightningcss@1.32.0 want: 1.32.0
3625 silly placeDep ROOT lightningcss-linux-arm-gnueabihf@1.32.0 OK for: lightningcss@1.32.0 want: 1.32.0
3626 silly placeDep ROOT lightningcss-linux-arm64-gnu@1.32.0 OK for: lightningcss@1.32.0 want: 1.32.0
3627 silly placeDep ROOT lightningcss-linux-arm64-musl@1.32.0 OK for: lightningcss@1.32.0 want: 1.32.0
3628 silly placeDep ROOT lightningcss-linux-x64-gnu@1.32.0 OK for: lightningcss@1.32.0 want: 1.32.0
3629 silly placeDep ROOT lightningcss-linux-x64-musl@1.32.0 OK for: lightningcss@1.32.0 want: 1.32.0
3630 silly placeDep ROOT lightningcss-win32-arm64-msvc@1.32.0 OK for: lightningcss@1.32.0 want: 1.32.0
3631 silly placeDep ROOT lightningcss-win32-x64-msvc@1.32.0 OK for: lightningcss@1.32.0 want: 1.32.0
3632 silly placeDep ROOT p-locate@5.0.0 OK for: locate-path@6.0.0 want: ^5.0.0
3633 silly fetch manifest p-limit@^3.0.2
3634 silly packumentCache full:https://registry.npmjs.org/p-limit cache-miss
3635 http fetch GET 200 https://registry.npmjs.org/p-limit 36ms (cache miss)
3636 silly packumentCache full:https://registry.npmjs.org/p-limit set size:undefined disposed:false
3637 silly placeDep ROOT yallist@3.1.1 OK for: lru-cache@5.1.1 want: ^3.0.2
3638 silly placeDep ROOT @antoniomuso/lz4-napi-android-arm-eabi@2.9.0 OK for: lz4-napi@2.9.0 want: 2.9.0
3639 silly placeDep ROOT @antoniomuso/lz4-napi-android-arm64@2.9.0 OK for: lz4-napi@2.9.0 want: 2.9.0
3640 silly placeDep ROOT @antoniomuso/lz4-napi-darwin-arm64@2.9.0 OK for: lz4-napi@2.9.0 want: 2.9.0
3641 silly placeDep ROOT @antoniomuso/lz4-napi-darwin-x64@2.9.0 OK for: lz4-napi@2.9.0 want: 2.9.0
3642 silly placeDep ROOT @antoniomuso/lz4-napi-freebsd-x64@2.9.0 OK for: lz4-napi@2.9.0 want: 2.9.0
3643 silly placeDep ROOT @antoniomuso/lz4-napi-linux-arm-gnueabihf@2.9.0 OK for: lz4-napi@2.9.0 want: 2.9.0
3644 silly placeDep ROOT @antoniomuso/lz4-napi-linux-arm64-gnu@2.9.0 OK for: lz4-napi@2.9.0 want: 2.9.0
3645 silly placeDep ROOT @antoniomuso/lz4-napi-linux-arm64-musl@2.9.0 OK for: lz4-napi@2.9.0 want: 2.9.0
3646 silly placeDep ROOT @antoniomuso/lz4-napi-linux-x64-gnu@2.9.0 OK for: lz4-napi@2.9.0 want: 2.9.0
3647 silly placeDep ROOT @antoniomuso/lz4-napi-linux-x64-musl@2.9.0 OK for: lz4-napi@2.9.0 want: 2.9.0
3648 silly placeDep ROOT @antoniomuso/lz4-napi-win32-arm64-msvc@2.9.0 OK for: lz4-napi@2.9.0 want: 2.9.0
3649 silly placeDep ROOT @antoniomuso/lz4-napi-win32-ia32-msvc@2.9.0 OK for: lz4-napi@2.9.0 want: 2.9.0
3650 silly placeDep ROOT @antoniomuso/lz4-napi-win32-x64-msvc@2.9.0 OK for: lz4-napi@2.9.0 want: 2.9.0
3651 silly placeDep ROOT @node-rs/helper@1.6.0 OK for: lz4-napi@2.9.0 want: ^1.3.3
3652 silly fetch manifest @napi-rs/triples@^1.2.0
3653 silly packumentCache full:https://registry.npmjs.org/@napi-rs%2ftriples cache-miss
3654 http fetch GET 200 https://registry.npmjs.org/@napi-rs%2ftriples 713ms (cache miss)
3655 silly packumentCache full:https://registry.npmjs.org/@napi-rs%2ftriples set size:undefined disposed:false
3656 silly placeDep ROOT @napi-rs/triples@1.2.0 OK for: @node-rs/helper@1.6.0 want: ^1.2.0
3657 silly placeDep ROOT @types/geojson@7946.0.16 OK for: mariadb@3.4.5 want: ^7946.0.16
3658 silly placeDep node_modules/mariadb @types/node@24.12.4 OK for: mariadb@3.4.5 want: ^24.0.13
3659 silly placeDep ROOT denque@2.1.0 OK for: mariadb@3.4.5 want: ^2.1.0
3660 silly placeDep ROOT iconv-lite@0.6.3 OK for: mariadb@3.4.5 want: ^0.6.3
3661 silly placeDep node_modules/mariadb lru-cache@10.4.3 OK for: mariadb@3.4.5 want: ^10.4.3
3662 silly fetch manifest undici-types@~7.16.0
3663 silly packumentCache full:https://registry.npmjs.org/undici-types cache-miss
3664 silly fetch manifest safer-buffer@>= 2.1.2 < 3.0.0
3665 silly packumentCache full:https://registry.npmjs.org/safer-buffer cache-miss
3666 http cache https://registry.npmjs.org/undici-types 4ms (cache hit)
3667 silly packumentCache full:https://registry.npmjs.org/undici-types set size:214705 disposed:false
3668 http fetch GET 200 https://registry.npmjs.org/safer-buffer 32ms (cache miss)
3669 silly packumentCache full:https://registry.npmjs.org/safer-buffer set size:undefined disposed:false
3670 silly placeDep ROOT safer-buffer@2.1.2 OK for: iconv-lite@0.6.3 want: >= 2.1.2 < 3.0.0
3671 silly placeDep ROOT braces@3.0.3 OK for: micromatch@4.0.8 want: ^3.0.3
3672 silly placeDep ROOT picomatch@2.3.2 OK for: micromatch@4.0.8 want: ^2.3.1
3673 silly fetch manifest fill-range@^7.1.1
3674 silly packumentCache full:https://registry.npmjs.org/fill-range cache-miss
3675 http fetch GET 200 https://registry.npmjs.org/fill-range 38ms (cache miss)
3676 silly packumentCache full:https://registry.npmjs.org/fill-range set size:undefined disposed:false
3677 silly placeDep ROOT fill-range@7.1.1 OK for: braces@3.0.3 want: ^7.1.1
3678 silly fetch manifest to-regex-range@^5.0.1
3679 silly packumentCache full:https://registry.npmjs.org/to-regex-range cache-miss
3680 http fetch GET 200 https://registry.npmjs.org/to-regex-range 27ms (cache miss)
3681 silly packumentCache full:https://registry.npmjs.org/to-regex-range set size:undefined disposed:false
3682 silly placeDep ROOT to-regex-range@5.0.1 OK for: fill-range@7.1.1 want: ^5.0.1
3683 silly fetch manifest is-number@^7.0.0
3684 silly packumentCache full:https://registry.npmjs.org/is-number cache-miss
3685 http fetch GET 200 https://registry.npmjs.org/is-number 26ms (cache miss)
3686 silly packumentCache full:https://registry.npmjs.org/is-number set size:undefined disposed:false
3687 silly placeDep ROOT brace-expansion@1.1.14 OK for: minimatch@3.1.5 want: ^1.1.7
3688 silly fetch manifest concat-map@0.0.1
3689 silly packumentCache full:https://registry.npmjs.org/concat-map cache-miss
3690 silly fetch manifest balanced-match@^1.0.0
3691 silly packumentCache full:https://registry.npmjs.org/balanced-match cache-miss
3692 http fetch GET 200 https://registry.npmjs.org/concat-map 30ms (cache miss)
3693 silly packumentCache full:https://registry.npmjs.org/concat-map set size:undefined disposed:false
3694 http fetch GET 200 https://registry.npmjs.org/balanced-match 31ms (cache miss)
3695 silly packumentCache full:https://registry.npmjs.org/balanced-match set size:undefined disposed:false
3696 silly placeDep ROOT balanced-match@1.0.2 OK for: brace-expansion@1.1.14 want: ^1.0.0
3697 silly placeDep ROOT concat-map@0.0.1 OK for: brace-expansion@1.1.14 want: 0.0.1
3698 silly fetch manifest react@^18.2.0 || 19.0.0-rc-de68d2f4-20241204 || ^19.0.0
3699 silly packumentCache full:https://registry.npmjs.org/react cache-miss
3700 http cache https://registry.npmjs.org/react 17ms (cache hit)
3701 silly packumentCache full:https://registry.npmjs.org/react set size:6650647 disposed:false
3702 silly placeDep ROOT @next/env@16.2.4 OK for: next@16.2.4 want: 16.2.4
3703 silly placeDep ROOT @next/swc-darwin-arm64@16.2.4 OK for: next@16.2.4 want: 16.2.4
3704 silly placeDep ROOT @next/swc-darwin-x64@16.2.4 OK for: next@16.2.4 want: 16.2.4
3705 silly placeDep ROOT @next/swc-linux-arm64-gnu@16.2.4 OK for: next@16.2.4 want: 16.2.4
3706 silly placeDep ROOT @next/swc-linux-arm64-musl@16.2.4 OK for: next@16.2.4 want: 16.2.4
3707 silly placeDep ROOT @next/swc-linux-x64-gnu@16.2.4 OK for: next@16.2.4 want: 16.2.4
3708 silly placeDep ROOT @next/swc-linux-x64-musl@16.2.4 OK for: next@16.2.4 want: 16.2.4
3709 silly placeDep ROOT @next/swc-win32-arm64-msvc@16.2.4 OK for: next@16.2.4 want: 16.2.4
3710 silly placeDep ROOT @next/swc-win32-x64-msvc@16.2.4 OK for: next@16.2.4 want: 16.2.4
3711 silly placeDep ROOT @swc/helpers@0.5.15 OK for: next@16.2.4 want: 0.5.15
3712 silly placeDep node_modules/next postcss@8.4.31 OK for: next@16.2.4 want: 8.4.31
3713 silly placeDep ROOT sharp@0.34.5 OK for: next@16.2.4 want: ^0.34.5
3714 silly placeDep ROOT styled-jsx@5.1.6 OK for: next@16.2.4 want: 5.1.6
3715 silly fetch manifest nanoid@^3.3.6
3716 silly packumentCache full:https://registry.npmjs.org/nanoid cache-miss
3717 silly fetch manifest semver@^7.7.3
3718 silly packumentCache full:https://registry.npmjs.org/semver cache-hit
3719 silly fetch manifest @img/colour@^1.0.0
3720 silly packumentCache full:https://registry.npmjs.org/@img%2fcolour cache-miss
3721 silly fetch manifest @img/sharp-wasm32@0.34.5
3722 silly packumentCache full:https://registry.npmjs.org/@img%2fsharp-wasm32 cache-miss
3723 silly fetch manifest @img/sharp-linux-arm@0.34.5
3724 silly packumentCache full:https://registry.npmjs.org/@img%2fsharp-linux-arm cache-miss
3725 silly fetch manifest @img/sharp-linux-x64@0.34.5
3726 silly packumentCache full:https://registry.npmjs.org/@img%2fsharp-linux-x64 cache-miss
3727 silly fetch manifest @img/sharp-win32-x64@0.34.5
3728 silly packumentCache full:https://registry.npmjs.org/@img%2fsharp-win32-x64 cache-miss
3729 silly fetch manifest @img/sharp-darwin-x64@0.34.5
3730 silly packumentCache full:https://registry.npmjs.org/@img%2fsharp-darwin-x64 cache-miss
3731 silly fetch manifest @img/sharp-win32-ia32@0.34.5
3732 silly packumentCache full:https://registry.npmjs.org/@img%2fsharp-win32-ia32 cache-miss
3733 silly fetch manifest @img/sharp-linux-arm64@0.34.5
3734 silly packumentCache full:https://registry.npmjs.org/@img%2fsharp-linux-arm64 cache-miss
3735 silly fetch manifest @img/sharp-linux-ppc64@0.34.5
3736 silly packumentCache full:https://registry.npmjs.org/@img%2fsharp-linux-ppc64 cache-miss
3737 silly fetch manifest @img/sharp-linux-s390x@0.34.5
3738 silly packumentCache full:https://registry.npmjs.org/@img%2fsharp-linux-s390x cache-miss
3739 silly fetch manifest @img/sharp-win32-arm64@0.34.5
3740 silly packumentCache full:https://registry.npmjs.org/@img%2fsharp-win32-arm64 cache-miss
3741 silly fetch manifest @img/sharp-darwin-arm64@0.34.5
3742 silly packumentCache full:https://registry.npmjs.org/@img%2fsharp-darwin-arm64 cache-miss
3743 silly fetch manifest @img/sharp-linux-riscv64@0.34.5
3744 silly packumentCache full:https://registry.npmjs.org/@img%2fsharp-linux-riscv64 cache-miss
3745 silly fetch manifest @img/sharp-linuxmusl-x64@0.34.5
3746 silly packumentCache full:https://registry.npmjs.org/@img%2fsharp-linuxmusl-x64 cache-miss
3747 http cache https://registry.npmjs.org/nanoid 15ms (cache hit)
3748 silly packumentCache full:https://registry.npmjs.org/nanoid set size:310559 disposed:false
3749 silly fetch manifest @img/sharp-linuxmusl-arm64@0.34.5
3750 silly packumentCache full:https://registry.npmjs.org/@img%2fsharp-linuxmusl-arm64 cache-miss
3751 http fetch GET 200 https://registry.npmjs.org/@img%2fsharp-linux-riscv64 45ms (cache miss)
3752 silly packumentCache full:https://registry.npmjs.org/@img%2fsharp-linux-riscv64 set size:undefined disposed:false
3753 silly fetch manifest @img/sharp-libvips-linux-arm@1.2.4
3754 silly packumentCache full:https://registry.npmjs.org/@img%2fsharp-libvips-linux-arm cache-miss
3755 http fetch GET 200 https://registry.npmjs.org/@img%2fsharp-darwin-x64 52ms (cache miss)
3756 silly packumentCache full:https://registry.npmjs.org/@img%2fsharp-darwin-x64 set size:undefined disposed:false
3757 silly fetch manifest @img/sharp-libvips-linux-x64@1.2.4
3758 silly packumentCache full:https://registry.npmjs.org/@img%2fsharp-libvips-linux-x64 cache-miss
3759 http fetch GET 200 https://registry.npmjs.org/@img%2fsharp-darwin-arm64 60ms (cache miss)
3760 silly packumentCache full:https://registry.npmjs.org/@img%2fsharp-darwin-arm64 set size:undefined disposed:false
3761 silly fetch manifest @img/sharp-libvips-darwin-x64@1.2.4
3762 silly packumentCache full:https://registry.npmjs.org/@img%2fsharp-libvips-darwin-x64 cache-miss
3763 http fetch GET 200 https://registry.npmjs.org/@img%2fsharp-wasm32 68ms (cache miss)
3764 silly packumentCache full:https://registry.npmjs.org/@img%2fsharp-wasm32 set size:undefined disposed:false
3765 silly fetch manifest @img/sharp-libvips-linux-arm64@1.2.4
3766 silly packumentCache full:https://registry.npmjs.org/@img%2fsharp-libvips-linux-arm64 cache-miss
3767 http fetch GET 200 https://registry.npmjs.org/@img%2fsharp-linux-x64 69ms (cache miss)
3768 silly packumentCache full:https://registry.npmjs.org/@img%2fsharp-linux-x64 set size:undefined disposed:false
3769 silly fetch manifest @img/sharp-libvips-linux-ppc64@1.2.4
3770 silly packumentCache full:https://registry.npmjs.org/@img%2fsharp-libvips-linux-ppc64 cache-miss
3771 http fetch GET 200 https://registry.npmjs.org/@img%2fsharp-linux-s390x 70ms (cache miss)
3772 silly packumentCache full:https://registry.npmjs.org/@img%2fsharp-linux-s390x set size:undefined disposed:false
3773 silly fetch manifest @img/sharp-libvips-linux-s390x@1.2.4
3774 silly packumentCache full:https://registry.npmjs.org/@img%2fsharp-libvips-linux-s390x cache-miss
3775 http fetch GET 200 https://registry.npmjs.org/@img%2fsharp-linux-arm64 74ms (cache miss)
3776 silly packumentCache full:https://registry.npmjs.org/@img%2fsharp-linux-arm64 set size:undefined disposed:false
3777 silly fetch manifest @img/sharp-libvips-darwin-arm64@1.2.4
3778 silly packumentCache full:https://registry.npmjs.org/@img%2fsharp-libvips-darwin-arm64 cache-miss
3779 http fetch GET 200 https://registry.npmjs.org/@img%2fsharp-win32-arm64 74ms (cache miss)
3780 silly packumentCache full:https://registry.npmjs.org/@img%2fsharp-win32-arm64 set size:undefined disposed:false
3781 silly fetch manifest @img/sharp-libvips-linux-riscv64@1.2.4
3782 silly packumentCache full:https://registry.npmjs.org/@img%2fsharp-libvips-linux-riscv64 cache-miss
3783 http fetch GET 200 https://registry.npmjs.org/@img%2fcolour 80ms (cache miss)
3784 silly packumentCache full:https://registry.npmjs.org/@img%2fcolour set size:undefined disposed:false
3785 silly fetch manifest @img/sharp-libvips-linuxmusl-x64@1.2.4
3786 silly packumentCache full:https://registry.npmjs.org/@img%2fsharp-libvips-linuxmusl-x64 cache-miss
3787 http fetch GET 200 https://registry.npmjs.org/@img%2fsharp-linuxmusl-x64 78ms (cache miss)
3788 silly packumentCache full:https://registry.npmjs.org/@img%2fsharp-linuxmusl-x64 set size:undefined disposed:false
3789 silly fetch manifest @img/sharp-libvips-linuxmusl-arm64@1.2.4
3790 silly packumentCache full:https://registry.npmjs.org/@img%2fsharp-libvips-linuxmusl-arm64 cache-miss
3791 http fetch GET 200 https://registry.npmjs.org/@img%2fsharp-linux-arm 83ms (cache miss)
3792 silly packumentCache full:https://registry.npmjs.org/@img%2fsharp-linux-arm set size:undefined disposed:false
3793 silly fetch manifest client-only@0.0.1
3794 silly packumentCache full:https://registry.npmjs.org/client-only cache-miss
3795 http fetch GET 200 https://registry.npmjs.org/@img%2fsharp-linux-ppc64 84ms (cache miss)
3796 silly packumentCache full:https://registry.npmjs.org/@img%2fsharp-linux-ppc64 set size:undefined disposed:false
3797 http fetch GET 200 https://registry.npmjs.org/@img%2fsharp-win32-ia32 85ms (cache miss)
3798 silly packumentCache full:https://registry.npmjs.org/@img%2fsharp-win32-ia32 set size:undefined disposed:false
3799 http fetch GET 200 https://registry.npmjs.org/@img%2fsharp-linuxmusl-arm64 70ms (cache miss)
3800 silly packumentCache full:https://registry.npmjs.org/@img%2fsharp-linuxmusl-arm64 set size:undefined disposed:false
3801 http fetch GET 200 https://registry.npmjs.org/@img%2fsharp-libvips-linux-arm 43ms (cache miss)
3802 silly packumentCache full:https://registry.npmjs.org/@img%2fsharp-libvips-linux-arm set size:undefined disposed:false
3803 http fetch GET 200 https://registry.npmjs.org/@img%2fsharp-libvips-linux-x64 45ms (cache miss)
3804 silly packumentCache full:https://registry.npmjs.org/@img%2fsharp-libvips-linux-x64 set size:undefined disposed:false
3805 http fetch GET 200 https://registry.npmjs.org/@img%2fsharp-libvips-linux-riscv64 47ms (cache miss)
3806 silly packumentCache full:https://registry.npmjs.org/@img%2fsharp-libvips-linux-riscv64 set size:undefined disposed:false
3807 http fetch GET 200 https://registry.npmjs.org/@img%2fsharp-libvips-linux-s390x 52ms (cache miss)
3808 silly packumentCache full:https://registry.npmjs.org/@img%2fsharp-libvips-linux-s390x set size:undefined disposed:false
3809 http fetch GET 200 https://registry.npmjs.org/@img%2fsharp-libvips-linux-ppc64 56ms (cache miss)
3810 silly packumentCache full:https://registry.npmjs.org/@img%2fsharp-libvips-linux-ppc64 set size:undefined disposed:false
3811 http fetch GET 200 https://registry.npmjs.org/@img%2fsharp-libvips-darwin-x64 65ms (cache miss)
3812 silly packumentCache full:https://registry.npmjs.org/@img%2fsharp-libvips-darwin-x64 set size:undefined disposed:false
3813 http fetch GET 200 https://registry.npmjs.org/@img%2fsharp-libvips-linux-arm64 59ms (cache miss)
3814 silly packumentCache full:https://registry.npmjs.org/@img%2fsharp-libvips-linux-arm64 set size:undefined disposed:false
3815 http fetch GET 200 https://registry.npmjs.org/@img%2fsharp-libvips-darwin-arm64 53ms (cache miss)
3816 silly packumentCache full:https://registry.npmjs.org/@img%2fsharp-libvips-darwin-arm64 set size:undefined disposed:false
3817 http fetch GET 200 https://registry.npmjs.org/client-only 47ms (cache miss)
3818 silly packumentCache full:https://registry.npmjs.org/client-only set size:undefined disposed:false
3819 http fetch GET 200 https://registry.npmjs.org/@img%2fsharp-libvips-linuxmusl-x64 51ms (cache miss)
3820 silly packumentCache full:https://registry.npmjs.org/@img%2fsharp-libvips-linuxmusl-x64 set size:undefined disposed:false
3821 http fetch GET 200 https://registry.npmjs.org/@img%2fsharp-libvips-linuxmusl-arm64 50ms (cache miss)
3822 silly packumentCache full:https://registry.npmjs.org/@img%2fsharp-libvips-linuxmusl-arm64 set size:undefined disposed:false
3823 http fetch GET 200 https://registry.npmjs.org/@img%2fsharp-win32-x64 183ms (cache miss)
3824 silly packumentCache full:https://registry.npmjs.org/@img%2fsharp-win32-x64 set size:undefined disposed:false
3825 silly placeDep ROOT deep-is@0.1.4 OK for: optionator@0.9.4 want: ^0.1.3
3826 silly placeDep ROOT fast-levenshtein@2.0.6 OK for: optionator@0.9.4 want: ^2.0.6
3827 silly placeDep ROOT word-wrap@1.2.5 OK for: optionator@0.9.4 want: ^1.2.5
3828 silly placeDep ROOT p-limit@3.1.0 OK for: p-locate@5.0.0 want: ^3.0.2
3829 silly fetch manifest yocto-queue@^0.1.0
3830 silly packumentCache full:https://registry.npmjs.org/yocto-queue cache-miss
3831 http fetch GET 200 https://registry.npmjs.org/yocto-queue 32ms (cache miss)
3832 silly packumentCache full:https://registry.npmjs.org/yocto-queue set size:undefined disposed:false
3833 silly placeDep ROOT yocto-queue@0.1.0 OK for: p-limit@3.1.0 want: ^0.1.0
3834 silly placeDep ROOT callsites@3.1.0 OK for: parent-module@1.0.1 want: ^3.0.0
3835 silly placeDep ROOT nanoid@3.3.12 OK for: postcss@8.5.14 want: ^3.3.11
3836 silly placeDep ROOT expand-template@2.0.3 OK for: prebuild-install@7.1.3 want: ^2.0.3
3837 silly placeDep ROOT github-from-package@0.0.0 OK for: prebuild-install@7.1.3 want: 0.0.0
3838 silly placeDep ROOT minimist@1.2.8 OK for: prebuild-install@7.1.3 want: ^1.2.3
3839 silly placeDep ROOT mkdirp-classic@0.5.3 OK for: prebuild-install@7.1.3 want: ^0.5.3
3840 silly placeDep ROOT napi-build-utils@2.0.0 OK for: prebuild-install@7.1.3 want: ^2.0.0
3841 silly placeDep ROOT node-abi@3.92.0 OK for: prebuild-install@7.1.3 want: ^3.3.0
3842 silly placeDep ROOT pump@3.0.4 OK for: prebuild-install@7.1.3 want: ^3.0.0
3843 silly placeDep ROOT rc@1.2.8 OK for: prebuild-install@7.1.3 want: ^1.2.7
3844 silly placeDep ROOT simple-get@4.0.1 OK for: prebuild-install@7.1.3 want: ^4.0.0
3845 silly placeDep ROOT tar-fs@2.1.4 OK for: prebuild-install@7.1.3 want: ^2.0.0
3846 silly placeDep ROOT tunnel-agent@0.6.0 OK for: prebuild-install@7.1.3 want: ^0.6.0
3847 silly fetch manifest semver@^7.3.5
3848 silly packumentCache full:https://registry.npmjs.org/semver cache-hit
3849 silly fetch manifest end-of-stream@^1.1.0
3850 silly packumentCache full:https://registry.npmjs.org/end-of-stream cache-miss
3851 silly fetch manifest once@^1.3.1
3852 silly packumentCache full:https://registry.npmjs.org/once cache-miss
3853 silly fetch manifest ini@~1.3.0
3854 silly packumentCache full:https://registry.npmjs.org/ini cache-miss
3855 silly fetch manifest deep-extend@^0.6.0
3856 silly packumentCache full:https://registry.npmjs.org/deep-extend cache-miss
3857 silly fetch manifest strip-json-comments@~2.0.1
3858 silly packumentCache full:https://registry.npmjs.org/strip-json-comments cache-miss
3859 silly fetch manifest decompress-response@^6.0.0
3860 silly packumentCache full:https://registry.npmjs.org/decompress-response cache-miss
3861 silly fetch manifest once@^1.3.1
3862 silly packumentCache full:https://registry.npmjs.org/once cache-miss
3863 silly fetch manifest simple-concat@^1.0.0
3864 silly packumentCache full:https://registry.npmjs.org/simple-concat cache-miss
3865 silly fetch manifest chownr@^1.1.1
3866 silly packumentCache full:https://registry.npmjs.org/chownr cache-miss
3867 silly fetch manifest tar-stream@^2.1.4
3868 silly packumentCache full:https://registry.npmjs.org/tar-stream cache-miss
3869 http cache https://registry.npmjs.org/strip-json-comments 7ms (cache hit)
3870 silly packumentCache full:https://registry.npmjs.org/strip-json-comments set size:43569 disposed:false
3871 http fetch GET 200 https://registry.npmjs.org/end-of-stream 28ms (cache miss)
3872 silly packumentCache full:https://registry.npmjs.org/end-of-stream set size:undefined disposed:false
3873 http fetch GET 200 https://registry.npmjs.org/once 34ms (cache miss)
3874 silly packumentCache full:https://registry.npmjs.org/once set size:undefined disposed:false
3875 http fetch GET 200 https://registry.npmjs.org/once 34ms (cache miss)
3876 silly packumentCache full:https://registry.npmjs.org/once set size:undefined disposed:false
3877 http fetch GET 200 https://registry.npmjs.org/decompress-response 38ms (cache miss)
3878 silly packumentCache full:https://registry.npmjs.org/decompress-response set size:undefined disposed:false
3879 http fetch GET 200 https://registry.npmjs.org/deep-extend 39ms (cache miss)
3880 silly packumentCache full:https://registry.npmjs.org/deep-extend set size:undefined disposed:false
3881 http fetch GET 200 https://registry.npmjs.org/chownr 39ms (cache miss)
3882 silly packumentCache full:https://registry.npmjs.org/chownr set size:undefined disposed:false
3883 http fetch GET 200 https://registry.npmjs.org/ini 42ms (cache miss)
3884 silly packumentCache full:https://registry.npmjs.org/ini set size:undefined disposed:false
3885 http fetch GET 200 https://registry.npmjs.org/simple-concat 300ms (cache miss)
3886 silly packumentCache full:https://registry.npmjs.org/simple-concat set size:undefined disposed:false
3887 http fetch GET 200 https://registry.npmjs.org/tar-stream 315ms (cache miss)
3888 silly packumentCache full:https://registry.npmjs.org/tar-stream set size:undefined disposed:false
3889 silly placeDep node_modules/node-abi semver@7.8.0 OK for: node-abi@3.92.0 want: ^7.3.5
3890 silly fetch manifest @types/react@^18.0.0 || ^19.0.0
3891 silly packumentCache full:https://registry.npmjs.org/@types%2freact cache-miss
3892 http cache https://registry.npmjs.org/@types%2freact 8ms (cache hit)
3893 silly packumentCache full:https://registry.npmjs.org/@types%2freact set size:2588964 disposed:false
3894 silly fetch manifest react@^18.0.0 || ^19.0.0
3895 silly packumentCache full:https://registry.npmjs.org/react cache-miss
3896 http cache https://registry.npmjs.org/react 28ms (cache hit)
3897 silly packumentCache full:https://registry.npmjs.org/react set size:6650647 disposed:false
3898 silly fetch manifest react-dom@^18.0.0 || ^19.0.0
3899 silly packumentCache full:https://registry.npmjs.org/react-dom cache-miss
3900 http cache https://registry.npmjs.org/react-dom 18ms (cache hit)
3901 silly packumentCache full:https://registry.npmjs.org/react-dom set size:8868827 disposed:false
3902 silly placeDep ROOT @prisma/config@7.8.0 OK for: prisma@7.8.0 want: 7.8.0
3903 silly placeDep ROOT @prisma/dev@0.24.3 OK for: prisma@7.8.0 want: 0.24.3
3904 silly placeDep ROOT @prisma/engines@7.8.0 OK for: prisma@7.8.0 want: 7.8.0
3905 silly placeDep ROOT @prisma/studio-core@0.27.3 OK for: prisma@7.8.0 want: 0.27.3
3906 silly placeDep ROOT mysql2@3.15.3 OK for: prisma@7.8.0 want: 3.15.3
3907 silly placeDep ROOT postgres@3.4.7 OK for: prisma@7.8.0 want: 3.4.7
3908 silly fetch manifest c12@3.3.4
3909 silly packumentCache full:https://registry.npmjs.org/c12 cache-miss
3910 silly fetch manifest effect@3.20.0
3911 silly packumentCache full:https://registry.npmjs.org/effect cache-miss
3912 silly fetch manifest empathic@2.0.0
3913 silly packumentCache full:https://registry.npmjs.org/empathic cache-miss
3914 silly fetch manifest deepmerge-ts@7.1.5
3915 silly packumentCache full:https://registry.npmjs.org/deepmerge-ts cache-miss
3916 silly fetch manifest hono@^4.12.8
3917 silly packumentCache full:https://registry.npmjs.org/hono cache-miss
3918 silly fetch manifest pathe@2.0.3
3919 silly packumentCache full:https://registry.npmjs.org/pathe cache-miss
3920 silly fetch manifest remeda@2.33.4
3921 silly packumentCache full:https://registry.npmjs.org/remeda cache-miss
3922 silly fetch manifest std-env@3.10.0
3923 silly packumentCache full:https://registry.npmjs.org/std-env cache-miss
3924 silly fetch manifest valibot@1.2.0
3925 silly packumentCache full:https://registry.npmjs.org/valibot cache-miss
3926 silly fetch manifest zeptomatch@2.1.0
3927 silly packumentCache full:https://registry.npmjs.org/zeptomatch cache-miss
3928 silly fetch manifest get-port-please@3.2.0
3929 silly packumentCache full:https://registry.npmjs.org/get-port-please cache-miss
3930 silly fetch manifest proper-lockfile@4.1.2
3931 silly packumentCache full:https://registry.npmjs.org/proper-lockfile cache-miss
3932 silly fetch manifest foreground-child@3.3.1
3933 silly packumentCache full:https://registry.npmjs.org/foreground-child cache-miss
3934 silly fetch manifest @hono/node-server@1.19.11
3935 silly packumentCache full:https://registry.npmjs.org/@hono%2fnode-server cache-miss
3936 silly fetch manifest http-status-codes@2.3.0
3937 silly packumentCache full:https://registry.npmjs.org/http-status-codes cache-miss
3938 http fetch GET 200 https://registry.npmjs.org/proper-lockfile 37ms (cache miss)
3939 silly packumentCache full:https://registry.npmjs.org/proper-lockfile set size:undefined disposed:false
3940 silly fetch manifest @electric-sql/pglite@0.4.1
3941 silly packumentCache full:https://registry.npmjs.org/@electric-sql%2fpglite cache-miss
3942 http fetch GET 200 https://registry.npmjs.org/std-env 55ms (cache miss)
3943 silly packumentCache full:https://registry.npmjs.org/std-env set size:undefined disposed:false
3944 silly fetch manifest @prisma/get-platform@7.2.0
3945 silly packumentCache full:https://registry.npmjs.org/@prisma%2fget-platform cache-miss
3946 http fetch GET 200 https://registry.npmjs.org/@hono%2fnode-server 59ms (cache miss)
3947 silly packumentCache full:https://registry.npmjs.org/@hono%2fnode-server set size:undefined disposed:false
3948 silly fetch manifest @prisma/streams-local@0.1.2
3949 silly packumentCache full:https://registry.npmjs.org/@prisma%2fstreams-local cache-miss
3950 http fetch GET 200 https://registry.npmjs.org/remeda 100ms (cache miss)
3951 silly packumentCache full:https://registry.npmjs.org/remeda set size:undefined disposed:false
3952 silly fetch manifest @electric-sql/pglite-tools@0.3.1
3953 silly packumentCache full:https://registry.npmjs.org/@electric-sql%2fpglite-tools cache-miss
3954 http fetch GET 200 https://registry.npmjs.org/hono 121ms (cache miss)
3955 silly packumentCache full:https://registry.npmjs.org/hono set size:undefined disposed:false
3956 silly fetch manifest @electric-sql/pglite-socket@0.1.1
3957 silly packumentCache full:https://registry.npmjs.org/@electric-sql%2fpglite-socket cache-miss
3958 http fetch GET 200 https://registry.npmjs.org/@electric-sql%2fpglite 199ms (cache miss)
3959 silly packumentCache full:https://registry.npmjs.org/@electric-sql%2fpglite set size:undefined disposed:false
3960 silly fetch manifest @prisma/query-plan-executor@7.2.0
3961 silly packumentCache full:https://registry.npmjs.org/@prisma%2fquery-plan-executor cache-miss
3962 http fetch GET 200 https://registry.npmjs.org/zeptomatch 296ms (cache miss)
3963 silly packumentCache full:https://registry.npmjs.org/zeptomatch set size:undefined disposed:false
3964 silly fetch manifest @prisma/fetch-engine@7.8.0
3965 silly packumentCache full:https://registry.npmjs.org/@prisma%2ffetch-engine cache-miss
3966 http fetch GET 200 https://registry.npmjs.org/empathic 303ms (cache miss)
3967 silly packumentCache full:https://registry.npmjs.org/empathic set size:undefined disposed:false
3968 silly fetch manifest @prisma/get-platform@7.8.0
3969 silly packumentCache full:https://registry.npmjs.org/@prisma%2fget-platform cache-miss
3970 http fetch GET 200 https://registry.npmjs.org/foreground-child 306ms (cache miss)
3971 silly packumentCache full:https://registry.npmjs.org/foreground-child set size:undefined disposed:false
3972 silly fetch manifest @prisma/engines-version@7.8.0-6.3c6e192761c0362d496ed980de936e2f3cebcd3a
3973 silly packumentCache full:https://registry.npmjs.org/@prisma%2fengines-version cache-miss
3974 http fetch GET 200 https://registry.npmjs.org/get-port-please 309ms (cache miss)
3975 silly packumentCache full:https://registry.npmjs.org/get-port-please set size:undefined disposed:false
3976 silly fetch manifest chart.js@4.5.1
3977 silly packumentCache full:https://registry.npmjs.org/chart.js cache-miss
3978 http fetch GET 200 https://registry.npmjs.org/deepmerge-ts 312ms (cache miss)
3979 silly packumentCache full:https://registry.npmjs.org/deepmerge-ts set size:undefined disposed:false
3980 silly fetch manifest @radix-ui/react-toggle@1.1.10
3981 silly packumentCache full:https://registry.npmjs.org/@radix-ui%2freact-toggle cache-miss
3982 http fetch GET 200 https://registry.npmjs.org/pathe 320ms (cache miss)
3983 silly packumentCache full:https://registry.npmjs.org/pathe set size:undefined disposed:false
3984 silly fetch manifest long@^5.2.1
3985 silly packumentCache full:https://registry.npmjs.org/long cache-miss
3986 http fetch GET 200 https://registry.npmjs.org/http-status-codes 322ms (cache miss)
3987 silly packumentCache full:https://registry.npmjs.org/http-status-codes set size:undefined disposed:false
3988 silly fetch manifest lru.min@^1.0.0
3989 silly packumentCache full:https://registry.npmjs.org/lru.min cache-miss
3990 http fetch GET 200 https://registry.npmjs.org/valibot 331ms (cache miss)
3991 silly packumentCache full:https://registry.npmjs.org/valibot set size:undefined disposed:false
3992 silly fetch manifest seq-queue@^0.0.5
3993 silly packumentCache full:https://registry.npmjs.org/seq-queue cache-miss
3994 http fetch GET 200 https://registry.npmjs.org/c12 340ms (cache miss)
3995 silly packumentCache full:https://registry.npmjs.org/c12 set size:undefined disposed:false
3996 silly fetch manifest sqlstring@^2.3.2
3997 silly packumentCache full:https://registry.npmjs.org/sqlstring cache-miss
3998 http fetch GET 200 https://registry.npmjs.org/long 33ms (cache miss)
3999 silly packumentCache full:https://registry.npmjs.org/long set size:undefined disposed:false
4000 silly fetch manifest iconv-lite@^0.7.0
4001 silly packumentCache full:https://registry.npmjs.org/iconv-lite cache-miss
4002 http cache https://registry.npmjs.org/iconv-lite 2ms (cache hit)
4003 silly packumentCache full:https://registry.npmjs.org/iconv-lite set size:120557 disposed:false
4004 silly fetch manifest aws-ssl-profiles@^1.1.1
4005 silly packumentCache full:https://registry.npmjs.org/aws-ssl-profiles cache-miss
4006 http fetch GET 200 https://registry.npmjs.org/aws-ssl-profiles 31ms (cache miss)
4007 silly packumentCache full:https://registry.npmjs.org/aws-ssl-profiles set size:undefined disposed:false
4008 silly fetch manifest generate-function@^2.3.1
4009 silly packumentCache full:https://registry.npmjs.org/generate-function cache-miss
4010 http fetch GET 200 https://registry.npmjs.org/effect 547ms (cache miss)
4011 silly packumentCache full:https://registry.npmjs.org/effect set size:undefined disposed:false
4012 silly fetch manifest named-placeholders@^1.1.3
4013 silly packumentCache full:https://registry.npmjs.org/named-placeholders cache-miss
4014 http fetch GET 200 https://registry.npmjs.org/@electric-sql%2fpglite-tools 500ms (cache miss)
4015 silly packumentCache full:https://registry.npmjs.org/@electric-sql%2fpglite-tools set size:undefined disposed:false
4016 http fetch GET 200 https://registry.npmjs.org/seq-queue 282ms (cache miss)
4017 silly packumentCache full:https://registry.npmjs.org/seq-queue set size:undefined disposed:false
4018 http fetch GET 200 https://registry.npmjs.org/lru.min 302ms (cache miss)
4019 silly packumentCache full:https://registry.npmjs.org/lru.min set size:undefined disposed:false
4020 http fetch GET 200 https://registry.npmjs.org/sqlstring 289ms (cache miss)
4021 silly packumentCache full:https://registry.npmjs.org/sqlstring set size:undefined disposed:false
4022 http fetch GET 200 https://registry.npmjs.org/chart.js 319ms (cache miss)
4023 silly packumentCache full:https://registry.npmjs.org/chart.js set size:undefined disposed:false
4024 http fetch GET 200 https://registry.npmjs.org/generate-function 299ms (cache miss)
4025 silly packumentCache full:https://registry.npmjs.org/generate-function set size:undefined disposed:false
4026 http fetch GET 200 https://registry.npmjs.org/@prisma%2fstreams-local 701ms (cache miss)
4027 silly packumentCache full:https://registry.npmjs.org/@prisma%2fstreams-local set size:undefined disposed:false
4028 http fetch GET 200 https://registry.npmjs.org/@radix-ui%2freact-toggle 563ms (cache miss)
4029 silly packumentCache full:https://registry.npmjs.org/@radix-ui%2freact-toggle set size:undefined disposed:false
4030 http fetch GET 200 https://registry.npmjs.org/named-placeholders 299ms (cache miss)
4031 silly packumentCache full:https://registry.npmjs.org/named-placeholders set size:undefined disposed:false
4032 http fetch GET 200 https://registry.npmjs.org/@electric-sql%2fpglite-socket 775ms (cache miss)
4033 silly packumentCache full:https://registry.npmjs.org/@electric-sql%2fpglite-socket set size:undefined disposed:false
4034 http fetch GET 200 https://registry.npmjs.org/@prisma%2fquery-plan-executor 1176ms (cache miss)
4035 silly packumentCache full:https://registry.npmjs.org/@prisma%2fquery-plan-executor set size:undefined disposed:false
4036 http fetch GET 200 https://registry.npmjs.org/@prisma%2fengines-version 1691ms (cache miss)
4037 silly packumentCache full:https://registry.npmjs.org/@prisma%2fengines-version set size:undefined disposed:false
4038 http fetch GET 200 https://registry.npmjs.org/@prisma%2fget-platform 2037ms (cache miss)
4039 silly packumentCache full:https://registry.npmjs.org/@prisma%2fget-platform set size:undefined disposed:false
4040 http fetch GET 200 https://registry.npmjs.org/@prisma%2fget-platform 2459ms (cache miss)
4041 silly packumentCache full:https://registry.npmjs.org/@prisma%2fget-platform set size:undefined disposed:false
4042 http fetch GET 200 https://registry.npmjs.org/@prisma%2ffetch-engine 2792ms (cache miss)
4043 silly packumentCache full:https://registry.npmjs.org/@prisma%2ffetch-engine set size:undefined disposed:false
4044 silly fetch manifest magicast@*
4045 silly packumentCache full:https://registry.npmjs.org/magicast cache-miss
4046 http fetch GET 200 https://registry.npmjs.org/magicast 36ms (cache miss)
4047 silly packumentCache full:https://registry.npmjs.org/magicast set size:undefined disposed:false
4048 silly placeDep ROOT c12@3.3.4 OK for: @prisma/config@7.8.0 want: 3.3.4
4049 silly placeDep ROOT deepmerge-ts@7.1.5 OK for: @prisma/config@7.8.0 want: 7.1.5
4050 silly placeDep ROOT effect@3.20.0 OK for: @prisma/config@7.8.0 want: 3.20.0
4051 silly placeDep ROOT empathic@2.0.0 OK for: @prisma/config@7.8.0 want: 2.0.0
4052 silly fetch manifest rc9@^3.0.1
4053 silly packumentCache full:https://registry.npmjs.org/rc9 cache-miss
4054 silly fetch manifest defu@^6.1.6
4055 silly packumentCache full:https://registry.npmjs.org/defu cache-miss
4056 silly fetch manifest giget@^3.2.0
4057 silly packumentCache full:https://registry.npmjs.org/giget cache-miss
4058 silly fetch manifest ohash@^2.0.11
4059 silly packumentCache full:https://registry.npmjs.org/ohash cache-miss
4060 silly fetch manifest pathe@^2.0.3
4061 silly packumentCache full:https://registry.npmjs.org/pathe cache-miss
4062 silly fetch manifest confbox@^0.2.4
4063 silly packumentCache full:https://registry.npmjs.org/confbox cache-miss
4064 silly fetch manifest exsolve@^1.0.8
4065 silly packumentCache full:https://registry.npmjs.org/exsolve cache-miss
4066 silly fetch manifest chokidar@^5.0.0
4067 silly packumentCache full:https://registry.npmjs.org/chokidar cache-miss
4068 silly fetch manifest pkg-types@^2.3.0
4069 silly packumentCache full:https://registry.npmjs.org/pkg-types cache-miss
4070 silly fetch manifest perfect-debounce@^2.1.0
4071 silly packumentCache full:https://registry.npmjs.org/perfect-debounce cache-miss
4072 silly fetch manifest fast-check@^3.23.1
4073 silly packumentCache full:https://registry.npmjs.org/fast-check cache-miss
4074 silly fetch manifest @standard-schema/spec@^1.0.0
4075 silly packumentCache full:https://registry.npmjs.org/@standard-schema%2fspec cache-miss
4076 http cache https://registry.npmjs.org/pathe 10ms (cache hit)
4077 silly packumentCache full:https://registry.npmjs.org/pathe set size:68788 disposed:false
4078 http fetch GET 200 https://registry.npmjs.org/giget 44ms (cache miss)
4079 silly packumentCache full:https://registry.npmjs.org/giget set size:undefined disposed:false
4080 http fetch GET 200 https://registry.npmjs.org/defu 49ms (cache miss)
4081 silly packumentCache full:https://registry.npmjs.org/defu set size:undefined disposed:false
4082 http fetch GET 200 https://registry.npmjs.org/chokidar 49ms (cache miss)
4083 silly packumentCache full:https://registry.npmjs.org/chokidar set size:undefined disposed:false
4084 http fetch GET 200 https://registry.npmjs.org/@standard-schema%2fspec 52ms (cache miss)
4085 silly packumentCache full:https://registry.npmjs.org/@standard-schema%2fspec set size:undefined disposed:false
4086 http fetch GET 200 https://registry.npmjs.org/perfect-debounce 300ms (cache miss)
4087 silly packumentCache full:https://registry.npmjs.org/perfect-debounce set size:undefined disposed:false
4088 http fetch GET 200 https://registry.npmjs.org/pkg-types 301ms (cache miss)
4089 silly packumentCache full:https://registry.npmjs.org/pkg-types set size:undefined disposed:false
4090 http fetch GET 200 https://registry.npmjs.org/confbox 307ms (cache miss)
4091 silly packumentCache full:https://registry.npmjs.org/confbox set size:undefined disposed:false
4092 http fetch GET 200 https://registry.npmjs.org/rc9 309ms (cache miss)
4093 silly packumentCache full:https://registry.npmjs.org/rc9 set size:undefined disposed:false
4094 http fetch GET 200 https://registry.npmjs.org/exsolve 310ms (cache miss)
4095 silly packumentCache full:https://registry.npmjs.org/exsolve set size:undefined disposed:false
4096 http fetch GET 200 https://registry.npmjs.org/ohash 311ms (cache miss)
4097 silly packumentCache full:https://registry.npmjs.org/ohash set size:undefined disposed:false
4098 http fetch GET 200 https://registry.npmjs.org/fast-check 359ms (cache miss)
4099 silly packumentCache full:https://registry.npmjs.org/fast-check set size:undefined disposed:false
4100 silly fetch manifest typescript@>=5
4101 silly packumentCache full:https://registry.npmjs.org/typescript cache-miss
4102 http cache https://registry.npmjs.org/typescript 27ms (cache hit)
4103 silly packumentCache full:https://registry.npmjs.org/typescript set size:15409943 disposed:false
4104 silly placeDep ROOT @electric-sql/pglite@0.4.1 OK for: @prisma/dev@0.24.3 want: 0.4.1
4105 silly placeDep ROOT @electric-sql/pglite-socket@0.1.1 OK for: @prisma/dev@0.24.3 want: 0.1.1
4106 silly placeDep ROOT @electric-sql/pglite-tools@0.3.1 OK for: @prisma/dev@0.24.3 want: 0.3.1
4107 silly placeDep ROOT @hono/node-server@1.19.11 OK for: @prisma/dev@0.24.3 want: 1.19.11
4108 silly placeDep ROOT hono@4.12.19 OK for: @hono/node-server@1.19.11 want: ^4
4109 silly placeDep ROOT @prisma/get-platform@7.2.0 OK for: @prisma/dev@0.24.3 want: 7.2.0
4110 silly placeDep ROOT @prisma/query-plan-executor@7.2.0 OK for: @prisma/dev@0.24.3 want: 7.2.0
4111 silly placeDep ROOT @prisma/streams-local@0.1.2 OK for: @prisma/dev@0.24.3 want: 0.1.2
4112 silly placeDep ROOT foreground-child@3.3.1 OK for: @prisma/dev@0.24.3 want: 3.3.1
4113 silly placeDep ROOT get-port-please@3.2.0 OK for: @prisma/dev@0.24.3 want: 3.2.0
4114 silly placeDep ROOT http-status-codes@2.3.0 OK for: @prisma/dev@0.24.3 want: 2.3.0
4115 silly placeDep ROOT pathe@2.0.3 OK for: @prisma/dev@0.24.3 want: 2.0.3
4116 silly placeDep ROOT proper-lockfile@4.1.2 OK for: @prisma/dev@0.24.3 want: 4.1.2
4117 silly placeDep ROOT remeda@2.33.4 OK for: @prisma/dev@0.24.3 want: 2.33.4
4118 silly placeDep ROOT std-env@3.10.0 OK for: @prisma/dev@0.24.3 want: 3.10.0
4119 silly placeDep ROOT valibot@1.2.0 OK for: @prisma/dev@0.24.3 want: 1.2.0
4120 silly placeDep ROOT zeptomatch@2.1.0 OK for: @prisma/dev@0.24.3 want: 2.1.0
4121 silly fetch manifest @prisma/debug@7.2.0
4122 silly packumentCache full:https://registry.npmjs.org/@prisma%2fdebug cache-miss
4123 silly fetch manifest env-paths@^3.0.0
4124 silly packumentCache full:https://registry.npmjs.org/env-paths cache-miss
4125 silly fetch manifest better-result@^2.7.0
4126 silly packumentCache full:https://registry.npmjs.org/better-result cache-miss
4127 silly fetch manifest proper-lockfile@^4.1.2
4128 silly packumentCache full:https://registry.npmjs.org/proper-lockfile cache-miss
4129 silly fetch manifest signal-exit@^4.0.1
4130 silly packumentCache full:https://registry.npmjs.org/signal-exit cache-miss
4131 silly fetch manifest retry@^0.12.0
4132 silly packumentCache full:https://registry.npmjs.org/retry cache-miss
4133 silly fetch manifest signal-exit@^3.0.2
4134 silly packumentCache full:https://registry.npmjs.org/signal-exit cache-miss
4135 silly fetch manifest grammex@^3.1.11
4136 silly packumentCache full:https://registry.npmjs.org/grammex cache-miss
4137 silly fetch manifest graphmatch@^1.1.0
4138 silly packumentCache full:https://registry.npmjs.org/graphmatch cache-miss
4139 http cache https://registry.npmjs.org/proper-lockfile 9ms (cache hit)
4140 silly packumentCache full:https://registry.npmjs.org/proper-lockfile set size:82421 disposed:false
4141 http cache https://registry.npmjs.org/@prisma%2fdebug 64ms (cache hit)
4142 silly packumentCache full:https://registry.npmjs.org/@prisma%2fdebug set size:28702879 disposed:false
4143 http fetch GET 200 https://registry.npmjs.org/env-paths 209ms (cache miss)
4144 silly packumentCache full:https://registry.npmjs.org/env-paths set size:undefined disposed:false
4145 http fetch GET 200 https://registry.npmjs.org/signal-exit 210ms (cache miss)
4146 silly packumentCache full:https://registry.npmjs.org/signal-exit set size:undefined disposed:false
4147 http fetch GET 200 https://registry.npmjs.org/signal-exit 209ms (cache miss)
4148 silly packumentCache full:https://registry.npmjs.org/signal-exit set size:undefined disposed:false
4149 http fetch GET 200 https://registry.npmjs.org/graphmatch 283ms (cache miss)
4150 silly packumentCache full:https://registry.npmjs.org/graphmatch set size:undefined disposed:false
4151 http fetch GET 200 https://registry.npmjs.org/grammex 300ms (cache miss)
4152 silly packumentCache full:https://registry.npmjs.org/grammex set size:undefined disposed:false
4153 http fetch GET 200 https://registry.npmjs.org/retry 301ms (cache miss)
4154 silly packumentCache full:https://registry.npmjs.org/retry set size:undefined disposed:false
4155 http fetch GET 200 https://registry.npmjs.org/better-result 315ms (cache miss)
4156 silly packumentCache full:https://registry.npmjs.org/better-result set size:undefined disposed:false
4157 silly placeDep ROOT @prisma/engines-version@7.8.0-6.3c6e192761c0362d496ed980de936e2f3cebcd3a OK for: @prisma/engines@7.8.0 want: 7.8.0-6.3c6e192761c0362d496ed980de936e2f3cebcd3a
4158 silly placeDep ROOT @prisma/fetch-engine@7.8.0 OK for: @prisma/engines@7.8.0 want: 7.8.0
4159 silly placeDep node_modules/@prisma/engines @prisma/get-platform@7.8.0 OK for: @prisma/engines@7.8.0 want: 7.8.0
4160 silly placeDep node_modules/@prisma/fetch-engine @prisma/get-platform@7.8.0 OK for: @prisma/fetch-engine@7.8.0 want: 7.8.0
4161 silly placeDep node_modules/@prisma/get-platform @prisma/debug@7.2.0 OK for: @prisma/get-platform@7.2.0 want: 7.2.0
4162 silly placeDep ROOT better-result@2.9.2 OK for: @prisma/streams-local@0.1.2 want: ^2.7.0
4163 silly placeDep ROOT env-paths@3.0.0 OK for: @prisma/streams-local@0.1.2 want: ^3.0.0
4164 silly placeDep ROOT @radix-ui/react-toggle@1.1.10 OK for: @prisma/studio-core@0.27.3 want: 1.1.10
4165 silly placeDep ROOT chart.js@4.5.1 OK for: @prisma/studio-core@0.27.3 want: 4.5.1
4166 silly fetch manifest @kurkle/color@^0.3.0
4167 silly packumentCache full:https://registry.npmjs.org/@kurkle%2fcolor cache-miss
4168 http fetch GET 200 https://registry.npmjs.org/@kurkle%2fcolor 1259ms (cache miss)
4169 silly packumentCache full:https://registry.npmjs.org/@kurkle%2fcolor set size:undefined disposed:false
4170 silly placeDep ROOT chokidar@5.0.0 OK for: c12@3.3.4 want: ^5.0.0
4171 silly placeDep ROOT confbox@0.2.4 OK for: c12@3.3.4 want: ^0.2.4
4172 silly placeDep ROOT defu@6.1.7 OK for: c12@3.3.4 want: ^6.1.6
4173 silly placeDep ROOT exsolve@1.0.8 OK for: c12@3.3.4 want: ^1.0.8
4174 silly placeDep ROOT giget@3.2.0 OK for: c12@3.3.4 want: ^3.2.0
4175 silly placeDep ROOT ohash@2.0.11 OK for: c12@3.3.4 want: ^2.0.11
4176 silly placeDep ROOT perfect-debounce@2.1.0 OK for: c12@3.3.4 want: ^2.1.0
4177 silly placeDep ROOT pkg-types@2.3.1 OK for: c12@3.3.4 want: ^2.3.0
4178 silly placeDep ROOT rc9@3.0.1 OK for: c12@3.3.4 want: ^3.0.1
4179 silly fetch manifest readdirp@^5.0.0
4180 silly packumentCache full:https://registry.npmjs.org/readdirp cache-miss
4181 silly fetch manifest destr@^2.0.5
4182 silly packumentCache full:https://registry.npmjs.org/destr cache-miss
4183 http fetch GET 200 https://registry.npmjs.org/destr 29ms (cache miss)
4184 silly packumentCache full:https://registry.npmjs.org/destr set size:undefined disposed:false
4185 http fetch GET 200 https://registry.npmjs.org/readdirp 35ms (cache miss)
4186 silly packumentCache full:https://registry.npmjs.org/readdirp set size:undefined disposed:false
4187 silly placeDep ROOT @kurkle/color@0.3.4 OK for: chart.js@4.5.1 want: ^0.3.0
4188 silly placeDep ROOT readdirp@5.0.0 OK for: chokidar@5.0.0 want: ^5.0.0
4189 silly placeDep ROOT @standard-schema/spec@1.1.0 OK for: effect@3.20.0 want: ^1.0.0
4190 silly placeDep ROOT fast-check@3.23.2 OK for: effect@3.20.0 want: ^3.23.1
4191 silly fetch manifest pure-rand@^6.1.0
4192 silly packumentCache full:https://registry.npmjs.org/pure-rand cache-miss
4193 http fetch GET 200 https://registry.npmjs.org/pure-rand 56ms (cache miss)
4194 silly packumentCache full:https://registry.npmjs.org/pure-rand set size:undefined disposed:false
4195 silly placeDep ROOT pure-rand@6.1.0 OK for: fast-check@3.23.2 want: ^6.1.0
4196 silly placeDep ROOT signal-exit@4.1.0 OK for: foreground-child@3.3.1 want: ^4.0.1
4197 silly placeDep ROOT aws-ssl-profiles@1.1.2 OK for: mysql2@3.15.3 want: ^1.1.1
4198 silly placeDep ROOT generate-function@2.3.1 OK for: mysql2@3.15.3 want: ^2.3.1
4199 silly placeDep node_modules/mysql2 iconv-lite@0.7.2 OK for: mysql2@3.15.3 want: ^0.7.0
4200 silly placeDep ROOT long@5.3.2 OK for: mysql2@3.15.3 want: ^5.2.1
4201 silly placeDep ROOT lru.min@1.1.4 OK for: mysql2@3.15.3 want: ^1.0.0
4202 silly placeDep ROOT named-placeholders@1.1.6 OK for: mysql2@3.15.3 want: ^1.1.3
4203 silly placeDep ROOT seq-queue@0.0.5 OK for: mysql2@3.15.3 want: ^0.0.5
4204 silly placeDep ROOT sqlstring@2.3.3 OK for: mysql2@3.15.3 want: ^2.3.2
4205 silly fetch manifest is-property@^1.0.2
4206 silly packumentCache full:https://registry.npmjs.org/is-property cache-miss
4207 http fetch GET 200 https://registry.npmjs.org/is-property 305ms (cache miss)
4208 silly packumentCache full:https://registry.npmjs.org/is-property set size:undefined disposed:false
4209 silly placeDep ROOT is-property@1.0.2 OK for: generate-function@2.3.1 want: ^1.0.2
4210 silly placeDep ROOT loose-envify@1.4.0 OK for: prop-types@15.8.1 want: ^1.4.0
4211 silly placeDep ROOT object-assign@4.1.1 OK for: prop-types@15.8.1 want: ^4.1.1
4212 silly placeDep node_modules/prop-types react-is@16.13.1 OK for: prop-types@15.8.1 want: ^16.13.1
4213 silly placeDep ROOT retry@0.12.0 OK for: proper-lockfile@4.1.2 want: ^0.12.0
4214 silly placeDep node_modules/proper-lockfile signal-exit@3.0.7 OK for: proper-lockfile@4.1.2 want: ^3.0.2
4215 silly placeDep ROOT rope-sequence@1.3.4 OK for: prosemirror-history@1.5.0 want: ^1.3.0
4216 silly placeDep ROOT w3c-keyname@2.2.8 OK for: prosemirror-keymap@1.2.3 want: ^2.2.0
4217 silly placeDep ROOT orderedmap@2.1.1 OK for: prosemirror-model@1.25.6 want: ^2.0.0
4218 silly placeDep ROOT end-of-stream@1.4.5 OK for: pump@3.0.4 want: ^1.1.0
4219 silly placeDep ROOT once@1.4.0 OK for: pump@3.0.4 want: ^1.3.1
4220 silly fetch manifest once@^1.4.0
4221 silly packumentCache full:https://registry.npmjs.org/once cache-miss
4222 silly fetch manifest wrappy@1
4223 silly packumentCache full:https://registry.npmjs.org/wrappy cache-miss
4224 http cache https://registry.npmjs.org/once 4ms (cache hit)
4225 silly packumentCache full:https://registry.npmjs.org/once set size:11752 disposed:false
4226 http fetch GET 200 https://registry.npmjs.org/wrappy 34ms (cache miss)
4227 silly packumentCache full:https://registry.npmjs.org/wrappy set size:undefined disposed:false
4228 silly placeDep ROOT wrappy@1.0.2 OK for: once@1.4.0 want: 1
4229 silly placeDep ROOT deep-extend@0.6.0 OK for: rc@1.2.8 want: ^0.6.0
4230 silly placeDep ROOT ini@1.3.8 OK for: rc@1.2.8 want: ~1.3.0
4231 silly placeDep node_modules/rc strip-json-comments@2.0.1 OK for: rc@1.2.8 want: ~2.0.1
4232 silly placeDep ROOT destr@2.0.5 OK for: rc9@3.0.1 want: ^2.0.5
4233 silly placeDep ROOT @date-fns/tz@1.4.1 OK for: react-day-picker@10.0.1 want: ^1.4.1
4234 silly placeDep ROOT scheduler@0.27.0 OK for: react-dom@19.2.4 want: ^0.27.0
4235 silly fetch manifest react@^16.8.0 || ^17.0.0 || ^18.0.0 || ^19.0.0 || ^19.0.0-rc
4236 silly packumentCache full:https://registry.npmjs.org/react cache-miss
4237 http cache https://registry.npmjs.org/react 17ms (cache hit)
4238 silly packumentCache full:https://registry.npmjs.org/react set size:6650647 disposed:false
4239 silly placeDep ROOT react-remove-scroll-bar@2.3.8 OK for: react-remove-scroll@2.7.2 want: ^2.3.7
4240 silly placeDep ROOT react-style-singleton@2.2.3 OK for: react-remove-scroll@2.7.2 want: ^2.2.3
4241 silly placeDep ROOT use-callback-ref@1.3.3 OK for: react-remove-scroll@2.7.2 want: ^1.3.3
4242 silly placeDep ROOT use-sidecar@1.1.3 OK for: react-remove-scroll@2.7.2 want: ^1.1.3
4243 silly fetch manifest react-style-singleton@^2.2.2
4244 silly packumentCache full:https://registry.npmjs.org/react-style-singleton cache-miss
4245 silly fetch manifest get-nonce@^1.0.0
4246 silly packumentCache full:https://registry.npmjs.org/get-nonce cache-miss
4247 silly fetch manifest detect-node-es@^1.1.0
4248 silly packumentCache full:https://registry.npmjs.org/detect-node-es cache-miss
4249 http cache https://registry.npmjs.org/react-style-singleton 6ms (cache hit)
4250 silly packumentCache full:https://registry.npmjs.org/react-style-singleton set size:33682 disposed:false
4251 http fetch GET 200 https://registry.npmjs.org/get-nonce 34ms (cache miss)
4252 silly packumentCache full:https://registry.npmjs.org/get-nonce set size:undefined disposed:false
4253 http fetch GET 200 https://registry.npmjs.org/detect-node-es 299ms (cache miss)
4254 silly packumentCache full:https://registry.npmjs.org/detect-node-es set size:undefined disposed:false
4255 silly placeDep ROOT get-nonce@1.0.1 OK for: react-style-singleton@2.2.3 want: ^1.0.0
4256 silly fetch manifest react@^16.8.0 || ^17.0.0 || ^18.0.0 || ^19.0.0
4257 silly packumentCache full:https://registry.npmjs.org/react cache-miss
4258 http cache https://registry.npmjs.org/react 15ms (cache hit)
4259 silly packumentCache full:https://registry.npmjs.org/react set size:6650647 disposed:false
4260 silly fetch manifest @types/react@^18.2.25 || ^19
4261 silly packumentCache full:https://registry.npmjs.org/@types%2freact cache-miss
4262 http cache https://registry.npmjs.org/@types%2freact 10ms (cache hit)
4263 silly packumentCache full:https://registry.npmjs.org/@types%2freact set size:2588964 disposed:false
4264 silly fetch manifest redux@^5.0.0
4265 silly packumentCache full:https://registry.npmjs.org/redux cache-miss
4266 http fetch GET 200 https://registry.npmjs.org/redux 56ms (cache miss)
4267 silly packumentCache full:https://registry.npmjs.org/redux set size:undefined disposed:false
4268 silly placeDep ROOT @reduxjs/toolkit@2.12.0 OK for: recharts@3.8.1 want: ^1.9.0 || 2.x.x
4269 silly placeDep ROOT decimal.js-light@2.5.1 OK for: recharts@3.8.1 want: ^2.5.1
4270 silly placeDep ROOT es-toolkit@1.46.1 OK for: recharts@3.8.1 want: ^1.39.3
4271 silly placeDep ROOT eventemitter3@5.0.4 OK for: recharts@3.8.1 want: ^5.0.1
4272 silly placeDep ROOT immer@10.2.0 OK for: recharts@3.8.1 want: ^10.1.1
4273 silly placeDep ROOT react-redux@9.3.0 OK for: recharts@3.8.1 want: 8.x.x || 9.x.x
4274 silly placeDep ROOT reselect@5.1.1 OK for: recharts@3.8.1 want: 5.1.1
4275 silly placeDep ROOT tiny-invariant@1.3.3 OK for: recharts@3.8.1 want: ^1.3.3
4276 silly placeDep ROOT victory-vendor@37.3.6 OK for: recharts@3.8.1 want: ^37.0.2
4277 silly fetch manifest @standard-schema/utils@^0.3.0
4278 silly packumentCache full:https://registry.npmjs.org/@standard-schema%2futils cache-miss
4279 silly fetch manifest immer@^11.0.0
4280 silly packumentCache full:https://registry.npmjs.org/immer cache-miss
4281 silly fetch manifest redux@^5.0.1
4282 silly packumentCache full:https://registry.npmjs.org/redux cache-miss
4283 silly fetch manifest redux-thunk@^3.1.0
4284 silly packumentCache full:https://registry.npmjs.org/redux-thunk cache-miss
4285 silly fetch manifest reselect@^5.1.0
4286 silly packumentCache full:https://registry.npmjs.org/reselect cache-miss
4287 silly fetch manifest d3-ease@^3.0.1
4288 silly packumentCache full:https://registry.npmjs.org/d3-ease cache-miss
4289 silly fetch manifest d3-time@^3.0.0
4290 silly packumentCache full:https://registry.npmjs.org/d3-time cache-miss
4291 silly fetch manifest d3-array@^3.1.6
4292 silly packumentCache full:https://registry.npmjs.org/d3-array cache-miss
4293 silly fetch manifest d3-scale@^4.0.2
4294 silly packumentCache full:https://registry.npmjs.org/d3-scale cache-miss
4295 silly fetch manifest d3-shape@^3.1.0
4296 silly packumentCache full:https://registry.npmjs.org/d3-shape cache-miss
4297 silly fetch manifest d3-timer@^3.0.1
4298 silly packumentCache full:https://registry.npmjs.org/d3-timer cache-miss
4299 silly fetch manifest @types/d3-ease@^3.0.0
4300 silly packumentCache full:https://registry.npmjs.org/@types%2fd3-ease cache-miss
4301 silly fetch manifest @types/d3-time@^3.0.0
4302 silly packumentCache full:https://registry.npmjs.org/@types%2fd3-time cache-miss
4303 silly fetch manifest d3-interpolate@^3.0.1
4304 silly packumentCache full:https://registry.npmjs.org/d3-interpolate cache-miss
4305 silly fetch manifest @types/d3-array@^3.0.3
4306 silly packumentCache full:https://registry.npmjs.org/@types%2fd3-array cache-miss
4307 http cache https://registry.npmjs.org/immer 14ms (cache hit)
4308 silly packumentCache full:https://registry.npmjs.org/immer set size:761699 disposed:false
4309 silly fetch manifest @types/d3-scale@^4.0.2
4310 silly packumentCache full:https://registry.npmjs.org/@types%2fd3-scale cache-miss
4311 http cache https://registry.npmjs.org/reselect 20ms (cache hit)
4312 silly packumentCache full:https://registry.npmjs.org/reselect set size:353417 disposed:false
4313 silly fetch manifest @types/d3-shape@^3.1.0
4314 silly packumentCache full:https://registry.npmjs.org/@types%2fd3-shape cache-miss
4315 http cache https://registry.npmjs.org/redux 27ms (cache hit)
4316 silly packumentCache full:https://registry.npmjs.org/redux set size:553833 disposed:false
4317 silly fetch manifest @types/d3-timer@^3.0.0
4318 silly packumentCache full:https://registry.npmjs.org/@types%2fd3-timer cache-miss
4319 http fetch GET 200 https://registry.npmjs.org/d3-timer 47ms (cache miss)
4320 silly packumentCache full:https://registry.npmjs.org/d3-timer set size:undefined disposed:false
4321 silly fetch manifest @types/d3-interpolate@^3.0.1
4322 silly packumentCache full:https://registry.npmjs.org/@types%2fd3-interpolate cache-miss
4323 http fetch GET 200 https://registry.npmjs.org/@types%2fd3-ease 53ms (cache miss)
4324 silly packumentCache full:https://registry.npmjs.org/@types%2fd3-ease set size:undefined disposed:false
4325 http fetch GET 200 https://registry.npmjs.org/d3-interpolate 54ms (cache miss)
4326 silly packumentCache full:https://registry.npmjs.org/d3-interpolate set size:undefined disposed:false
4327 http fetch GET 200 https://registry.npmjs.org/d3-time 59ms (cache miss)
4328 silly packumentCache full:https://registry.npmjs.org/d3-time set size:undefined disposed:false
4329 http fetch GET 200 https://registry.npmjs.org/redux-thunk 63ms (cache miss)
4330 silly packumentCache full:https://registry.npmjs.org/redux-thunk set size:undefined disposed:false
4331 http fetch GET 200 https://registry.npmjs.org/@standard-schema%2futils 71ms (cache miss)
4332 silly packumentCache full:https://registry.npmjs.org/@standard-schema%2futils set size:undefined disposed:false
4333 http fetch GET 200 https://registry.npmjs.org/d3-shape 70ms (cache miss)
4334 silly packumentCache full:https://registry.npmjs.org/d3-shape set size:undefined disposed:false
4335 http fetch GET 200 https://registry.npmjs.org/@types%2fd3-time 74ms (cache miss)
4336 silly packumentCache full:https://registry.npmjs.org/@types%2fd3-time set size:undefined disposed:false
4337 http fetch GET 200 https://registry.npmjs.org/d3-scale 81ms (cache miss)
4338 silly packumentCache full:https://registry.npmjs.org/d3-scale set size:undefined disposed:false
4339 http fetch GET 200 https://registry.npmjs.org/@types%2fd3-scale 75ms (cache miss)
4340 silly packumentCache full:https://registry.npmjs.org/@types%2fd3-scale set size:undefined disposed:false
4341 http fetch GET 200 https://registry.npmjs.org/@types%2fd3-timer 66ms (cache miss)
4342 silly packumentCache full:https://registry.npmjs.org/@types%2fd3-timer set size:undefined disposed:false
4343 http fetch GET 200 https://registry.npmjs.org/d3-ease 312ms (cache miss)
4344 silly packumentCache full:https://registry.npmjs.org/d3-ease set size:undefined disposed:false
4345 http fetch GET 200 https://registry.npmjs.org/@types%2fd3-array 317ms (cache miss)
4346 silly packumentCache full:https://registry.npmjs.org/@types%2fd3-array set size:undefined disposed:false
4347 http fetch GET 200 https://registry.npmjs.org/d3-array 326ms (cache miss)
4348 silly packumentCache full:https://registry.npmjs.org/d3-array set size:undefined disposed:false
4349 http fetch GET 200 https://registry.npmjs.org/@types%2fd3-shape 311ms (cache miss)
4350 silly packumentCache full:https://registry.npmjs.org/@types%2fd3-shape set size:undefined disposed:false
4351 http fetch GET 200 https://registry.npmjs.org/@types%2fd3-interpolate 303ms (cache miss)
4352 silly packumentCache full:https://registry.npmjs.org/@types%2fd3-interpolate set size:undefined disposed:false
4353 silly placeDep ROOT @standard-schema/utils@0.3.0 OK for: @reduxjs/toolkit@2.12.0 want: ^0.3.0
4354 silly placeDep node_modules/@reduxjs/toolkit immer@11.1.8 OK for: @reduxjs/toolkit@2.12.0 want: ^11.0.0
4355 silly placeDep ROOT redux@5.0.1 OK for: @reduxjs/toolkit@2.12.0 want: ^5.0.1
4356 silly placeDep ROOT redux-thunk@3.1.0 OK for: @reduxjs/toolkit@2.12.0 want: ^3.1.0
4357 silly placeDep node_modules/react-redux @types/use-sync-external-store@0.0.6 OK for: react-redux@9.3.0 want: ^0.0.6
4358 silly placeDep ROOT hast-util-format@1.1.0 OK for: rehype-format@5.0.1 want: ^1.0.0
4359 silly fetch manifest hast-util-embedded@^3.0.0
4360 silly packumentCache full:https://registry.npmjs.org/hast-util-embedded cache-miss
4361 silly fetch manifest hast-util-phrasing@^3.0.0
4362 silly packumentCache full:https://registry.npmjs.org/hast-util-phrasing cache-miss
4363 silly fetch manifest hast-util-whitespace@^3.0.0
4364 silly packumentCache full:https://registry.npmjs.org/hast-util-whitespace cache-miss
4365 silly fetch manifest hast-util-minify-whitespace@^1.0.0
4366 silly packumentCache full:https://registry.npmjs.org/hast-util-minify-whitespace cache-miss
4367 silly fetch manifest html-whitespace-sensitive-tag-names@^3.0.0
4368 silly packumentCache full:https://registry.npmjs.org/html-whitespace-sensitive-tag-names cache-miss
4369 http fetch GET 200 https://registry.npmjs.org/hast-util-whitespace 290ms (cache miss)
4370 silly packumentCache full:https://registry.npmjs.org/hast-util-whitespace set size:undefined disposed:false
4371 http fetch GET 200 https://registry.npmjs.org/hast-util-minify-whitespace 293ms (cache miss)
4372 silly packumentCache full:https://registry.npmjs.org/hast-util-minify-whitespace set size:undefined disposed:false
4373 http fetch GET 200 https://registry.npmjs.org/hast-util-embedded 295ms (cache miss)
4374 silly packumentCache full:https://registry.npmjs.org/hast-util-embedded set size:undefined disposed:false
4375 http fetch GET 200 https://registry.npmjs.org/html-whitespace-sensitive-tag-names 295ms (cache miss)
4376 silly packumentCache full:https://registry.npmjs.org/html-whitespace-sensitive-tag-names set size:undefined disposed:false
4377 http fetch GET 200 https://registry.npmjs.org/hast-util-phrasing 303ms (cache miss)
4378 silly packumentCache full:https://registry.npmjs.org/hast-util-phrasing set size:undefined disposed:false
4379 silly placeDep ROOT hast-util-embedded@3.0.0 OK for: hast-util-format@1.1.0 want: ^3.0.0
4380 silly placeDep ROOT hast-util-minify-whitespace@1.0.1 OK for: hast-util-format@1.1.0 want: ^1.0.0
4381 silly placeDep ROOT hast-util-phrasing@3.0.1 OK for: hast-util-format@1.1.0 want: ^3.0.0
4382 silly placeDep ROOT hast-util-whitespace@3.0.0 OK for: hast-util-format@1.1.0 want: ^3.0.0
4383 silly placeDep ROOT html-whitespace-sensitive-tag-names@3.0.1 OK for: hast-util-format@1.1.0 want: ^3.0.0
4384 silly placeDep ROOT unist-util-visit-parents@6.0.2 OK for: hast-util-format@1.1.0 want: ^6.0.0
4385 silly fetch manifest hast-util-is-element@^3.0.0
4386 silly packumentCache full:https://registry.npmjs.org/hast-util-is-element cache-miss
4387 silly fetch manifest hast-util-is-element@^3.0.0
4388 silly packumentCache full:https://registry.npmjs.org/hast-util-is-element cache-miss
4389 silly fetch manifest hast-util-has-property@^3.0.0
4390 silly packumentCache full:https://registry.npmjs.org/hast-util-has-property cache-miss
4391 silly fetch manifest hast-util-is-body-ok-link@^3.0.0
4392 silly packumentCache full:https://registry.npmjs.org/hast-util-is-body-ok-link cache-miss
4393 silly fetch manifest hast-util-is-element@^3.0.0
4394 silly packumentCache full:https://registry.npmjs.org/hast-util-is-element cache-miss
4395 http fetch GET 200 https://registry.npmjs.org/hast-util-is-body-ok-link 301ms (cache miss)
4396 silly packumentCache full:https://registry.npmjs.org/hast-util-is-body-ok-link set size:undefined disposed:false
4397 http fetch GET 200 https://registry.npmjs.org/hast-util-has-property 303ms (cache miss)
4398 silly packumentCache full:https://registry.npmjs.org/hast-util-has-property set size:undefined disposed:false
4399 http fetch GET 200 https://registry.npmjs.org/hast-util-is-element 311ms (cache miss)
4400 silly packumentCache full:https://registry.npmjs.org/hast-util-is-element set size:undefined disposed:false
4401 http fetch GET 200 https://registry.npmjs.org/hast-util-is-element 313ms (cache miss)
4402 silly packumentCache full:https://registry.npmjs.org/hast-util-is-element set size:undefined disposed:false
4403 http fetch GET 200 https://registry.npmjs.org/hast-util-is-element 314ms (cache miss)
4404 silly packumentCache full:https://registry.npmjs.org/hast-util-is-element set size:undefined disposed:false
4405 silly placeDep ROOT hast-util-is-element@3.0.0 OK for: hast-util-embedded@3.0.0 want: ^3.0.0
4406 silly placeDep ROOT unist-util-is@6.0.1 OK for: hast-util-minify-whitespace@1.0.1 want: ^6.0.0
4407 silly placeDep ROOT hast-util-has-property@3.0.0 OK for: hast-util-phrasing@3.0.1 want: ^3.0.0
4408 silly placeDep ROOT hast-util-is-body-ok-link@3.0.1 OK for: hast-util-phrasing@3.0.1 want: ^3.0.0
4409 silly placeDep ROOT hast-util-from-html@2.0.3 OK for: rehype-parse@9.0.1 want: ^2.0.0
4410 silly fetch manifest devlop@^1.1.0
4411 silly packumentCache full:https://registry.npmjs.org/devlop cache-miss
4412 silly fetch manifest hast-util-from-parse5@^8.0.0
4413 silly packumentCache full:https://registry.npmjs.org/hast-util-from-parse5 cache-miss
4414 silly fetch manifest parse5@^7.0.0
4415 silly packumentCache full:https://registry.npmjs.org/parse5 cache-miss
4416 silly fetch manifest vfile-message@^4.0.0
4417 silly packumentCache full:https://registry.npmjs.org/vfile-message cache-miss
4418 http cache https://registry.npmjs.org/devlop 5ms (cache hit)
4419 silly packumentCache full:https://registry.npmjs.org/devlop set size:16868 disposed:false
4420 http fetch GET 200 https://registry.npmjs.org/hast-util-from-parse5 30ms (cache miss)
4421 silly packumentCache full:https://registry.npmjs.org/hast-util-from-parse5 set size:undefined disposed:false
4422 http fetch GET 200 https://registry.npmjs.org/parse5 290ms (cache miss)
4423 silly packumentCache full:https://registry.npmjs.org/parse5 set size:undefined disposed:false
4424 http fetch GET 200 https://registry.npmjs.org/vfile-message 321ms (cache miss)
4425 silly packumentCache full:https://registry.npmjs.org/vfile-message set size:undefined disposed:false
4426 silly placeDep ROOT devlop@1.1.0 OK for: hast-util-from-html@2.0.3 want: ^1.1.0
4427 silly placeDep ROOT hast-util-from-parse5@8.0.3 OK for: hast-util-from-html@2.0.3 want: ^8.0.0
4428 silly placeDep ROOT parse5@7.3.0 OK for: hast-util-from-html@2.0.3 want: ^7.0.0
4429 silly placeDep ROOT vfile@6.0.3 OK for: hast-util-from-html@2.0.3 want: ^6.0.0
4430 silly placeDep ROOT vfile-message@4.0.3 OK for: hast-util-from-html@2.0.3 want: ^4.0.0
4431 silly fetch manifest dequal@^2.0.0
4432 silly packumentCache full:https://registry.npmjs.org/dequal cache-miss
4433 silly fetch manifest vfile-location@^5.0.0
4434 silly packumentCache full:https://registry.npmjs.org/vfile-location cache-miss
4435 silly fetch manifest entities@^6.0.0
4436 silly packumentCache full:https://registry.npmjs.org/entities cache-miss
4437 silly fetch manifest unist-util-stringify-position@^4.0.0
4438 silly packumentCache full:https://registry.npmjs.org/unist-util-stringify-position cache-miss
4439 http cache https://registry.npmjs.org/dequal 5ms (cache hit)
4440 silly packumentCache full:https://registry.npmjs.org/dequal set size:24037 disposed:false
4441 http fetch GET 200 https://registry.npmjs.org/unist-util-stringify-position 34ms (cache miss)
4442 silly packumentCache full:https://registry.npmjs.org/unist-util-stringify-position set size:undefined disposed:false
4443 http fetch GET 200 https://registry.npmjs.org/entities 37ms (cache miss)
4444 silly packumentCache full:https://registry.npmjs.org/entities set size:undefined disposed:false
4445 http fetch GET 200 https://registry.npmjs.org/vfile-location 286ms (cache miss)
4446 silly packumentCache full:https://registry.npmjs.org/vfile-location set size:undefined disposed:false
4447 silly placeDep ROOT dequal@2.0.3 OK for: devlop@1.1.0 want: ^2.0.0
4448 silly placeDep ROOT vfile-location@5.0.3 OK for: hast-util-from-parse5@8.0.3 want: ^5.0.0
4449 silly placeDep ROOT entities@6.0.1 OK for: parse5@7.3.0 want: ^6.0.0
4450 silly placeDep ROOT @types/mdast@4.0.4 OK for: rehype-remark@10.0.1 want: ^4.0.0
4451 silly placeDep ROOT hast-util-to-mdast@10.1.2 OK for: rehype-remark@10.0.1 want: ^10.0.0
4452 silly fetch manifest @ungap/structured-clone@^1.0.0
4453 silly packumentCache full:https://registry.npmjs.org/@ungap%2fstructured-clone cache-miss
4454 silly fetch manifest hast-util-to-text@^4.0.0
4455 silly packumentCache full:https://registry.npmjs.org/hast-util-to-text cache-miss
4456 silly fetch manifest mdast-util-phrasing@^4.0.0
4457 silly packumentCache full:https://registry.npmjs.org/mdast-util-phrasing cache-miss
4458 silly fetch manifest mdast-util-to-string@^4.0.0
4459 silly packumentCache full:https://registry.npmjs.org/mdast-util-to-string cache-miss
4460 silly fetch manifest rehype-minify-whitespace@^6.0.0
4461 silly packumentCache full:https://registry.npmjs.org/rehype-minify-whitespace cache-miss
4462 silly fetch manifest trim-trailing-lines@^2.0.0
4463 silly packumentCache full:https://registry.npmjs.org/trim-trailing-lines cache-miss
4464 silly fetch manifest unist-util-position@^5.0.0
4465 silly packumentCache full:https://registry.npmjs.org/unist-util-position cache-miss
4466 http fetch GET 200 https://registry.npmjs.org/trim-trailing-lines 289ms (cache miss)
4467 silly packumentCache full:https://registry.npmjs.org/trim-trailing-lines set size:undefined disposed:false
4468 http fetch GET 200 https://registry.npmjs.org/hast-util-to-text 291ms (cache miss)
4469 silly packumentCache full:https://registry.npmjs.org/hast-util-to-text set size:undefined disposed:false
4470 http fetch GET 200 https://registry.npmjs.org/mdast-util-to-string 292ms (cache miss)
4471 silly packumentCache full:https://registry.npmjs.org/mdast-util-to-string set size:undefined disposed:false
4472 http fetch GET 200 https://registry.npmjs.org/rehype-minify-whitespace 301ms (cache miss)
4473 silly packumentCache full:https://registry.npmjs.org/rehype-minify-whitespace set size:undefined disposed:false
4474 http fetch GET 200 https://registry.npmjs.org/@ungap%2fstructured-clone 307ms (cache miss)
4475 silly packumentCache full:https://registry.npmjs.org/@ungap%2fstructured-clone set size:undefined disposed:false
4476 http fetch GET 200 https://registry.npmjs.org/mdast-util-phrasing 310ms (cache miss)
4477 silly packumentCache full:https://registry.npmjs.org/mdast-util-phrasing set size:undefined disposed:false
4478 http fetch GET 200 https://registry.npmjs.org/unist-util-position 324ms (cache miss)
4479 silly packumentCache full:https://registry.npmjs.org/unist-util-position set size:undefined disposed:false
4480 silly placeDep ROOT @ungap/structured-clone@1.3.1 OK for: hast-util-to-mdast@10.1.2 want: ^1.0.0
4481 silly placeDep ROOT hast-util-to-html@9.0.5 OK for: hast-util-to-mdast@10.1.2 want: ^9.0.0
4482 silly placeDep ROOT hast-util-to-text@4.0.2 OK for: hast-util-to-mdast@10.1.2 want: ^4.0.0
4483 silly placeDep ROOT mdast-util-phrasing@4.1.0 OK for: hast-util-to-mdast@10.1.2 want: ^4.0.0
4484 silly placeDep ROOT mdast-util-to-hast@13.2.1 OK for: hast-util-to-mdast@10.1.2 want: ^13.0.0
4485 silly placeDep ROOT mdast-util-to-string@4.0.0 OK for: hast-util-to-mdast@10.1.2 want: ^4.0.0
4486 silly placeDep ROOT rehype-minify-whitespace@6.0.2 OK for: hast-util-to-mdast@10.1.2 want: ^6.0.0
4487 silly placeDep ROOT trim-trailing-lines@2.1.0 OK for: hast-util-to-mdast@10.1.2 want: ^2.0.0
4488 silly placeDep ROOT unist-util-position@5.0.0 OK for: hast-util-to-mdast@10.1.2 want: ^5.0.0
4489 silly fetch manifest ccount@^2.0.0
4490 silly packumentCache full:https://registry.npmjs.org/ccount cache-miss
4491 silly fetch manifest html-void-elements@^3.0.0
4492 silly packumentCache full:https://registry.npmjs.org/html-void-elements cache-miss
4493 silly fetch manifest stringify-entities@^4.0.0
4494 silly packumentCache full:https://registry.npmjs.org/stringify-entities cache-miss
4495 silly fetch manifest zwitch@^2.0.4
4496 silly packumentCache full:https://registry.npmjs.org/zwitch cache-miss
4497 silly fetch manifest unist-util-find-after@^5.0.0
4498 silly packumentCache full:https://registry.npmjs.org/unist-util-find-after cache-miss
4499 silly fetch manifest micromark-util-sanitize-uri@^2.0.0
4500 silly packumentCache full:https://registry.npmjs.org/micromark-util-sanitize-uri cache-miss
4501 silly fetch manifest trim-lines@^3.0.0
4502 silly packumentCache full:https://registry.npmjs.org/trim-lines cache-miss
4503 http fetch GET 200 https://registry.npmjs.org/zwitch 35ms (cache miss)
4504 silly packumentCache full:https://registry.npmjs.org/zwitch set size:undefined disposed:false
4505 http fetch GET 200 https://registry.npmjs.org/unist-util-find-after 36ms (cache miss)
4506 silly packumentCache full:https://registry.npmjs.org/unist-util-find-after set size:undefined disposed:false
4507 http fetch GET 200 https://registry.npmjs.org/ccount 38ms (cache miss)
4508 silly packumentCache full:https://registry.npmjs.org/ccount set size:undefined disposed:false
4509 http fetch GET 200 https://registry.npmjs.org/html-void-elements 40ms (cache miss)
4510 silly packumentCache full:https://registry.npmjs.org/html-void-elements set size:undefined disposed:false
4511 http fetch GET 200 https://registry.npmjs.org/stringify-entities 40ms (cache miss)
4512 silly packumentCache full:https://registry.npmjs.org/stringify-entities set size:undefined disposed:false
4513 http fetch GET 200 https://registry.npmjs.org/trim-lines 307ms (cache miss)
4514 silly packumentCache full:https://registry.npmjs.org/trim-lines set size:undefined disposed:false
4515 http fetch GET 200 https://registry.npmjs.org/micromark-util-sanitize-uri 308ms (cache miss)
4516 silly packumentCache full:https://registry.npmjs.org/micromark-util-sanitize-uri set size:undefined disposed:false
4517 silly placeDep ROOT ccount@2.0.1 OK for: hast-util-to-html@9.0.5 want: ^2.0.0
4518 silly placeDep ROOT html-void-elements@3.0.0 OK for: hast-util-to-html@9.0.5 want: ^3.0.0
4519 silly placeDep ROOT stringify-entities@4.0.4 OK for: hast-util-to-html@9.0.5 want: ^4.0.0
4520 silly placeDep ROOT zwitch@2.0.4 OK for: hast-util-to-html@9.0.5 want: ^2.0.4
4521 silly fetch manifest character-entities-html4@^2.0.0
4522 silly packumentCache full:https://registry.npmjs.org/character-entities-html4 cache-miss
4523 silly fetch manifest character-entities-legacy@^3.0.0
4524 silly packumentCache full:https://registry.npmjs.org/character-entities-legacy cache-miss
4525 http fetch GET 200 https://registry.npmjs.org/character-entities-legacy 27ms (cache miss)
4526 silly packumentCache full:https://registry.npmjs.org/character-entities-legacy set size:undefined disposed:false
4527 http fetch GET 200 https://registry.npmjs.org/character-entities-html4 292ms (cache miss)
4528 silly packumentCache full:https://registry.npmjs.org/character-entities-html4 set size:undefined disposed:false
4529 silly placeDep ROOT unist-util-find-after@5.0.0 OK for: hast-util-to-text@4.0.2 want: ^5.0.0
4530 silly placeDep ROOT micromark-util-sanitize-uri@2.0.1 OK for: mdast-util-to-hast@13.2.1 want: ^2.0.0
4531 silly placeDep ROOT trim-lines@3.0.1 OK for: mdast-util-to-hast@13.2.1 want: ^3.0.0
4532 silly fetch manifest micromark-util-character@^2.0.0
4533 silly packumentCache full:https://registry.npmjs.org/micromark-util-character cache-miss
4534 silly fetch manifest micromark-util-encode@^2.0.0
4535 silly packumentCache full:https://registry.npmjs.org/micromark-util-encode cache-miss
4536 silly fetch manifest micromark-util-symbol@^2.0.0
4537 silly packumentCache full:https://registry.npmjs.org/micromark-util-symbol cache-miss
4538 http fetch GET 200 https://registry.npmjs.org/micromark-util-encode 27ms (cache miss)
4539 silly packumentCache full:https://registry.npmjs.org/micromark-util-encode set size:undefined disposed:false
4540 http fetch GET 200 https://registry.npmjs.org/micromark-util-symbol 382ms (cache miss)
4541 silly packumentCache full:https://registry.npmjs.org/micromark-util-symbol set size:undefined disposed:false
4542 http fetch GET 200 https://registry.npmjs.org/micromark-util-character 384ms (cache miss)
4543 silly packumentCache full:https://registry.npmjs.org/micromark-util-character set size:undefined disposed:false
4544 silly placeDep ROOT micromark-util-character@2.1.1 OK for: micromark-util-sanitize-uri@2.0.1 want: ^2.0.0
4545 silly placeDep ROOT micromark-util-encode@2.0.1 OK for: micromark-util-sanitize-uri@2.0.1 want: ^2.0.0
4546 silly placeDep ROOT micromark-util-symbol@2.0.1 OK for: micromark-util-sanitize-uri@2.0.1 want: ^2.0.0
4547 silly placeDep ROOT micromark-util-types@2.0.2 OK for: micromark-util-character@2.1.1 want: ^2.0.0
4548 silly placeDep ROOT mdast-util-gfm@3.1.0 OK for: remark-gfm@4.0.1 want: ^3.0.0
4549 silly placeDep ROOT micromark-extension-gfm@3.0.0 OK for: remark-gfm@4.0.1 want: ^3.0.0
4550 silly fetch manifest mdast-util-gfm-autolink-literal@^2.0.0
4551 silly packumentCache full:https://registry.npmjs.org/mdast-util-gfm-autolink-literal cache-miss
4552 silly fetch manifest mdast-util-gfm-footnote@^2.0.0
4553 silly packumentCache full:https://registry.npmjs.org/mdast-util-gfm-footnote cache-miss
4554 silly fetch manifest mdast-util-gfm-strikethrough@^2.0.0
4555 silly packumentCache full:https://registry.npmjs.org/mdast-util-gfm-strikethrough cache-miss
4556 silly fetch manifest mdast-util-gfm-table@^2.0.0
4557 silly packumentCache full:https://registry.npmjs.org/mdast-util-gfm-table cache-miss
4558 silly fetch manifest mdast-util-gfm-task-list-item@^2.0.0
4559 silly packumentCache full:https://registry.npmjs.org/mdast-util-gfm-task-list-item cache-miss
4560 silly fetch manifest micromark-extension-gfm-autolink-literal@^2.0.0
4561 silly packumentCache full:https://registry.npmjs.org/micromark-extension-gfm-autolink-literal cache-miss
4562 silly fetch manifest micromark-extension-gfm-footnote@^2.0.0
4563 silly packumentCache full:https://registry.npmjs.org/micromark-extension-gfm-footnote cache-miss
4564 silly fetch manifest micromark-extension-gfm-strikethrough@^2.0.0
4565 silly packumentCache full:https://registry.npmjs.org/micromark-extension-gfm-strikethrough cache-miss
4566 silly fetch manifest micromark-extension-gfm-table@^2.0.0
4567 silly packumentCache full:https://registry.npmjs.org/micromark-extension-gfm-table cache-miss
4568 silly fetch manifest micromark-extension-gfm-tagfilter@^2.0.0
4569 silly packumentCache full:https://registry.npmjs.org/micromark-extension-gfm-tagfilter cache-miss
4570 silly fetch manifest micromark-extension-gfm-task-list-item@^2.0.0
4571 silly packumentCache full:https://registry.npmjs.org/micromark-extension-gfm-task-list-item cache-miss
4572 silly fetch manifest micromark-util-combine-extensions@^2.0.0
4573 silly packumentCache full:https://registry.npmjs.org/micromark-util-combine-extensions cache-miss
4574 http fetch GET 200 https://registry.npmjs.org/micromark-util-combine-extensions 35ms (cache miss)
4575 silly packumentCache full:https://registry.npmjs.org/micromark-util-combine-extensions set size:undefined disposed:false
4576 http fetch GET 200 https://registry.npmjs.org/mdast-util-gfm-footnote 39ms (cache miss)
4577 silly packumentCache full:https://registry.npmjs.org/mdast-util-gfm-footnote set size:undefined disposed:false
4578 http fetch GET 200 https://registry.npmjs.org/mdast-util-gfm-task-list-item 41ms (cache miss)
4579 silly packumentCache full:https://registry.npmjs.org/mdast-util-gfm-task-list-item set size:undefined disposed:false
4580 http fetch GET 200 https://registry.npmjs.org/mdast-util-gfm-strikethrough 42ms (cache miss)
4581 silly packumentCache full:https://registry.npmjs.org/mdast-util-gfm-strikethrough set size:undefined disposed:false
4582 http fetch GET 200 https://registry.npmjs.org/micromark-extension-gfm-tagfilter 42ms (cache miss)
4583 silly packumentCache full:https://registry.npmjs.org/micromark-extension-gfm-tagfilter set size:undefined disposed:false
4584 http fetch GET 200 https://registry.npmjs.org/micromark-extension-gfm-autolink-literal 48ms (cache miss)
4585 silly packumentCache full:https://registry.npmjs.org/micromark-extension-gfm-autolink-literal set size:undefined disposed:false
4586 http fetch GET 200 https://registry.npmjs.org/micromark-extension-gfm-table 296ms (cache miss)
4587 silly packumentCache full:https://registry.npmjs.org/micromark-extension-gfm-table set size:undefined disposed:false
4588 http fetch GET 200 https://registry.npmjs.org/micromark-extension-gfm-strikethrough 303ms (cache miss)
4589 silly packumentCache full:https://registry.npmjs.org/micromark-extension-gfm-strikethrough set size:undefined disposed:false
4590 http fetch GET 200 https://registry.npmjs.org/mdast-util-gfm-table 306ms (cache miss)
4591 silly packumentCache full:https://registry.npmjs.org/mdast-util-gfm-table set size:undefined disposed:false
4592 http fetch GET 200 https://registry.npmjs.org/micromark-extension-gfm-footnote 306ms (cache miss)
4593 silly packumentCache full:https://registry.npmjs.org/micromark-extension-gfm-footnote set size:undefined disposed:false
4594 http fetch GET 200 https://registry.npmjs.org/micromark-extension-gfm-task-list-item 324ms (cache miss)
4595 silly packumentCache full:https://registry.npmjs.org/micromark-extension-gfm-task-list-item set size:undefined disposed:false
4596 http fetch GET 200 https://registry.npmjs.org/mdast-util-gfm-autolink-literal 345ms (cache miss)
4597 silly packumentCache full:https://registry.npmjs.org/mdast-util-gfm-autolink-literal set size:undefined disposed:false
4598 silly placeDep ROOT mdast-util-from-markdown@2.0.3 OK for: mdast-util-gfm@3.1.0 want: ^2.0.0
4599 silly placeDep ROOT mdast-util-gfm-autolink-literal@2.0.1 OK for: mdast-util-gfm@3.1.0 want: ^2.0.0
4600 silly placeDep ROOT mdast-util-gfm-footnote@2.1.0 OK for: mdast-util-gfm@3.1.0 want: ^2.0.0
4601 silly placeDep ROOT mdast-util-gfm-strikethrough@2.0.0 OK for: mdast-util-gfm@3.1.0 want: ^2.0.0
4602 silly placeDep ROOT mdast-util-gfm-table@2.0.0 OK for: mdast-util-gfm@3.1.0 want: ^2.0.0
4603 silly placeDep ROOT mdast-util-gfm-task-list-item@2.0.0 OK for: mdast-util-gfm@3.1.0 want: ^2.0.0
4604 silly placeDep ROOT mdast-util-to-markdown@2.1.2 OK for: mdast-util-gfm@3.1.0 want: ^2.0.0
4605 silly fetch manifest decode-named-character-reference@^1.0.0
4606 silly packumentCache full:https://registry.npmjs.org/decode-named-character-reference cache-miss
4607 silly fetch manifest micromark@^4.0.0
4608 silly packumentCache full:https://registry.npmjs.org/micromark cache-miss
4609 silly fetch manifest micromark-util-decode-numeric-character-reference@^2.0.0
4610 silly packumentCache full:https://registry.npmjs.org/micromark-util-decode-numeric-character-reference cache-miss
4611 silly fetch manifest micromark-util-decode-string@^2.0.0
4612 silly packumentCache full:https://registry.npmjs.org/micromark-util-decode-string cache-miss
4613 silly fetch manifest micromark-util-normalize-identifier@^2.0.0
4614 silly packumentCache full:https://registry.npmjs.org/micromark-util-normalize-identifier cache-miss
4615 silly fetch manifest mdast-util-find-and-replace@^3.0.0
4616 silly packumentCache full:https://registry.npmjs.org/mdast-util-find-and-replace cache-miss
4617 silly fetch manifest micromark-util-normalize-identifier@^2.0.0
4618 silly packumentCache full:https://registry.npmjs.org/micromark-util-normalize-identifier cache-miss
4619 silly fetch manifest markdown-table@^3.0.0
4620 silly packumentCache full:https://registry.npmjs.org/markdown-table cache-miss
4621 silly fetch manifest longest-streak@^3.0.0
4622 silly packumentCache full:https://registry.npmjs.org/longest-streak cache-miss
4623 silly fetch manifest micromark-util-classify-character@^2.0.0
4624 silly packumentCache full:https://registry.npmjs.org/micromark-util-classify-character cache-miss
4625 silly fetch manifest micromark-util-decode-string@^2.0.0
4626 silly packumentCache full:https://registry.npmjs.org/micromark-util-decode-string cache-miss
4627 http fetch GET 200 https://registry.npmjs.org/micromark-util-decode-numeric-character-reference 28ms (cache miss)
4628 silly packumentCache full:https://registry.npmjs.org/micromark-util-decode-numeric-character-reference set size:undefined disposed:false
4629 http fetch GET 200 https://registry.npmjs.org/micromark-util-decode-string 37ms (cache miss)
4630 silly packumentCache full:https://registry.npmjs.org/micromark-util-decode-string set size:undefined disposed:false
4631 http fetch GET 200 https://registry.npmjs.org/micromark-util-classify-character 36ms (cache miss)
4632 silly packumentCache full:https://registry.npmjs.org/micromark-util-classify-character set size:undefined disposed:false
4633 http fetch GET 200 https://registry.npmjs.org/micromark-util-decode-string 36ms (cache miss)
4634 silly packumentCache full:https://registry.npmjs.org/micromark-util-decode-string set size:undefined disposed:false
4635 http fetch GET 200 https://registry.npmjs.org/micromark-util-normalize-identifier 351ms (cache miss)
4636 silly packumentCache full:https://registry.npmjs.org/micromark-util-normalize-identifier set size:undefined disposed:false
4637 http fetch GET 200 https://registry.npmjs.org/mdast-util-find-and-replace 353ms (cache miss)
4638 silly packumentCache full:https://registry.npmjs.org/mdast-util-find-and-replace set size:undefined disposed:false
4639 http fetch GET 200 https://registry.npmjs.org/markdown-table 353ms (cache miss)
4640 silly packumentCache full:https://registry.npmjs.org/markdown-table set size:undefined disposed:false
4641 http fetch GET 200 https://registry.npmjs.org/micromark-util-normalize-identifier 355ms (cache miss)
4642 silly packumentCache full:https://registry.npmjs.org/micromark-util-normalize-identifier set size:undefined disposed:false
4643 http fetch GET 200 https://registry.npmjs.org/longest-streak 354ms (cache miss)
4644 silly packumentCache full:https://registry.npmjs.org/longest-streak set size:undefined disposed:false
4645 http fetch GET 200 https://registry.npmjs.org/decode-named-character-reference 358ms (cache miss)
4646 silly packumentCache full:https://registry.npmjs.org/decode-named-character-reference set size:undefined disposed:false
4647 http fetch GET 200 https://registry.npmjs.org/micromark 429ms (cache miss)
4648 silly packumentCache full:https://registry.npmjs.org/micromark set size:undefined disposed:false
4649 silly placeDep ROOT decode-named-character-reference@1.3.0 OK for: mdast-util-from-markdown@2.0.3 want: ^1.0.0
4650 silly placeDep ROOT micromark@4.0.2 OK for: mdast-util-from-markdown@2.0.3 want: ^4.0.0
4651 silly placeDep ROOT micromark-util-decode-numeric-character-reference@2.0.2 OK for: mdast-util-from-markdown@2.0.3 want: ^2.0.0
4652 silly placeDep ROOT micromark-util-decode-string@2.0.1 OK for: mdast-util-from-markdown@2.0.3 want: ^2.0.0
4653 silly placeDep ROOT micromark-util-normalize-identifier@2.0.1 OK for: mdast-util-from-markdown@2.0.3 want: ^2.0.0
4654 silly placeDep ROOT unist-util-stringify-position@4.0.0 OK for: mdast-util-from-markdown@2.0.3 want: ^4.0.0
4655 silly fetch manifest character-entities@^2.0.0
4656 silly packumentCache full:https://registry.npmjs.org/character-entities cache-miss
4657 silly fetch manifest @types/debug@^4.0.0
4658 silly packumentCache full:https://registry.npmjs.org/@types%2fdebug cache-miss
4659 silly fetch manifest micromark-core-commonmark@^2.0.0
4660 silly packumentCache full:https://registry.npmjs.org/micromark-core-commonmark cache-miss
4661 silly fetch manifest micromark-factory-space@^2.0.0
4662 silly packumentCache full:https://registry.npmjs.org/micromark-factory-space cache-miss
4663 silly fetch manifest micromark-util-chunked@^2.0.0
4664 silly packumentCache full:https://registry.npmjs.org/micromark-util-chunked cache-miss
4665 silly fetch manifest micromark-util-resolve-all@^2.0.0
4666 silly packumentCache full:https://registry.npmjs.org/micromark-util-resolve-all cache-miss
4667 silly fetch manifest micromark-util-subtokenize@^2.0.0
4668 silly packumentCache full:https://registry.npmjs.org/micromark-util-subtokenize cache-miss
4669 http fetch GET 200 https://registry.npmjs.org/micromark-util-resolve-all 93ms (cache miss)
4670 silly packumentCache full:https://registry.npmjs.org/micromark-util-resolve-all set size:undefined disposed:false
4671 http fetch GET 200 https://registry.npmjs.org/micromark-util-subtokenize 93ms (cache miss)
4672 silly packumentCache full:https://registry.npmjs.org/micromark-util-subtokenize set size:undefined disposed:false
4673 http fetch GET 200 https://registry.npmjs.org/micromark-util-chunked 95ms (cache miss)
4674 silly packumentCache full:https://registry.npmjs.org/micromark-util-chunked set size:undefined disposed:false
4675 http fetch GET 200 https://registry.npmjs.org/character-entities 97ms (cache miss)
4676 silly packumentCache full:https://registry.npmjs.org/character-entities set size:undefined disposed:false
4677 http fetch GET 200 https://registry.npmjs.org/micromark-core-commonmark 98ms (cache miss)
4678 silly packumentCache full:https://registry.npmjs.org/micromark-core-commonmark set size:undefined disposed:false
4679 http fetch GET 200 https://registry.npmjs.org/@types%2fdebug 99ms (cache miss)
4680 silly packumentCache full:https://registry.npmjs.org/@types%2fdebug set size:undefined disposed:false
4681 http fetch GET 200 https://registry.npmjs.org/micromark-factory-space 287ms (cache miss)
4682 silly packumentCache full:https://registry.npmjs.org/micromark-factory-space set size:undefined disposed:false
4683 silly placeDep ROOT character-entities@2.0.2 OK for: decode-named-character-reference@1.3.0 want: ^2.0.0
4684 silly placeDep ROOT mdast-util-find-and-replace@3.0.2 OK for: mdast-util-gfm-autolink-literal@2.0.1 want: ^3.0.0
4685 silly fetch manifest escape-string-regexp@^5.0.0
4686 silly packumentCache full:https://registry.npmjs.org/escape-string-regexp cache-miss
4687 http cache https://registry.npmjs.org/escape-string-regexp 2ms (cache hit)
4688 silly packumentCache full:https://registry.npmjs.org/escape-string-regexp set size:22244 disposed:false
4689 silly placeDep node_modules/mdast-util-find-and-replace escape-string-regexp@5.0.0 OK for: mdast-util-find-and-replace@3.0.2 want: ^5.0.0
4690 silly placeDep ROOT markdown-table@3.0.4 OK for: mdast-util-gfm-table@2.0.0 want: ^3.0.0
4691 silly placeDep ROOT longest-streak@3.1.0 OK for: mdast-util-to-markdown@2.1.2 want: ^3.0.0
4692 silly placeDep ROOT micromark-util-classify-character@2.0.1 OK for: mdast-util-to-markdown@2.1.2 want: ^2.0.0
4693 silly placeDep ROOT @types/debug@4.1.13 OK for: micromark@4.0.2 want: ^4.0.0
4694 silly placeDep ROOT micromark-core-commonmark@2.0.3 OK for: micromark@4.0.2 want: ^2.0.0
4695 silly placeDep ROOT micromark-factory-space@2.0.1 OK for: micromark@4.0.2 want: ^2.0.0
4696 silly placeDep ROOT micromark-util-chunked@2.0.1 OK for: micromark@4.0.2 want: ^2.0.0
4697 silly placeDep ROOT micromark-util-combine-extensions@2.0.1 OK for: micromark@4.0.2 want: ^2.0.0
4698 silly placeDep ROOT micromark-util-resolve-all@2.0.1 OK for: micromark@4.0.2 want: ^2.0.0
4699 silly placeDep ROOT micromark-util-subtokenize@2.1.0 OK for: micromark@4.0.2 want: ^2.0.0
4700 silly fetch manifest micromark-factory-destination@^2.0.0
4701 silly packumentCache full:https://registry.npmjs.org/micromark-factory-destination cache-miss
4702 silly fetch manifest micromark-factory-label@^2.0.0
4703 silly packumentCache full:https://registry.npmjs.org/micromark-factory-label cache-miss
4704 silly fetch manifest micromark-factory-title@^2.0.0
4705 silly packumentCache full:https://registry.npmjs.org/micromark-factory-title cache-miss
4706 silly fetch manifest micromark-factory-whitespace@^2.0.0
4707 silly packumentCache full:https://registry.npmjs.org/micromark-factory-whitespace cache-miss
4708 silly fetch manifest micromark-util-html-tag-name@^2.0.0
4709 silly packumentCache full:https://registry.npmjs.org/micromark-util-html-tag-name cache-miss
4710 http fetch GET 200 https://registry.npmjs.org/micromark-factory-destination 35ms (cache miss)
4711 silly packumentCache full:https://registry.npmjs.org/micromark-factory-destination set size:undefined disposed:false
4712 http fetch GET 200 https://registry.npmjs.org/micromark-util-html-tag-name 35ms (cache miss)
4713 silly packumentCache full:https://registry.npmjs.org/micromark-util-html-tag-name set size:undefined disposed:false
4714 http fetch GET 200 https://registry.npmjs.org/micromark-factory-whitespace 35ms (cache miss)
4715 silly packumentCache full:https://registry.npmjs.org/micromark-factory-whitespace set size:undefined disposed:false
4716 http fetch GET 200 https://registry.npmjs.org/micromark-factory-label 414ms (cache miss)
4717 silly packumentCache full:https://registry.npmjs.org/micromark-factory-label set size:undefined disposed:false
4718 http fetch GET 200 https://registry.npmjs.org/micromark-factory-title 413ms (cache miss)
4719 silly packumentCache full:https://registry.npmjs.org/micromark-factory-title set size:undefined disposed:false
4720 silly placeDep ROOT micromark-factory-destination@2.0.1 OK for: micromark-core-commonmark@2.0.3 want: ^2.0.0
4721 silly placeDep ROOT micromark-factory-label@2.0.1 OK for: micromark-core-commonmark@2.0.3 want: ^2.0.0
4722 silly placeDep ROOT micromark-factory-title@2.0.1 OK for: micromark-core-commonmark@2.0.3 want: ^2.0.0
4723 silly placeDep ROOT micromark-factory-whitespace@2.0.1 OK for: micromark-core-commonmark@2.0.3 want: ^2.0.0
4724 silly placeDep ROOT micromark-util-html-tag-name@2.0.1 OK for: micromark-core-commonmark@2.0.3 want: ^2.0.0
4725 silly placeDep ROOT micromark-extension-gfm-autolink-literal@2.1.0 OK for: micromark-extension-gfm@3.0.0 want: ^2.0.0
4726 silly placeDep ROOT micromark-extension-gfm-footnote@2.1.0 OK for: micromark-extension-gfm@3.0.0 want: ^2.0.0
4727 silly placeDep ROOT micromark-extension-gfm-strikethrough@2.1.0 OK for: micromark-extension-gfm@3.0.0 want: ^2.0.0
4728 silly placeDep ROOT micromark-extension-gfm-table@2.1.1 OK for: micromark-extension-gfm@3.0.0 want: ^2.0.0
4729 silly placeDep ROOT micromark-extension-gfm-tagfilter@2.0.0 OK for: micromark-extension-gfm@3.0.0 want: ^2.0.0
4730 silly placeDep ROOT micromark-extension-gfm-task-list-item@2.1.0 OK for: micromark-extension-gfm@3.0.0 want: ^2.0.0
4731 silly placeDep ROOT node-exports-info@1.6.0 OK for: resolve@2.0.0-next.7 want: ^1.6.0
4732 silly placeDep ROOT path-parse@1.0.7 OK for: resolve@2.0.0-next.7 want: ^1.0.7
4733 silly placeDep ROOT supports-preserve-symlinks-flag@1.0.0 OK for: resolve@2.0.0-next.7 want: ^1.0.0
4734 silly placeDep ROOT queue-microtask@1.2.3 OK for: run-parallel@1.2.0 want: ^1.2.2
4735 silly placeDep ROOT isarray@2.0.5 OK for: safe-array-concat@1.1.4 want: ^2.0.5
4736 silly placeDep ROOT @img/colour@1.1.0 OK for: sharp@0.34.5 want: ^1.0.0
4737 silly placeDep ROOT @img/sharp-darwin-arm64@0.34.5 OK for: sharp@0.34.5 want: 0.34.5
4738 silly placeDep ROOT @img/sharp-darwin-x64@0.34.5 OK for: sharp@0.34.5 want: 0.34.5
4739 silly placeDep ROOT @img/sharp-libvips-darwin-arm64@1.2.4 OK for: sharp@0.34.5 want: 1.2.4
4740 silly placeDep ROOT @img/sharp-libvips-darwin-x64@1.2.4 OK for: sharp@0.34.5 want: 1.2.4
4741 silly placeDep ROOT @img/sharp-libvips-linux-arm@1.2.4 OK for: sharp@0.34.5 want: 1.2.4
4742 silly placeDep ROOT @img/sharp-libvips-linux-arm64@1.2.4 OK for: sharp@0.34.5 want: 1.2.4
4743 silly placeDep ROOT @img/sharp-libvips-linux-ppc64@1.2.4 OK for: sharp@0.34.5 want: 1.2.4
4744 silly placeDep ROOT @img/sharp-libvips-linux-riscv64@1.2.4 OK for: sharp@0.34.5 want: 1.2.4
4745 silly placeDep ROOT @img/sharp-libvips-linux-s390x@1.2.4 OK for: sharp@0.34.5 want: 1.2.4
4746 silly placeDep ROOT @img/sharp-libvips-linux-x64@1.2.4 OK for: sharp@0.34.5 want: 1.2.4
4747 silly placeDep ROOT @img/sharp-libvips-linuxmusl-arm64@1.2.4 OK for: sharp@0.34.5 want: 1.2.4
4748 silly placeDep ROOT @img/sharp-libvips-linuxmusl-x64@1.2.4 OK for: sharp@0.34.5 want: 1.2.4
4749 silly placeDep ROOT @img/sharp-linux-arm@0.34.5 OK for: sharp@0.34.5 want: 0.34.5
4750 silly placeDep ROOT @img/sharp-linux-arm64@0.34.5 OK for: sharp@0.34.5 want: 0.34.5
4751 silly placeDep ROOT @img/sharp-linux-ppc64@0.34.5 OK for: sharp@0.34.5 want: 0.34.5
4752 silly placeDep ROOT @img/sharp-linux-riscv64@0.34.5 OK for: sharp@0.34.5 want: 0.34.5
4753 silly placeDep ROOT @img/sharp-linux-s390x@0.34.5 OK for: sharp@0.34.5 want: 0.34.5
4754 silly placeDep ROOT @img/sharp-linux-x64@0.34.5 OK for: sharp@0.34.5 want: 0.34.5
4755 silly placeDep ROOT @img/sharp-linuxmusl-arm64@0.34.5 OK for: sharp@0.34.5 want: 0.34.5
4756 silly placeDep ROOT @img/sharp-linuxmusl-x64@0.34.5 OK for: sharp@0.34.5 want: 0.34.5
4757 silly placeDep ROOT @img/sharp-wasm32@0.34.5 OK for: sharp@0.34.5 want: 0.34.5
4758 silly placeDep ROOT @img/sharp-win32-arm64@0.34.5 OK for: sharp@0.34.5 want: 0.34.5
4759 silly placeDep ROOT @img/sharp-win32-ia32@0.34.5 OK for: sharp@0.34.5 want: 0.34.5
4760 silly placeDep ROOT @img/sharp-win32-x64@0.34.5 OK for: sharp@0.34.5 want: 0.34.5
4761 silly placeDep node_modules/sharp semver@7.8.0 OK for: sharp@0.34.5 want: ^7.7.3
4762 silly fetch manifest @emnapi/runtime@^1.7.0
4763 silly packumentCache full:https://registry.npmjs.org/@emnapi%2fruntime cache-miss
4764 http fetch GET 200 https://registry.npmjs.org/@emnapi%2fruntime 44ms (cache miss)
4765 silly packumentCache full:https://registry.npmjs.org/@emnapi%2fruntime set size:undefined disposed:false
4766 silly placeDep ROOT @emnapi/runtime@1.10.0 OK for: @img/sharp-wasm32@0.34.5 want: ^1.7.0
4767 silly placeDep ROOT shebang-regex@3.0.0 OK for: shebang-command@2.0.0 want: ^3.0.0
4768 silly placeDep ROOT side-channel-list@1.0.1 OK for: side-channel@1.1.0 want: ^1.0.0
4769 silly placeDep ROOT side-channel-map@1.0.1 OK for: side-channel@1.1.0 want: ^1.0.1
4770 silly placeDep ROOT side-channel-weakmap@1.0.2 OK for: side-channel@1.1.0 want: ^1.0.2
4771 silly placeDep ROOT decompress-response@6.0.0 OK for: simple-get@4.0.1 want: ^6.0.0
4772 silly placeDep ROOT simple-concat@1.0.1 OK for: simple-get@4.0.1 want: ^1.0.0
4773 silly fetch manifest mimic-response@^3.1.0
4774 silly packumentCache full:https://registry.npmjs.org/mimic-response cache-miss
4775 http fetch GET 200 https://registry.npmjs.org/mimic-response 37ms (cache miss)
4776 silly packumentCache full:https://registry.npmjs.org/mimic-response set size:undefined disposed:false
4777 silly placeDep ROOT mimic-response@3.1.0 OK for: decompress-response@6.0.0 want: ^3.1.0
4778 silly placeDep ROOT @napi-rs/snappy-android-arm-eabi@7.3.3 OK for: snappy@7.3.3 want: 7.3.3
4779 silly placeDep ROOT @napi-rs/snappy-android-arm64@7.3.3 OK for: snappy@7.3.3 want: 7.3.3
4780 silly placeDep ROOT @napi-rs/snappy-darwin-arm64@7.3.3 OK for: snappy@7.3.3 want: 7.3.3
4781 silly placeDep ROOT @napi-rs/snappy-darwin-x64@7.3.3 OK for: snappy@7.3.3 want: 7.3.3
4782 silly placeDep ROOT @napi-rs/snappy-freebsd-x64@7.3.3 OK for: snappy@7.3.3 want: 7.3.3
4783 silly placeDep ROOT @napi-rs/snappy-linux-arm-gnueabihf@7.3.3 OK for: snappy@7.3.3 want: 7.3.3
4784 silly placeDep ROOT @napi-rs/snappy-linux-arm64-gnu@7.3.3 OK for: snappy@7.3.3 want: 7.3.3
4785 silly placeDep ROOT @napi-rs/snappy-linux-arm64-musl@7.3.3 OK for: snappy@7.3.3 want: 7.3.3
4786 silly placeDep ROOT @napi-rs/snappy-linux-ppc64-gnu@7.3.3 OK for: snappy@7.3.3 want: 7.3.3
4787 silly placeDep ROOT @napi-rs/snappy-linux-riscv64-gnu@7.3.3 OK for: snappy@7.3.3 want: 7.3.3
4788 silly placeDep ROOT @napi-rs/snappy-linux-s390x-gnu@7.3.3 OK for: snappy@7.3.3 want: 7.3.3
4789 silly placeDep ROOT @napi-rs/snappy-linux-x64-gnu@7.3.3 OK for: snappy@7.3.3 want: 7.3.3
4790 silly placeDep ROOT @napi-rs/snappy-linux-x64-musl@7.3.3 OK for: snappy@7.3.3 want: 7.3.3
4791 silly placeDep ROOT @napi-rs/snappy-openharmony-arm64@7.3.3 OK for: snappy@7.3.3 want: 7.3.3
4792 silly placeDep ROOT @napi-rs/snappy-wasm32-wasi@7.3.3 OK for: snappy@7.3.3 want: 7.3.3
4793 silly placeDep ROOT @napi-rs/snappy-win32-arm64-msvc@7.3.3 OK for: snappy@7.3.3 want: 7.3.3
4794 silly placeDep ROOT @napi-rs/snappy-win32-ia32-msvc@7.3.3 OK for: snappy@7.3.3 want: 7.3.3
4795 silly placeDep ROOT @napi-rs/snappy-win32-x64-msvc@7.3.3 OK for: snappy@7.3.3 want: 7.3.3
4796 silly fetch manifest @napi-rs/wasm-runtime@^1.0.3
4797 silly packumentCache full:https://registry.npmjs.org/@napi-rs%2fwasm-runtime cache-miss
4798 http fetch GET 200 https://registry.npmjs.org/@napi-rs%2fwasm-runtime 47ms (cache miss)
4799 silly packumentCache full:https://registry.npmjs.org/@napi-rs%2fwasm-runtime set size:undefined disposed:false
4800 silly fetch manifest @emnapi/core@^1.7.1
4801 silly packumentCache full:https://registry.npmjs.org/@emnapi%2fcore cache-miss
4802 http fetch GET 200 https://registry.npmjs.org/@emnapi%2fcore 43ms (cache miss)
4803 silly packumentCache full:https://registry.npmjs.org/@emnapi%2fcore set size:undefined disposed:false
4804 silly fetch manifest @emnapi/runtime@^1.7.1
4805 silly packumentCache full:https://registry.npmjs.org/@emnapi%2fruntime cache-miss
4806 http cache https://registry.npmjs.org/@emnapi%2fruntime 3ms (cache hit)
4807 silly packumentCache full:https://registry.npmjs.org/@emnapi%2fruntime set size:108129 disposed:false
4808 silly placeDep ROOT @napi-rs/wasm-runtime@1.1.4 OK for: @napi-rs/snappy-wasm32-wasi@7.3.3 want: ^1.0.3
4809 silly placeDep ROOT @emnapi/core@1.10.0 OK for: @napi-rs/wasm-runtime@1.1.4 want: ^1.7.1
4810 silly fetch manifest @tybys/wasm-util@^0.10.1
4811 silly packumentCache full:https://registry.npmjs.org/@tybys%2fwasm-util cache-miss
4812 silly fetch manifest @emnapi/wasi-threads@1.2.1
4813 silly packumentCache full:https://registry.npmjs.org/@emnapi%2fwasi-threads cache-miss
4814 http fetch GET 200 https://registry.npmjs.org/@emnapi%2fwasi-threads 44ms (cache miss)
4815 silly packumentCache full:https://registry.npmjs.org/@emnapi%2fwasi-threads set size:undefined disposed:false
4816 http fetch GET 200 https://registry.npmjs.org/@tybys%2fwasm-util 339ms (cache miss)
4817 silly packumentCache full:https://registry.npmjs.org/@tybys%2fwasm-util set size:undefined disposed:false
4818 silly placeDep ROOT @emnapi/wasi-threads@1.2.1 OK for: @emnapi/core@1.10.0 want: 1.2.1
4819 silly placeDep ROOT @tybys/wasm-util@0.10.2 OK for: @napi-rs/wasm-runtime@1.1.4 want: ^0.10.1
4820 silly placeDep ROOT character-entities-html4@2.1.0 OK for: stringify-entities@4.0.4 want: ^2.0.0
4821 silly placeDep ROOT character-entities-legacy@3.0.0 OK for: stringify-entities@4.0.4 want: ^3.0.0
4822 silly placeDep ROOT client-only@0.0.1 OK for: styled-jsx@5.1.6 want: 0.0.1
4823 silly placeDep ROOT has-flag@4.0.0 OK for: supports-color@7.2.0 want: ^4.0.0
4824 silly placeDep ROOT chownr@1.1.4 OK for: tar-fs@2.1.4 want: ^1.1.1
4825 silly placeDep ROOT tar-stream@2.2.0 OK for: tar-fs@2.1.4 want: ^2.1.4
4826 silly fetch manifest bl@^4.0.3
4827 silly packumentCache full:https://registry.npmjs.org/bl cache-miss
4828 silly fetch manifest inherits@^2.0.3
4829 silly packumentCache full:https://registry.npmjs.org/inherits cache-miss
4830 silly fetch manifest fs-constants@^1.0.0
4831 silly packumentCache full:https://registry.npmjs.org/fs-constants cache-miss
4832 silly fetch manifest readable-stream@^3.1.1
4833 silly packumentCache full:https://registry.npmjs.org/readable-stream cache-miss
4834 http fetch GET 200 https://registry.npmjs.org/fs-constants 25ms (cache miss)
4835 silly packumentCache full:https://registry.npmjs.org/fs-constants set size:undefined disposed:false
4836 http fetch GET 200 https://registry.npmjs.org/inherits 27ms (cache miss)
4837 silly packumentCache full:https://registry.npmjs.org/inherits set size:undefined disposed:false
4838 http fetch GET 200 https://registry.npmjs.org/bl 41ms (cache miss)
4839 silly packumentCache full:https://registry.npmjs.org/bl set size:undefined disposed:false
4840 http fetch GET 200 https://registry.npmjs.org/readable-stream 44ms (cache miss)
4841 silly packumentCache full:https://registry.npmjs.org/readable-stream set size:undefined disposed:false
4842 silly placeDep ROOT bl@4.1.0 OK for: tar-stream@2.2.0 want: ^4.0.3
4843 silly placeDep ROOT fs-constants@1.0.0 OK for: tar-stream@2.2.0 want: ^1.0.0
4844 silly placeDep ROOT inherits@2.0.4 OK for: tar-stream@2.2.0 want: ^2.0.3
4845 silly placeDep ROOT readable-stream@3.6.2 OK for: tar-stream@2.2.0 want: ^3.1.1
4846 silly fetch manifest buffer@^5.5.0
4847 silly packumentCache full:https://registry.npmjs.org/buffer cache-miss
4848 silly fetch manifest inherits@^2.0.4
4849 silly packumentCache full:https://registry.npmjs.org/inherits cache-miss
4850 silly fetch manifest readable-stream@^3.4.0
4851 silly packumentCache full:https://registry.npmjs.org/readable-stream cache-miss
4852 silly fetch manifest string_decoder@^1.1.1
4853 silly packumentCache full:https://registry.npmjs.org/string_decoder cache-miss
4854 silly fetch manifest util-deprecate@^1.0.1
4855 silly packumentCache full:https://registry.npmjs.org/util-deprecate cache-miss
4856 http cache https://registry.npmjs.org/inherits 4ms (cache hit)
4857 silly packumentCache full:https://registry.npmjs.org/inherits set size:12925 disposed:false
4858 http cache https://registry.npmjs.org/readable-stream 5ms (cache hit)
4859 silly packumentCache full:https://registry.npmjs.org/readable-stream set size:261096 disposed:false
4860 http fetch GET 200 https://registry.npmjs.org/string_decoder 29ms (cache miss)
4861 silly packumentCache full:https://registry.npmjs.org/string_decoder set size:undefined disposed:false
4862 http fetch GET 200 https://registry.npmjs.org/buffer 33ms (cache miss)
4863 silly packumentCache full:https://registry.npmjs.org/buffer set size:undefined disposed:false
4864 http fetch GET 200 https://registry.npmjs.org/util-deprecate 303ms (cache miss)
4865 silly packumentCache full:https://registry.npmjs.org/util-deprecate set size:undefined disposed:false
4866 silly placeDep ROOT buffer@5.7.1 OK for: bl@4.1.0 want: ^5.5.0
4867 silly fetch manifest base64-js@^1.3.1
4868 silly packumentCache full:https://registry.npmjs.org/base64-js cache-miss
4869 silly fetch manifest ieee754@^1.1.13
4870 silly packumentCache full:https://registry.npmjs.org/ieee754 cache-miss
4871 http fetch GET 200 https://registry.npmjs.org/ieee754 30ms (cache miss)
4872 silly packumentCache full:https://registry.npmjs.org/ieee754 set size:undefined disposed:false
4873 http fetch GET 200 https://registry.npmjs.org/base64-js 35ms (cache miss)
4874 silly packumentCache full:https://registry.npmjs.org/base64-js set size:undefined disposed:false
4875 silly placeDep ROOT base64-js@1.5.1 OK for: buffer@5.7.1 want: ^1.3.1
4876 silly placeDep ROOT ieee754@1.2.1 OK for: buffer@5.7.1 want: ^1.1.13
4877 silly placeDep ROOT string_decoder@1.3.0 OK for: readable-stream@3.6.2 want: ^1.1.1
4878 silly placeDep ROOT util-deprecate@1.0.2 OK for: readable-stream@3.6.2 want: ^1.0.1
4879 silly placeDep node_modules/tinyglobby fdir@6.5.0 OK for: tinyglobby@0.2.16 want: ^6.5.0
4880 silly placeDep node_modules/tinyglobby picomatch@4.0.4 OK for: fdir@6.5.0 want: ^3 || ^4
4881 silly placeDep ROOT is-number@7.0.0 OK for: to-regex-range@5.0.1 want: ^7.0.0
4882 silly placeDep ROOT @types/json5@0.0.29 OK for: tsconfig-paths@3.15.0 want: ^0.0.29
4883 silly placeDep node_modules/tsconfig-paths json5@1.0.2 OK for: tsconfig-paths@3.15.0 want: ^1.0.2
4884 silly placeDep ROOT strip-bom@3.0.0 OK for: tsconfig-paths@3.15.0 want: ^3.0.0
4885 silly placeDep ROOT esbuild@0.28.0 OK for: tsx@4.22.0 want: ~0.28.0
4886 silly placeDep ROOT fsevents@2.3.3 OK for: tsx@4.22.0 want: ~2.3.3
4887 silly fetch manifest @esbuild/aix-ppc64@0.28.0
4888 silly packumentCache full:https://registry.npmjs.org/@esbuild%2faix-ppc64 cache-miss
4889 silly fetch manifest @esbuild/android-arm@0.28.0
4890 silly packumentCache full:https://registry.npmjs.org/@esbuild%2fandroid-arm cache-miss
4891 silly fetch manifest @esbuild/android-arm64@0.28.0
4892 silly packumentCache full:https://registry.npmjs.org/@esbuild%2fandroid-arm64 cache-miss
4893 silly fetch manifest @esbuild/android-x64@0.28.0
4894 silly packumentCache full:https://registry.npmjs.org/@esbuild%2fandroid-x64 cache-miss
4895 silly fetch manifest @esbuild/darwin-arm64@0.28.0
4896 silly packumentCache full:https://registry.npmjs.org/@esbuild%2fdarwin-arm64 cache-miss
4897 silly fetch manifest @esbuild/darwin-x64@0.28.0
4898 silly packumentCache full:https://registry.npmjs.org/@esbuild%2fdarwin-x64 cache-miss
4899 silly fetch manifest @esbuild/freebsd-arm64@0.28.0
4900 silly packumentCache full:https://registry.npmjs.org/@esbuild%2ffreebsd-arm64 cache-miss
4901 silly fetch manifest @esbuild/freebsd-x64@0.28.0
4902 silly packumentCache full:https://registry.npmjs.org/@esbuild%2ffreebsd-x64 cache-miss
4903 silly fetch manifest @esbuild/linux-arm@0.28.0
4904 silly packumentCache full:https://registry.npmjs.org/@esbuild%2flinux-arm cache-miss
4905 silly fetch manifest @esbuild/linux-arm64@0.28.0
4906 silly packumentCache full:https://registry.npmjs.org/@esbuild%2flinux-arm64 cache-miss
4907 silly fetch manifest @esbuild/linux-ia32@0.28.0
4908 silly packumentCache full:https://registry.npmjs.org/@esbuild%2flinux-ia32 cache-miss
4909 silly fetch manifest @esbuild/linux-loong64@0.28.0
4910 silly packumentCache full:https://registry.npmjs.org/@esbuild%2flinux-loong64 cache-miss
4911 silly fetch manifest @esbuild/linux-mips64el@0.28.0
4912 silly packumentCache full:https://registry.npmjs.org/@esbuild%2flinux-mips64el cache-miss
4913 silly fetch manifest @esbuild/linux-ppc64@0.28.0
4914 silly packumentCache full:https://registry.npmjs.org/@esbuild%2flinux-ppc64 cache-miss
4915 silly fetch manifest @esbuild/linux-riscv64@0.28.0
4916 silly packumentCache full:https://registry.npmjs.org/@esbuild%2flinux-riscv64 cache-miss
4917 http fetch GET 200 https://registry.npmjs.org/@esbuild%2flinux-arm 67ms (cache miss)
4918 silly packumentCache full:https://registry.npmjs.org/@esbuild%2flinux-arm set size:undefined disposed:false
4919 silly fetch manifest @esbuild/linux-s390x@0.28.0
4920 silly packumentCache full:https://registry.npmjs.org/@esbuild%2flinux-s390x cache-miss
4921 http fetch GET 200 https://registry.npmjs.org/@esbuild%2fdarwin-x64 76ms (cache miss)
4922 silly packumentCache full:https://registry.npmjs.org/@esbuild%2fdarwin-x64 set size:undefined disposed:false
4923 silly fetch manifest @esbuild/linux-x64@0.28.0
4924 silly packumentCache full:https://registry.npmjs.org/@esbuild%2flinux-x64 cache-miss
4925 http fetch GET 200 https://registry.npmjs.org/@esbuild%2fandroid-arm64 87ms (cache miss)
4926 silly packumentCache full:https://registry.npmjs.org/@esbuild%2fandroid-arm64 set size:undefined disposed:false
4927 silly fetch manifest @esbuild/netbsd-arm64@0.28.0
4928 silly packumentCache full:https://registry.npmjs.org/@esbuild%2fnetbsd-arm64 cache-miss
4929 http fetch GET 200 https://registry.npmjs.org/@esbuild%2flinux-ia32 86ms (cache miss)
4930 silly packumentCache full:https://registry.npmjs.org/@esbuild%2flinux-ia32 set size:undefined disposed:false
4931 silly fetch manifest @esbuild/netbsd-x64@0.28.0
4932 silly packumentCache full:https://registry.npmjs.org/@esbuild%2fnetbsd-x64 cache-miss
4933 http fetch GET 200 https://registry.npmjs.org/@esbuild%2fandroid-arm 96ms (cache miss)
4934 silly packumentCache full:https://registry.npmjs.org/@esbuild%2fandroid-arm set size:undefined disposed:false
4935 silly fetch manifest @esbuild/openbsd-arm64@0.28.0
4936 silly packumentCache full:https://registry.npmjs.org/@esbuild%2fopenbsd-arm64 cache-miss
4937 http fetch GET 200 https://registry.npmjs.org/@esbuild%2fdarwin-arm64 101ms (cache miss)
4938 silly packumentCache full:https://registry.npmjs.org/@esbuild%2fdarwin-arm64 set size:undefined disposed:false
4939 silly fetch manifest @esbuild/openbsd-x64@0.28.0
4940 silly packumentCache full:https://registry.npmjs.org/@esbuild%2fopenbsd-x64 cache-miss
4941 http fetch GET 200 https://registry.npmjs.org/@esbuild%2flinux-x64 71ms (cache miss)
4942 silly packumentCache full:https://registry.npmjs.org/@esbuild%2flinux-x64 set size:undefined disposed:false
4943 silly fetch manifest @esbuild/openharmony-arm64@0.28.0
4944 silly packumentCache full:https://registry.npmjs.org/@esbuild%2fopenharmony-arm64 cache-miss
4945 http fetch GET 200 https://registry.npmjs.org/@esbuild%2fopenbsd-x64 85ms (cache miss)
4946 silly packumentCache full:https://registry.npmjs.org/@esbuild%2fopenbsd-x64 set size:undefined disposed:false
4947 silly fetch manifest @esbuild/sunos-x64@0.28.0
4948 silly packumentCache full:https://registry.npmjs.org/@esbuild%2fsunos-x64 cache-miss
4949 http fetch GET 200 https://registry.npmjs.org/@esbuild%2faix-ppc64 199ms (cache miss)
4950 silly packumentCache full:https://registry.npmjs.org/@esbuild%2faix-ppc64 set size:undefined disposed:false
4951 silly fetch manifest @esbuild/win32-arm64@0.28.0
4952 silly packumentCache full:https://registry.npmjs.org/@esbuild%2fwin32-arm64 cache-miss
4953 http fetch GET 200 https://registry.npmjs.org/@esbuild%2fwin32-arm64 103ms (cache miss)
4954 silly packumentCache full:https://registry.npmjs.org/@esbuild%2fwin32-arm64 set size:undefined disposed:false
4955 silly fetch manifest @esbuild/win32-ia32@0.28.0
4956 silly packumentCache full:https://registry.npmjs.org/@esbuild%2fwin32-ia32 cache-miss
4957 http fetch GET 200 https://registry.npmjs.org/@esbuild%2ffreebsd-x64 313ms (cache miss)
4958 silly packumentCache full:https://registry.npmjs.org/@esbuild%2ffreebsd-x64 set size:undefined disposed:false
4959 silly fetch manifest @esbuild/win32-x64@0.28.0
4960 silly packumentCache full:https://registry.npmjs.org/@esbuild%2fwin32-x64 cache-miss
4961 http fetch GET 200 https://registry.npmjs.org/@esbuild%2flinux-ppc64 322ms (cache miss)
4962 silly packumentCache full:https://registry.npmjs.org/@esbuild%2flinux-ppc64 set size:undefined disposed:false
4963 http fetch GET 200 https://registry.npmjs.org/@esbuild%2ffreebsd-arm64 328ms (cache miss)
4964 silly packumentCache full:https://registry.npmjs.org/@esbuild%2ffreebsd-arm64 set size:undefined disposed:false
4965 http fetch GET 200 https://registry.npmjs.org/@esbuild%2fandroid-x64 331ms (cache miss)
4966 silly packumentCache full:https://registry.npmjs.org/@esbuild%2fandroid-x64 set size:undefined disposed:false
4967 http fetch GET 200 https://registry.npmjs.org/@esbuild%2flinux-mips64el 334ms (cache miss)
4968 silly packumentCache full:https://registry.npmjs.org/@esbuild%2flinux-mips64el set size:undefined disposed:false
4969 http fetch GET 200 https://registry.npmjs.org/@esbuild%2flinux-arm64 343ms (cache miss)
4970 silly packumentCache full:https://registry.npmjs.org/@esbuild%2flinux-arm64 set size:undefined disposed:false
4971 http fetch GET 200 https://registry.npmjs.org/@esbuild%2fwin32-ia32 69ms (cache miss)
4972 silly packumentCache full:https://registry.npmjs.org/@esbuild%2fwin32-ia32 set size:undefined disposed:false
4973 http fetch GET 200 https://registry.npmjs.org/@esbuild%2fwin32-x64 72ms (cache miss)
4974 silly packumentCache full:https://registry.npmjs.org/@esbuild%2fwin32-x64 set size:undefined disposed:false
4975 http fetch GET 200 https://registry.npmjs.org/@esbuild%2fnetbsd-x64 313ms (cache miss)
4976 silly packumentCache full:https://registry.npmjs.org/@esbuild%2fnetbsd-x64 set size:undefined disposed:false
4977 http fetch GET 200 https://registry.npmjs.org/@esbuild%2fopenharmony-arm64 332ms (cache miss)
4978 silly packumentCache full:https://registry.npmjs.org/@esbuild%2fopenharmony-arm64 set size:undefined disposed:false
4979 http fetch GET 200 https://registry.npmjs.org/@esbuild%2fsunos-x64 320ms (cache miss)
4980 silly packumentCache full:https://registry.npmjs.org/@esbuild%2fsunos-x64 set size:undefined disposed:false
4981 http fetch GET 200 https://registry.npmjs.org/@esbuild%2fopenbsd-arm64 427ms (cache miss)
4982 silly packumentCache full:https://registry.npmjs.org/@esbuild%2fopenbsd-arm64 set size:undefined disposed:false
4983 http fetch GET 200 https://registry.npmjs.org/@esbuild%2flinux-s390x 460ms (cache miss)
4984 silly packumentCache full:https://registry.npmjs.org/@esbuild%2flinux-s390x set size:undefined disposed:false
4985 http fetch GET 200 https://registry.npmjs.org/@esbuild%2flinux-loong64 566ms (cache miss)
4986 silly packumentCache full:https://registry.npmjs.org/@esbuild%2flinux-loong64 set size:undefined disposed:false
4987 http fetch GET 200 https://registry.npmjs.org/@esbuild%2fnetbsd-arm64 511ms (cache miss)
4988 silly packumentCache full:https://registry.npmjs.org/@esbuild%2fnetbsd-arm64 set size:undefined disposed:false
4989 http fetch GET 200 https://registry.npmjs.org/@esbuild%2flinux-riscv64 742ms (cache miss)
4990 silly packumentCache full:https://registry.npmjs.org/@esbuild%2flinux-riscv64 set size:undefined disposed:false
4991 silly placeDep ROOT @esbuild/aix-ppc64@0.28.0 OK for: esbuild@0.28.0 want: 0.28.0
4992 silly placeDep ROOT @esbuild/android-arm@0.28.0 OK for: esbuild@0.28.0 want: 0.28.0
4993 silly placeDep ROOT @esbuild/android-arm64@0.28.0 OK for: esbuild@0.28.0 want: 0.28.0
4994 silly placeDep ROOT @esbuild/android-x64@0.28.0 OK for: esbuild@0.28.0 want: 0.28.0
4995 silly placeDep ROOT @esbuild/darwin-arm64@0.28.0 OK for: esbuild@0.28.0 want: 0.28.0
4996 silly placeDep ROOT @esbuild/darwin-x64@0.28.0 OK for: esbuild@0.28.0 want: 0.28.0
4997 silly placeDep ROOT @esbuild/freebsd-arm64@0.28.0 OK for: esbuild@0.28.0 want: 0.28.0
4998 silly placeDep ROOT @esbuild/freebsd-x64@0.28.0 OK for: esbuild@0.28.0 want: 0.28.0
4999 silly placeDep ROOT @esbuild/linux-arm@0.28.0 OK for: esbuild@0.28.0 want: 0.28.0
5000 silly placeDep ROOT @esbuild/linux-arm64@0.28.0 OK for: esbuild@0.28.0 want: 0.28.0
5001 silly placeDep ROOT @esbuild/linux-ia32@0.28.0 OK for: esbuild@0.28.0 want: 0.28.0
5002 silly placeDep ROOT @esbuild/linux-loong64@0.28.0 OK for: esbuild@0.28.0 want: 0.28.0
5003 silly placeDep ROOT @esbuild/linux-mips64el@0.28.0 OK for: esbuild@0.28.0 want: 0.28.0
5004 silly placeDep ROOT @esbuild/linux-ppc64@0.28.0 OK for: esbuild@0.28.0 want: 0.28.0
5005 silly placeDep ROOT @esbuild/linux-riscv64@0.28.0 OK for: esbuild@0.28.0 want: 0.28.0
5006 silly placeDep ROOT @esbuild/linux-s390x@0.28.0 OK for: esbuild@0.28.0 want: 0.28.0
5007 silly placeDep ROOT @esbuild/linux-x64@0.28.0 OK for: esbuild@0.28.0 want: 0.28.0
5008 silly placeDep ROOT @esbuild/netbsd-arm64@0.28.0 OK for: esbuild@0.28.0 want: 0.28.0
5009 silly placeDep ROOT @esbuild/netbsd-x64@0.28.0 OK for: esbuild@0.28.0 want: 0.28.0
5010 silly placeDep ROOT @esbuild/openbsd-arm64@0.28.0 OK for: esbuild@0.28.0 want: 0.28.0
5011 silly placeDep ROOT @esbuild/openbsd-x64@0.28.0 OK for: esbuild@0.28.0 want: 0.28.0
5012 silly placeDep ROOT @esbuild/openharmony-arm64@0.28.0 OK for: esbuild@0.28.0 want: 0.28.0
5013 silly placeDep ROOT @esbuild/sunos-x64@0.28.0 OK for: esbuild@0.28.0 want: 0.28.0
5014 silly placeDep ROOT @esbuild/win32-arm64@0.28.0 OK for: esbuild@0.28.0 want: 0.28.0
5015 silly placeDep ROOT @esbuild/win32-ia32@0.28.0 OK for: esbuild@0.28.0 want: 0.28.0
5016 silly placeDep ROOT @esbuild/win32-x64@0.28.0 OK for: esbuild@0.28.0 want: 0.28.0
5017 silly placeDep ROOT tagged-tag@1.0.0 OK for: type-fest@5.6.0 want: ^1.0.0
5018 silly placeDep ROOT for-each@0.3.5 OK for: typed-array-byte-length@1.0.3 want: ^0.3.3
5019 silly placeDep ROOT reflect.getprototypeof@1.0.10 OK for: typed-array-byte-offset@1.0.4 want: ^1.0.9
5020 silly fetch manifest which-builtin-type@^1.2.1
5021 silly packumentCache full:https://registry.npmjs.org/which-builtin-type cache-miss
5022 http fetch GET 200 https://registry.npmjs.org/which-builtin-type 30ms (cache miss)
5023 silly packumentCache full:https://registry.npmjs.org/which-builtin-type set size:undefined disposed:false
5024 silly placeDep ROOT which-builtin-type@1.2.1 OK for: reflect.getprototypeof@1.0.10 want: ^1.2.1
5025 silly fetch manifest is-async-function@^2.0.0
5026 silly packumentCache full:https://registry.npmjs.org/is-async-function cache-miss
5027 silly fetch manifest is-finalizationregistry@^1.1.0
5028 silly packumentCache full:https://registry.npmjs.org/is-finalizationregistry cache-miss
5029 silly fetch manifest is-generator-function@^1.0.10
5030 silly packumentCache full:https://registry.npmjs.org/is-generator-function cache-miss
5031 silly fetch manifest which-boxed-primitive@^1.1.0
5032 silly packumentCache full:https://registry.npmjs.org/which-boxed-primitive cache-miss
5033 silly fetch manifest which-collection@^1.0.2
5034 silly packumentCache full:https://registry.npmjs.org/which-collection cache-miss
5035 http cache https://registry.npmjs.org/which-boxed-primitive 8ms (cache hit)
5036 silly packumentCache full:https://registry.npmjs.org/which-boxed-primitive set size:19407 disposed:false
5037 http fetch GET 200 https://registry.npmjs.org/which-collection 28ms (cache miss)
5038 silly packumentCache full:https://registry.npmjs.org/which-collection set size:undefined disposed:false
5039 http fetch GET 200 https://registry.npmjs.org/is-finalizationregistry 30ms (cache miss)
5040 silly packumentCache full:https://registry.npmjs.org/is-finalizationregistry set size:undefined disposed:false
5041 http fetch GET 200 https://registry.npmjs.org/is-async-function 39ms (cache miss)
5042 silly packumentCache full:https://registry.npmjs.org/is-async-function set size:undefined disposed:false
5043 http fetch GET 200 https://registry.npmjs.org/is-generator-function 44ms (cache miss)
5044 silly packumentCache full:https://registry.npmjs.org/is-generator-function set size:undefined disposed:false
5045 silly fetch manifest eslint@^8.57.0 || ^9.0.0 || ^10.0.0
5046 silly packumentCache full:https://registry.npmjs.org/eslint cache-miss
5047 http cache https://registry.npmjs.org/eslint 10ms (cache hit)
5048 silly packumentCache full:https://registry.npmjs.org/eslint set size:1997485 disposed:false
5049 silly fetch manifest typescript@>=4.8.4 <6.1.0
5050 silly packumentCache full:https://registry.npmjs.org/typescript cache-miss
5051 http cache https://registry.npmjs.org/typescript 37ms (cache hit)
5052 silly packumentCache full:https://registry.npmjs.org/typescript set size:15409943 disposed:false
5053 silly placeDep ROOT @typescript-eslint/eslint-plugin@8.59.3 OK for: typescript-eslint@8.59.3 want: 8.59.3
5054 silly placeDep ROOT @typescript-eslint/parser@8.59.3 OK for: @typescript-eslint/eslint-plugin@8.59.3 want: ^8.59.3
5055 silly placeDep ROOT @typescript-eslint/typescript-estree@8.59.3 OK for: typescript-eslint@8.59.3 want: 8.59.3
5056 silly placeDep ROOT @typescript-eslint/utils@8.59.3 OK for: typescript-eslint@8.59.3 want: 8.59.3
5057 silly fetch manifest ignore@^7.0.5
5058 silly packumentCache full:https://registry.npmjs.org/ignore cache-miss
5059 silly fetch manifest ts-api-utils@^2.5.0
5060 silly packumentCache full:https://registry.npmjs.org/ts-api-utils cache-miss
5061 silly fetch manifest @typescript-eslint/type-utils@8.59.3
5062 silly packumentCache full:https://registry.npmjs.org/@typescript-eslint%2ftype-utils cache-miss
5063 silly fetch manifest @typescript-eslint/visitor-keys@8.59.3
5064 silly packumentCache full:https://registry.npmjs.org/@typescript-eslint%2fvisitor-keys cache-miss
5065 silly fetch manifest @typescript-eslint/scope-manager@8.59.3
5066 silly packumentCache full:https://registry.npmjs.org/@typescript-eslint%2fscope-manager cache-miss
5067 silly fetch manifest @typescript-eslint/types@8.59.3
5068 silly packumentCache full:https://registry.npmjs.org/@typescript-eslint%2ftypes cache-miss
5069 silly fetch manifest @typescript-eslint/visitor-keys@8.59.3
5070 silly packumentCache full:https://registry.npmjs.org/@typescript-eslint%2fvisitor-keys cache-miss
5071 silly fetch manifest @typescript-eslint/scope-manager@8.59.3
5072 silly packumentCache full:https://registry.npmjs.org/@typescript-eslint%2fscope-manager cache-miss
5073 silly fetch manifest minimatch@^10.2.2
5074 silly packumentCache full:https://registry.npmjs.org/minimatch cache-miss
5075 silly fetch manifest ts-api-utils@^2.5.0
5076 silly packumentCache full:https://registry.npmjs.org/ts-api-utils cache-miss
5077 silly fetch manifest @typescript-eslint/types@8.59.3
5078 silly packumentCache full:https://registry.npmjs.org/@typescript-eslint%2ftypes cache-miss
5079 silly fetch manifest @typescript-eslint/visitor-keys@8.59.3
5080 silly packumentCache full:https://registry.npmjs.org/@typescript-eslint%2fvisitor-keys cache-miss
5081 silly fetch manifest @typescript-eslint/tsconfig-utils@8.59.3
5082 silly packumentCache full:https://registry.npmjs.org/@typescript-eslint%2ftsconfig-utils cache-miss
5083 silly fetch manifest @typescript-eslint/project-service@8.59.3
5084 silly packumentCache full:https://registry.npmjs.org/@typescript-eslint%2fproject-service cache-miss
5085 silly fetch manifest @typescript-eslint/types@8.59.3
5086 silly packumentCache full:https://registry.npmjs.org/@typescript-eslint%2ftypes cache-miss
5087 http cache https://registry.npmjs.org/ignore 25ms (cache hit)
5088 silly packumentCache full:https://registry.npmjs.org/ignore set size:237380 disposed:false
5089 silly fetch manifest @typescript-eslint/scope-manager@8.59.3
5090 silly packumentCache full:https://registry.npmjs.org/@typescript-eslint%2fscope-manager cache-miss
5091 http cache https://registry.npmjs.org/minimatch 29ms (cache hit)
5092 silly packumentCache full:https://registry.npmjs.org/minimatch set size:375282 disposed:false
5093 http fetch GET 200 https://registry.npmjs.org/ts-api-utils 60ms (cache miss)
5094 silly packumentCache full:https://registry.npmjs.org/ts-api-utils set size:undefined disposed:false
5095 http fetch GET 200 https://registry.npmjs.org/ts-api-utils 99ms (cache miss)
5096 silly packumentCache full:https://registry.npmjs.org/ts-api-utils set size:undefined disposed:false
5097 http fetch GET 200 https://registry.npmjs.org/@typescript-eslint%2fproject-service 326ms (cache miss)
5098 silly packumentCache full:https://registry.npmjs.org/@typescript-eslint%2fproject-service set size:undefined disposed:false
5099 http fetch GET 200 https://registry.npmjs.org/@typescript-eslint%2ftsconfig-utils 340ms (cache miss)
5100 silly packumentCache full:https://registry.npmjs.org/@typescript-eslint%2ftsconfig-utils set size:undefined disposed:false
5101 http fetch GET 200 https://registry.npmjs.org/@typescript-eslint%2fscope-manager 1037ms (cache miss)
5102 silly packumentCache full:https://registry.npmjs.org/@typescript-eslint%2fscope-manager set size:undefined disposed:false
5103 http fetch GET 200 https://registry.npmjs.org/@typescript-eslint%2ftypes 1292ms (cache miss)
5104 silly packumentCache full:https://registry.npmjs.org/@typescript-eslint%2ftypes set size:undefined disposed:false
5105 http fetch GET 200 https://registry.npmjs.org/@typescript-eslint%2ftype-utils 1523ms (cache miss)
5106 silly packumentCache full:https://registry.npmjs.org/@typescript-eslint%2ftype-utils set size:undefined disposed:false
5107 http fetch GET 200 https://registry.npmjs.org/@typescript-eslint%2fvisitor-keys 1717ms (cache miss)
5108 silly packumentCache full:https://registry.npmjs.org/@typescript-eslint%2fvisitor-keys set size:undefined disposed:false
5109 http fetch GET 200 https://registry.npmjs.org/@typescript-eslint%2fvisitor-keys 1920ms (cache miss)
5110 silly packumentCache full:https://registry.npmjs.org/@typescript-eslint%2fvisitor-keys set size:undefined disposed:false
5111 http fetch GET 200 https://registry.npmjs.org/@typescript-eslint%2fvisitor-keys 2137ms (cache miss)
5112 silly packumentCache full:https://registry.npmjs.org/@typescript-eslint%2fvisitor-keys set size:undefined disposed:false
5113 http fetch GET 200 https://registry.npmjs.org/@typescript-eslint%2fscope-manager 2412ms (cache miss)
5114 silly packumentCache full:https://registry.npmjs.org/@typescript-eslint%2fscope-manager set size:undefined disposed:false
5115 http fetch GET 200 https://registry.npmjs.org/@typescript-eslint%2ftypes 2530ms (cache miss)
5116 silly packumentCache full:https://registry.npmjs.org/@typescript-eslint%2ftypes set size:undefined disposed:false
5117 http fetch GET 200 https://registry.npmjs.org/@typescript-eslint%2ftypes 2645ms (cache miss)
5118 silly packumentCache full:https://registry.npmjs.org/@typescript-eslint%2ftypes set size:undefined disposed:false
5119 http fetch GET 200 https://registry.npmjs.org/@typescript-eslint%2fscope-manager 2792ms (cache miss)
5120 silly packumentCache full:https://registry.npmjs.org/@typescript-eslint%2fscope-manager set size:undefined disposed:false
5121 silly placeDep ROOT @typescript-eslint/scope-manager@8.59.3 OK for: @typescript-eslint/eslint-plugin@8.59.3 want: 8.59.3
5122 silly placeDep ROOT @typescript-eslint/type-utils@8.59.3 OK for: @typescript-eslint/eslint-plugin@8.59.3 want: 8.59.3
5123 silly placeDep ROOT @typescript-eslint/visitor-keys@8.59.3 OK for: @typescript-eslint/eslint-plugin@8.59.3 want: 8.59.3
5124 silly placeDep node_modules/@typescript-eslint/eslint-plugin ignore@7.0.5 OK for: @typescript-eslint/eslint-plugin@8.59.3 want: ^7.0.5
5125 silly placeDep ROOT ts-api-utils@2.5.0 OK for: @typescript-eslint/eslint-plugin@8.59.3 want: ^2.5.0
5126 silly fetch manifest eslint-visitor-keys@^5.0.0
5127 silly packumentCache full:https://registry.npmjs.org/eslint-visitor-keys cache-hit
5128 silly placeDep ROOT @typescript-eslint/types@8.59.3 OK for: @typescript-eslint/parser@8.59.3 want: 8.59.3
5129 silly placeDep ROOT @typescript-eslint/project-service@8.59.3 OK for: @typescript-eslint/typescript-estree@8.59.3 want: 8.59.3
5130 silly placeDep ROOT @typescript-eslint/tsconfig-utils@8.59.3 OK for: @typescript-eslint/typescript-estree@8.59.3 want: 8.59.3
5131 silly placeDep node_modules/@typescript-eslint/typescript-estree minimatch@10.2.5 OK for: @typescript-eslint/typescript-estree@8.59.3 want: ^10.2.2
5132 silly placeDep node_modules/@typescript-eslint/typescript-estree semver@7.8.0 OK for: @typescript-eslint/typescript-estree@8.59.3 want: ^7.7.3
5133 silly fetch manifest @typescript-eslint/tsconfig-utils@^8.59.3
5134 silly packumentCache full:https://registry.npmjs.org/@typescript-eslint%2ftsconfig-utils cache-miss
5135 silly fetch manifest brace-expansion@^5.0.5
5136 silly packumentCache full:https://registry.npmjs.org/brace-expansion cache-miss
5137 http cache https://registry.npmjs.org/brace-expansion 4ms (cache hit)
5138 silly packumentCache full:https://registry.npmjs.org/brace-expansion set size:70654 disposed:false
5139 http cache https://registry.npmjs.org/@typescript-eslint%2ftsconfig-utils 10ms (cache hit)
5140 silly packumentCache full:https://registry.npmjs.org/@typescript-eslint%2ftsconfig-utils set size:1212724 disposed:false
5141 silly placeDep node_modules/@typescript-eslint/visitor-keys eslint-visitor-keys@5.0.1 OK for: @typescript-eslint/visitor-keys@8.59.3 want: ^5.0.0
5142 silly placeDep ROOT has-bigints@1.1.0 OK for: unbox-primitive@1.1.0 want: ^1.0.2
5143 silly placeDep ROOT which-boxed-primitive@1.1.1 OK for: unbox-primitive@1.1.0 want: ^1.1.1
5144 silly fetch manifest is-bigint@^1.1.0
5145 silly packumentCache full:https://registry.npmjs.org/is-bigint cache-miss
5146 silly fetch manifest is-boolean-object@^1.2.1
5147 silly packumentCache full:https://registry.npmjs.org/is-boolean-object cache-miss
5148 silly fetch manifest is-number-object@^1.1.1
5149 silly packumentCache full:https://registry.npmjs.org/is-number-object cache-miss
5150 http fetch GET 200 https://registry.npmjs.org/is-boolean-object 32ms (cache miss)
5151 silly packumentCache full:https://registry.npmjs.org/is-boolean-object set size:undefined disposed:false
5152 http fetch GET 200 https://registry.npmjs.org/is-bigint 33ms (cache miss)
5153 silly packumentCache full:https://registry.npmjs.org/is-bigint set size:undefined disposed:false
5154 http fetch GET 200 https://registry.npmjs.org/is-number-object 33ms (cache miss)
5155 silly packumentCache full:https://registry.npmjs.org/is-number-object set size:undefined disposed:false
5156 silly placeDep ROOT bail@2.0.2 OK for: unified@11.0.5 want: ^2.0.0
5157 silly placeDep ROOT extend@3.0.2 OK for: unified@11.0.5 want: ^3.0.0
5158 silly placeDep ROOT is-plain-obj@4.1.0 OK for: unified@11.0.5 want: ^4.0.0
5159 silly placeDep ROOT trough@2.2.0 OK for: unified@11.0.5 want: ^2.0.0
5160 silly placeDep ROOT @unrs/resolver-binding-android-arm-eabi@1.11.1 OK for: unrs-resolver@1.11.1 want: 1.11.1
5161 silly placeDep ROOT @unrs/resolver-binding-android-arm64@1.11.1 OK for: unrs-resolver@1.11.1 want: 1.11.1
5162 silly placeDep ROOT @unrs/resolver-binding-darwin-arm64@1.11.1 OK for: unrs-resolver@1.11.1 want: 1.11.1
5163 silly placeDep ROOT @unrs/resolver-binding-darwin-x64@1.11.1 OK for: unrs-resolver@1.11.1 want: 1.11.1
5164 silly placeDep ROOT @unrs/resolver-binding-freebsd-x64@1.11.1 OK for: unrs-resolver@1.11.1 want: 1.11.1
5165 silly placeDep ROOT @unrs/resolver-binding-linux-arm-gnueabihf@1.11.1 OK for: unrs-resolver@1.11.1 want: 1.11.1
5166 silly placeDep ROOT @unrs/resolver-binding-linux-arm-musleabihf@1.11.1 OK for: unrs-resolver@1.11.1 want: 1.11.1
5167 silly placeDep ROOT @unrs/resolver-binding-linux-arm64-gnu@1.11.1 OK for: unrs-resolver@1.11.1 want: 1.11.1
5168 silly placeDep ROOT @unrs/resolver-binding-linux-arm64-musl@1.11.1 OK for: unrs-resolver@1.11.1 want: 1.11.1
5169 silly placeDep ROOT @unrs/resolver-binding-linux-ppc64-gnu@1.11.1 OK for: unrs-resolver@1.11.1 want: 1.11.1
5170 silly placeDep ROOT @unrs/resolver-binding-linux-riscv64-gnu@1.11.1 OK for: unrs-resolver@1.11.1 want: 1.11.1
5171 silly placeDep ROOT @unrs/resolver-binding-linux-riscv64-musl@1.11.1 OK for: unrs-resolver@1.11.1 want: 1.11.1
5172 silly placeDep ROOT @unrs/resolver-binding-linux-s390x-gnu@1.11.1 OK for: unrs-resolver@1.11.1 want: 1.11.1
5173 silly placeDep ROOT @unrs/resolver-binding-linux-x64-gnu@1.11.1 OK for: unrs-resolver@1.11.1 want: 1.11.1
5174 silly placeDep ROOT @unrs/resolver-binding-linux-x64-musl@1.11.1 OK for: unrs-resolver@1.11.1 want: 1.11.1
5175 silly placeDep ROOT @unrs/resolver-binding-wasm32-wasi@1.11.1 OK for: unrs-resolver@1.11.1 want: 1.11.1
5176 silly placeDep ROOT @unrs/resolver-binding-win32-arm64-msvc@1.11.1 OK for: unrs-resolver@1.11.1 want: 1.11.1
5177 silly placeDep ROOT @unrs/resolver-binding-win32-ia32-msvc@1.11.1 OK for: unrs-resolver@1.11.1 want: 1.11.1
5178 silly placeDep ROOT @unrs/resolver-binding-win32-x64-msvc@1.11.1 OK for: unrs-resolver@1.11.1 want: 1.11.1
5179 silly placeDep ROOT napi-postinstall@0.3.4 OK for: unrs-resolver@1.11.1 want: ^0.3.0
5180 silly fetch manifest @napi-rs/wasm-runtime@^0.2.11
5181 silly packumentCache full:https://registry.npmjs.org/@napi-rs%2fwasm-runtime cache-miss
5182 http cache https://registry.npmjs.org/@napi-rs%2fwasm-runtime 4ms (cache hit)
5183 silly packumentCache full:https://registry.npmjs.org/@napi-rs%2fwasm-runtime set size:71273 disposed:false
5184 silly placeDep node_modules/@unrs/resolver-binding-wasm32-wasi @napi-rs/wasm-runtime@0.2.12 OK for: @unrs/resolver-binding-wasm32-wasi@1.11.1 want: ^0.2.11
5185 silly placeDep ROOT escalade@3.2.0 OK for: update-browserslist-db@1.2.3 want: ^3.2.0
5186 silly placeDep ROOT detect-node-es@1.1.0 OK for: use-sidecar@1.1.3 want: ^1.1.0
5187 silly placeDep ROOT @types/d3-array@3.2.2 OK for: victory-vendor@37.3.6 want: ^3.0.3
5188 silly placeDep ROOT @types/d3-ease@3.0.2 OK for: victory-vendor@37.3.6 want: ^3.0.0
5189 silly placeDep ROOT @types/d3-interpolate@3.0.4 OK for: victory-vendor@37.3.6 want: ^3.0.1
5190 silly placeDep ROOT @types/d3-scale@4.0.9 OK for: victory-vendor@37.3.6 want: ^4.0.2
5191 silly placeDep ROOT @types/d3-shape@3.1.8 OK for: victory-vendor@37.3.6 want: ^3.1.0
5192 silly placeDep ROOT @types/d3-time@3.0.4 OK for: victory-vendor@37.3.6 want: ^3.0.0
5193 silly placeDep ROOT @types/d3-timer@3.0.2 OK for: victory-vendor@37.3.6 want: ^3.0.0
5194 silly placeDep ROOT d3-array@3.2.4 OK for: victory-vendor@37.3.6 want: ^3.1.6
5195 silly placeDep ROOT d3-ease@3.0.1 OK for: victory-vendor@37.3.6 want: ^3.0.1
5196 silly placeDep ROOT d3-interpolate@3.0.1 OK for: victory-vendor@37.3.6 want: ^3.0.1
5197 silly placeDep ROOT d3-scale@4.0.2 OK for: victory-vendor@37.3.6 want: ^4.0.2
5198 silly placeDep ROOT d3-shape@3.2.0 OK for: victory-vendor@37.3.6 want: ^3.1.0
5199 silly placeDep ROOT d3-time@3.1.0 OK for: victory-vendor@37.3.6 want: ^3.0.0
5200 silly placeDep ROOT d3-timer@3.0.1 OK for: victory-vendor@37.3.6 want: ^3.0.1
5201 silly fetch manifest @types/d3-color@*
5202 silly packumentCache full:https://registry.npmjs.org/@types%2fd3-color cache-miss
5203 silly fetch manifest @types/d3-time@*
5204 silly packumentCache full:https://registry.npmjs.org/@types%2fd3-time cache-miss
5205 silly fetch manifest @types/d3-path@*
5206 silly packumentCache full:https://registry.npmjs.org/@types%2fd3-path cache-miss
5207 silly fetch manifest internmap@1 - 2
5208 silly packumentCache full:https://registry.npmjs.org/internmap cache-miss
5209 silly fetch manifest d3-color@1 - 3
5210 silly packumentCache full:https://registry.npmjs.org/d3-color cache-miss
5211 silly fetch manifest d3-format@1 - 3
5212 silly packumentCache full:https://registry.npmjs.org/d3-format cache-miss
5213 silly fetch manifest d3-time@2.1.1 - 3
5214 silly packumentCache full:https://registry.npmjs.org/d3-time cache-miss
5215 silly fetch manifest d3-time-format@2 - 4
5216 silly packumentCache full:https://registry.npmjs.org/d3-time-format cache-miss
5217 silly fetch manifest d3-path@^3.1.0
5218 silly packumentCache full:https://registry.npmjs.org/d3-path cache-miss
5219 http cache https://registry.npmjs.org/@types%2fd3-time 12ms (cache hit)
5220 silly packumentCache full:https://registry.npmjs.org/@types%2fd3-time set size:52652 disposed:false
5221 http cache https://registry.npmjs.org/d3-time 12ms (cache hit)
5222 silly packumentCache full:https://registry.npmjs.org/d3-time set size:150406 disposed:false
5223 http fetch GET 200 https://registry.npmjs.org/internmap 32ms (cache miss)
5224 silly packumentCache full:https://registry.npmjs.org/internmap set size:undefined disposed:false
5225 http fetch GET 200 https://registry.npmjs.org/d3-color 51ms (cache miss)
5226 silly packumentCache full:https://registry.npmjs.org/d3-color set size:undefined disposed:false
5227 http fetch GET 200 https://registry.npmjs.org/@types%2fd3-path 55ms (cache miss)
5228 silly packumentCache full:https://registry.npmjs.org/@types%2fd3-path set size:undefined disposed:false
5229 http fetch GET 200 https://registry.npmjs.org/d3-path 53ms (cache miss)
5230 silly packumentCache full:https://registry.npmjs.org/d3-path set size:undefined disposed:false
5231 http fetch GET 200 https://registry.npmjs.org/d3-time-format 54ms (cache miss)
5232 silly packumentCache full:https://registry.npmjs.org/d3-time-format set size:undefined disposed:false
5233 http fetch GET 200 https://registry.npmjs.org/@types%2fd3-color 61ms (cache miss)
5234 silly packumentCache full:https://registry.npmjs.org/@types%2fd3-color set size:undefined disposed:false
5235 http fetch GET 200 https://registry.npmjs.org/d3-format 308ms (cache miss)
5236 silly packumentCache full:https://registry.npmjs.org/d3-format set size:undefined disposed:false
5237 silly placeDep ROOT @types/d3-color@3.1.3 OK for: @types/d3-interpolate@3.0.4 want: *
5238 silly placeDep ROOT @types/d3-path@3.1.1 OK for: @types/d3-shape@3.1.8 want: *
5239 silly placeDep ROOT internmap@2.0.3 OK for: d3-array@3.2.4 want: 1 - 2
5240 silly placeDep ROOT d3-color@3.1.0 OK for: d3-interpolate@3.0.1 want: 1 - 3
5241 silly placeDep ROOT d3-format@3.1.2 OK for: d3-scale@4.0.2 want: 1 - 3
5242 silly placeDep ROOT d3-time-format@4.1.0 OK for: d3-scale@4.0.2 want: 2 - 4
5243 silly placeDep ROOT d3-path@3.1.0 OK for: d3-shape@3.2.0 want: ^3.1.0
5244 silly placeDep ROOT isexe@2.0.0 OK for: which@2.0.2 want: ^2.0.0
5245 silly placeDep ROOT is-bigint@1.1.0 OK for: which-boxed-primitive@1.1.1 want: ^1.1.0
5246 silly placeDep ROOT is-boolean-object@1.2.2 OK for: which-boxed-primitive@1.1.1 want: ^1.2.1
5247 silly placeDep ROOT is-number-object@1.1.1 OK for: which-boxed-primitive@1.1.1 want: ^1.1.1
5248 silly placeDep ROOT is-async-function@2.1.1 OK for: which-builtin-type@1.2.1 want: ^2.0.0
5249 silly placeDep ROOT is-finalizationregistry@1.1.1 OK for: which-builtin-type@1.2.1 want: ^1.1.0
5250 silly placeDep ROOT is-generator-function@1.1.2 OK for: which-builtin-type@1.2.1 want: ^1.0.10
5251 silly placeDep ROOT which-collection@1.0.2 OK for: which-builtin-type@1.2.1 want: ^1.0.2
5252 silly fetch manifest async-function@^1.0.0
5253 silly packumentCache full:https://registry.npmjs.org/async-function cache-miss
5254 silly fetch manifest generator-function@^2.0.0
5255 silly packumentCache full:https://registry.npmjs.org/generator-function cache-miss
5256 silly fetch manifest is-map@^2.0.3
5257 silly packumentCache full:https://registry.npmjs.org/is-map cache-miss
5258 silly fetch manifest is-weakmap@^2.0.2
5259 silly packumentCache full:https://registry.npmjs.org/is-weakmap cache-miss
5260 silly fetch manifest is-weakset@^2.0.3
5261 silly packumentCache full:https://registry.npmjs.org/is-weakset cache-miss
5262 http fetch GET 200 https://registry.npmjs.org/async-function 37ms (cache miss)
5263 silly packumentCache full:https://registry.npmjs.org/async-function set size:undefined disposed:false
5264 http fetch GET 200 https://registry.npmjs.org/is-weakmap 37ms (cache miss)
5265 silly packumentCache full:https://registry.npmjs.org/is-weakmap set size:undefined disposed:false
5266 http fetch GET 200 https://registry.npmjs.org/is-map 39ms (cache miss)
5267 silly packumentCache full:https://registry.npmjs.org/is-map set size:undefined disposed:false
5268 http fetch GET 200 https://registry.npmjs.org/is-weakset 39ms (cache miss)
5269 silly packumentCache full:https://registry.npmjs.org/is-weakset set size:undefined disposed:false
5270 http fetch GET 200 https://registry.npmjs.org/generator-function 41ms (cache miss)
5271 silly packumentCache full:https://registry.npmjs.org/generator-function set size:undefined disposed:false
5272 silly placeDep ROOT async-function@1.0.0 OK for: is-async-function@2.1.1 want: ^1.0.0
5273 silly placeDep ROOT generator-function@2.0.1 OK for: is-generator-function@1.1.2 want: ^2.0.0
5274 silly placeDep ROOT is-map@2.0.3 OK for: which-collection@1.0.2 want: ^2.0.3
5275 silly placeDep ROOT is-weakmap@2.0.2 OK for: which-collection@1.0.2 want: ^2.0.2
5276 silly placeDep ROOT is-weakset@2.0.4 OK for: which-collection@1.0.2 want: ^2.0.3
5277 silly placeDep ROOT grammex@3.1.12 OK for: zeptomatch@2.1.0 want: ^3.1.11
5278 silly placeDep ROOT graphmatch@1.1.1 OK for: zeptomatch@2.1.0 want: ^1.1.0
5279 silly placeDep ROOT fast-json-stable-stringify@2.1.0 OK for: ajv@6.15.0 want: ^2.0.0
5280 silly placeDep node_modules/@eslint/eslintrc json-schema-traverse@0.4.1 OK for: ajv@6.15.0 want: ^0.4.1
5281 silly placeDep ROOT uri-js@4.4.1 OK for: ajv@6.15.0 want: ^4.2.2
5282 silly fetch manifest punycode@^2.1.0
5283 silly packumentCache full:https://registry.npmjs.org/punycode cache-miss
5284 http fetch GET 200 https://registry.npmjs.org/punycode 40ms (cache miss)
5285 silly packumentCache full:https://registry.npmjs.org/punycode set size:undefined disposed:false
5286 silly placeDep ROOT punycode@2.3.1 OK for: uri-js@4.4.1 want: ^2.1.0
5287 silly placeDep node_modules/@typescript-eslint/typescript-estree brace-expansion@5.0.6 OK for: minimatch@10.2.5 want: ^5.0.5
5288 silly fetch manifest balanced-match@^4.0.2
5289 silly packumentCache full:https://registry.npmjs.org/balanced-match cache-miss
5290 http cache https://registry.npmjs.org/balanced-match 3ms (cache hit)
5291 silly packumentCache full:https://registry.npmjs.org/balanced-match set size:39082 disposed:false
5292 silly placeDep node_modules/@typescript-eslint/typescript-estree balanced-match@4.0.4 OK for: brace-expansion@5.0.6 want: ^4.0.2
5293 silly placeDep node_modules/eslint json-schema-traverse@0.4.1 OK for: ajv@6.15.0 want: ^0.4.1
5294 silly placeDep node_modules/mariadb undici-types@7.16.0 OK for: @types/node@24.12.4 want: ~7.16.0
5295 silly reify moves {}
5296 silly audit bulk request {
5296 silly audit   '@blocknote/core': [ '0.50.0' ],
5296 silly audit   '@blocknote/mantine': [ '0.50.0' ],
5296 silly audit   react: [ '19.2.4' ],
5296 silly audit   'react-dom': [ '19.2.4' ],
5296 silly audit   '@mantine/core': [ '9.2.1' ],
5296 silly audit   '@mantine/hooks': [ '9.2.1' ],
5296 silly audit   '@blocknote/react': [ '0.50.0' ],
5296 silly audit   '@prisma/adapter-mariadb': [ '7.8.0' ],
5296 silly audit   '@prisma/client': [ '7.8.0' ],
5296 silly audit   '@radix-ui/react-dialog': [ '1.1.15' ],
5296 silly audit   '@radix-ui/react-dropdown-menu': [ '2.1.16' ],
5296 silly audit   '@radix-ui/react-popover': [ '1.1.15' ],
5296 silly audit   '@radix-ui/react-select': [ '2.2.6' ],
5296 silly audit   '@radix-ui/react-slot': [ '1.2.4', '1.2.3' ],
5296 silly audit   '@radix-ui/react-switch': [ '1.2.6' ],
5296 silly audit   '@radix-ui/react-tabs': [ '1.1.13' ],
5296 silly audit   '@tailwindcss/postcss': [ '4.3.0' ],
5296 silly audit   '@types/bcrypt': [ '6.0.0' ],
5296 silly audit   '@types/jsonwebtoken': [ '9.0.10' ],
5296 silly audit   '@types/node': [ '25.8.0', '24.12.4' ],
5296 silly audit   '@types/nodemailer': [ '8.0.0' ],
5296 silly audit   '@types/react': [ '19.2.14' ],
5296 silly audit   '@types/react-dom': [ '19.2.3' ],
5296 silly audit   bcrypt: [ '6.0.0' ],
5296 silly audit   blocknote: [ '0.1.4' ],
5296 silly audit   clsx: [ '2.1.1' ],
5296 silly audit   'date-fns': [ '4.1.0' ],
5296 silly audit   dotenv: [ '17.4.2' ],
5296 silly audit   eslint: [ '9.39.4' ],
5296 silly audit   'eslint-config-next': [ '16.2.4' ],
5296 silly audit   jsonwebtoken: [ '9.0.3' ],
5296 silly audit   'lucide-react': [ '1.16.0' ],
5296 silly audit   marked: [ '18.0.3' ],
5296 silly audit   next: [ '16.2.4' ],
5296 silly audit   'next-themes': [ '0.4.6' ],
5296 silly audit   nodemailer: [ '8.0.7' ],
5296 silly audit   prisma: [ '7.8.0' ],
5296 silly audit   'react-day-picker': [ '10.0.1' ],
5296 silly audit   recharts: [ '3.8.1' ],
5296 silly audit   'react-is': [ '19.2.6', '16.13.1' ],
5296 silly audit   sonner: [ '2.0.7' ],
5296 silly audit   'tailwind-merge': [ '3.6.0' ],
5296 silly audit   tailwindcss: [ '4.3.0' ],
5296 silly audit   tsx: [ '4.22.0' ],
5296 silly audit   typescript: [ '5.9.3' ],
5296 silly audit   zod: [ '4.4.3' ],
5296 silly audit   '@emoji-mart/data': [ '1.2.1' ],
5296 silly audit   '@handlewithcare/prosemirror-inputrules': [ '0.1.4' ],
5296 silly audit   'prosemirror-view': [ '1.41.8' ],
5296 silly audit   'prosemirror-model': [ '1.25.6' ],
5296 silly audit   'prosemirror-state': [ '1.4.4' ],
5296 silly audit   '@shikijs/types': [ '4.0.2' ],
5296 silly audit   '@tanstack/store': [ '0.7.7' ],
5296 silly audit   '@tiptap/core': [ '3.23.4' ],
5296 silly audit   '@tiptap/pm': [ '3.23.4' ],
5296 silly audit   '@tiptap/extension-bold': [ '3.23.4' ],
5296 silly audit   '@tiptap/extension-code': [ '3.23.4' ],
5296 silly audit   '@tiptap/extension-horizontal-rule': [ '3.23.4' ],
5296 silly audit   '@tiptap/extension-italic': [ '3.23.4' ],
5296 silly audit   '@tiptap/extension-paragraph': [ '3.23.4' ],
5296 silly audit   '@tiptap/extension-strike': [ '3.23.4' ],
5296 silly audit   '@tiptap/extension-text': [ '3.23.4' ],
5296 silly audit   '@tiptap/extension-underline': [ '3.23.4' ],
5296 silly audit   '@tiptap/extensions': [ '3.23.4' ],
5296 silly audit   'emoji-mart': [ '5.6.0' ],
5296 silly audit   'fast-deep-equal': [ '3.1.3' ],
5296 silly audit   'hast-util-from-dom': [ '5.0.1' ],
5296 silly audit   lib0: [ '0.2.117' ],
5296 silly audit   'prosemirror-highlight': [ '0.15.1' ],
5296 silly audit   'prosemirror-tables': [ '1.8.5' ],
5296 silly audit   'prosemirror-transform': [ '1.12.0' ],
5296 silly audit   'rehype-format': [ '5.0.1' ],
5296 silly audit   'rehype-parse': [ '9.0.1' ],
5296 silly audit   'rehype-remark': [ '10.0.1' ],
5296 silly audit   'rehype-stringify': [ '10.0.1' ],
5296 silly audit   'remark-gfm': [ '4.0.1' ],
5296 silly audit   'remark-parse': [ '11.0.0' ],
5296 silly audit   'remark-rehype': [ '11.1.2' ],
5296 silly audit   'remark-stringify': [ '11.0.0' ],
5296 silly audit   unified: [ '11.0.5' ],
5296 silly audit   'unist-util-visit': [ '5.1.0' ],
5296 silly audit   'y-prosemirror': [ '1.3.7' ],
5296 silly audit   'y-protocols': [ '1.0.7' ],
5296 silly audit   yjs: [ '13.6.30' ],
5296 silly audit   'react-icons': [ '5.6.0' ],
5296 silly audit   '@floating-ui/react': [ '0.27.19' ],
5296 silly audit   '@floating-ui/utils': [ '0.2.11' ],
5296 silly audit   '@tanstack/react-store': [ '0.7.7' ],
5296 silly audit   '@tiptap/react': [ '3.23.4' ],
5296 silly audit   '@types/use-sync-external-store': [ '1.5.0', '0.0.6' ],
5296 silly audit   'lodash.merge': [ '4.6.2' ],
5296 silly audit   'use-sync-external-store': [ '1.6.0' ],
5296 silly audit   '@floating-ui/react-dom': [ '2.1.8' ],
5296 silly audit   tabbable: [ '6.4.0' ],
5296 silly audit   '@floating-ui/dom': [ '1.7.6' ],
5296 silly audit   '@floating-ui/core': [ '1.7.5' ],
5296 silly audit   'prosemirror-history': [ '1.5.0' ],
5296 silly audit   'react-number-format': [ '5.4.5' ],
5296 silly audit   'react-remove-scroll': [ '2.7.2' ],
5296 silly audit   'type-fest': [ '5.6.0' ],
5296 silly audit   '@prisma/driver-adapter-utils': [ '7.8.0' ],
5296 silly audit   mariadb: [ '3.4.5' ],
5296 silly audit   '@prisma/client-runtime-utils': [ '7.8.0' ],
5296 silly audit   '@prisma/debug': [ '7.8.0', '7.2.0' ],
5296 silly audit   '@radix-ui/primitive': [ '1.1.3' ],
5296 silly audit   '@radix-ui/react-compose-refs': [ '1.1.2' ],
5296 silly audit   '@radix-ui/react-context': [ '1.1.2' ],
5296 silly audit   '@radix-ui/react-dismissable-layer': [ '1.1.11' ],
5296 silly audit   '@radix-ui/react-focus-guards': [ '1.1.3' ],
5296 silly audit   '@radix-ui/react-focus-scope': [ '1.1.7' ],
5296 silly audit   '@radix-ui/react-id': [ '1.1.1' ],
5296 silly audit   '@radix-ui/react-portal': [ '1.1.9' ],
5296 silly audit   '@radix-ui/react-presence': [ '1.1.5' ],
5296 silly audit   '@radix-ui/react-primitive': [ '2.1.3' ],
5296 silly audit   '@radix-ui/react-use-controllable-state': [ '1.2.2' ],
5296 silly audit   'aria-hidden': [ '1.2.6' ],
5296 silly audit   '@radix-ui/react-use-callback-ref': [ '1.1.1' ],
5296 silly audit   '@radix-ui/react-use-escape-keydown': [ '1.1.1' ],
5296 silly audit   '@radix-ui/react-menu': [ '2.1.16' ],
5296 silly audit   '@radix-ui/react-use-layout-effect': [ '1.1.1' ],
5296 silly audit   '@radix-ui/react-collection': [ '1.1.7' ],
5296 silly audit   '@radix-ui/react-direction': [ '1.1.1' ],
5296 silly audit   '@radix-ui/react-popper': [ '1.2.8' ],
5296 silly audit   '@radix-ui/react-roving-focus': [ '1.1.11' ],
5296 silly audit   '@radix-ui/react-arrow': [ '1.1.7' ],
5296 silly audit   '@radix-ui/react-use-rect': [ '1.1.1' ],
5296 silly audit   '@radix-ui/react-use-size': [ '1.1.1' ],
5296 silly audit   '@radix-ui/rect': [ '1.1.1' ],
5296 silly audit   '@radix-ui/number': [ '1.1.1' ],
5296 silly audit   '@radix-ui/react-use-previous': [ '1.1.1' ],
5296 silly audit   '@radix-ui/react-visually-hidden': [ '1.2.3' ],
5296 silly audit   '@radix-ui/react-use-effect-event': [ '0.0.2' ],
5296 silly audit   '@shikijs/vscode-textmate': [ '10.0.2' ],
5296 silly audit   '@types/hast': [ '3.0.4' ],
5296 silly audit   '@alloc/quick-lru': [ '5.2.0' ],
5296 silly audit   '@tailwindcss/node': [ '4.3.0' ],
5296 silly audit   '@tailwindcss/oxide': [ '4.3.0' ],
5296 silly audit   postcss: [ '8.5.14', '8.4.31' ],
5296 silly audit   '@jridgewell/remapping': [ '2.3.5' ],
5296 silly audit   'enhanced-resolve': [ '5.21.3' ],
5296 silly audit   jiti: [ '2.7.0' ],
5296 silly audit   lightningcss: [ '1.32.0' ],
5296 silly audit   'magic-string': [ '0.30.21' ],
5296 silly audit   'source-map-js': [ '1.2.1' ],
5296 silly audit   '@jridgewell/gen-mapping': [ '0.3.13' ],
5296 silly audit   '@jridgewell/trace-mapping': [ '0.3.31' ],
5296 silly audit   '@jridgewell/sourcemap-codec': [ '1.5.5' ],
5296 silly audit   '@jridgewell/resolve-uri': [ '3.1.2' ],
5296 silly audit   '@tailwindcss/oxide-android-arm64': [ '4.3.0' ],
5296 silly audit   '@tailwindcss/oxide-darwin-arm64': [ '4.3.0' ],
5296 silly audit   '@tailwindcss/oxide-darwin-x64': [ '4.3.0' ],
5296 silly audit   '@tailwindcss/oxide-freebsd-x64': [ '4.3.0' ],
5296 silly audit   '@tailwindcss/oxide-linux-arm-gnueabihf': [ '4.3.0' ],
5296 silly audit   '@tailwindcss/oxide-linux-arm64-gnu': [ '4.3.0' ],
5296 silly audit   '@tailwindcss/oxide-linux-arm64-musl': [ '4.3.0' ],
5296 silly audit   '@tailwindcss/oxide-linux-x64-gnu': [ '4.3.0' ],
5296 silly audit   '@tailwindcss/oxide-linux-x64-musl': [ '4.3.0' ],
5296 silly audit   '@tailwindcss/oxide-wasm32-wasi': [ '4.3.0' ],
5296 silly audit   '@tailwindcss/oxide-win32-arm64-msvc': [ '4.3.0' ],
5296 silly audit   '@tailwindcss/oxide-win32-x64-msvc': [ '4.3.0' ],
5296 silly audit   'prosemirror-changeset': [ '2.4.1' ],
5296 silly audit   'prosemirror-commands': [ '1.7.1' ],
5296 silly audit   'prosemirror-dropcursor': [ '1.8.2' ],
5296 silly audit   'prosemirror-gapcursor': [ '1.4.1' ],
5296 silly audit   'prosemirror-keymap': [ '1.2.3' ],
5296 silly audit   'prosemirror-schema-list': [ '1.5.1' ],
5296 silly audit   '@tiptap/extension-bubble-menu': [ '3.23.4' ],
5296 silly audit   '@tiptap/extension-floating-menu': [ '3.23.4' ],
5296 silly audit   'fast-equals': [ '5.4.0' ],
5296 silly audit   '@types/unist': [ '3.0.3' ],
5296 silly audit   '@types/ms': [ '2.1.0' ],
5296 silly audit   'undici-types': [ '7.24.6', '7.16.0' ],
5296 silly audit   csstype: [ '3.2.3' ],
5296 silly audit   tslib: [ '2.8.1' ],
5296 silly audit   'node-addon-api': [ '8.7.0' ],
5296 silly audit   'node-gyp-build': [ '4.8.4' ],
5296 silly audit   '@algorandfoundation/xhd-wallet-api': [ '2.0.0-canary.1' ],
5296 silly audit   algosdk: [ '3.5.2' ],
5296 silly audit   'better-sqlite3': [ '12.10.0' ],
5296 silly audit   'lz-string': [ '1.5.0' ],
5296 silly audit   'lz4-napi': [ '2.9.0' ],
5296 silly audit   pako: [ '2.1.0' ],
5296 silly audit   snappy: [ '7.3.3' ],
5296 silly audit   '@noble/ciphers': [ '2.2.0' ],
5296 silly audit   '@noble/curves': [ '2.2.0' ],
5296 silly audit   '@noble/hashes': [ '2.2.0' ],
5296 silly audit   ajv: [ '8.20.0', '6.15.0' ],
5296 silly audit   'algo-msgpack-with-bigint': [ '2.1.1' ],
5296 silly audit   'bn.js': [ '5.2.3' ],
5296 silly audit   'fast-uri': [ '3.1.2' ],
5296 silly audit   'json-schema-traverse': [ '1.0.0', '0.4.1' ],
5296 silly audit   'require-from-string': [ '2.0.2' ],
5296 silly audit   'algorand-msgpack': [ '1.1.0' ],
5296 silly audit   'hi-base32': [ '0.5.1' ],
5296 silly audit   'js-sha256': [ '0.9.0' ],
5296 silly audit   'js-sha3': [ '0.8.0' ],
5296 silly audit   'js-sha512': [ '0.8.0' ],
5296 silly audit   'json-bigint': [ '1.0.0' ],
5296 silly audit   tweetnacl: [ '1.0.3' ],
5296 silly audit   vlq: [ '2.0.4' ],
5296 silly audit   bindings: [ '1.5.0' ],
5296 silly audit   'prebuild-install': [ '7.1.3' ],
5296 silly audit   'file-uri-to-path': [ '1.0.0' ],
5296 silly audit   'graceful-fs': [ '4.2.11' ],
5296 silly audit   tapable: [ '2.3.3' ],
5296 silly audit   '@eslint-community/eslint-utils': [ '4.9.1' ],
5296 silly audit   '@eslint-community/regexpp': [ '4.12.2' ],
5296 silly audit   '@eslint/config-array': [ '0.21.2' ],
5296 silly audit   '@eslint/config-helpers': [ '0.4.2' ],
5296 silly audit   '@eslint/core': [ '0.17.0' ],
5296 silly audit   '@eslint/eslintrc': [ '3.3.5' ],
5296 silly audit   '@eslint/js': [ '9.39.4' ],
5296 silly audit   '@eslint/plugin-kit': [ '0.4.1' ],
5296 silly audit   '@humanfs/node': [ '0.16.8' ],
5296 silly audit   '@humanwhocodes/module-importer': [ '1.0.1' ],
5296 silly audit   '@humanwhocodes/retry': [ '0.4.3' ],
5296 silly audit   '@types/estree': [ '1.0.9' ],
5296 silly audit   chalk: [ '4.1.2' ],
5296 silly audit   'cross-spawn': [ '7.0.6' ],
5296 silly audit   debug: [ '4.4.3', '3.2.7' ],
5296 silly audit   'escape-string-regexp': [ '4.0.0', '5.0.0' ],
5296 silly audit   'eslint-scope': [ '8.4.0' ],
5296 silly audit   'eslint-visitor-keys': [ '4.2.1', '3.4.3', '5.0.1' ],
5296 silly audit   espree: [ '10.4.0' ],
5296 silly audit   esquery: [ '1.7.0' ],
5296 silly audit   esutils: [ '2.0.3' ],
5296 silly audit   'file-entry-cache': [ '8.0.0' ],
5296 silly audit   'find-up': [ '5.0.0' ],
5296 silly audit   'glob-parent': [ '6.0.2', '5.1.2' ],
5296 silly audit   ignore: [ '5.3.2', '7.0.5' ],
5296 silly audit   imurmurhash: [ '0.1.4' ],
5296 silly audit   'is-glob': [ '4.0.3' ],
5296 silly audit   'json-stable-stringify-without-jsonify': [ '1.0.1' ],
5296 silly audit   minimatch: [ '3.1.5', '10.2.5' ],
5296 silly audit   'natural-compare': [ '1.4.0' ],
5296 silly audit   optionator: [ '0.9.4' ],
5296 silly audit   '@eslint/object-schema': [ '2.1.7' ],
5296 silly audit   '@types/json-schema': [ '7.0.15' ],
5296 silly audit   globals: [ '14.0.0', '16.4.0' ],
5296 silly audit   'import-fresh': [ '3.3.1' ],
5296 silly audit   'js-yaml': [ '4.1.1' ],
5296 silly audit   'strip-json-comments': [ '3.1.1', '2.0.1' ],
5296 silly audit   levn: [ '0.4.1' ],
5296 silly audit   '@humanfs/core': [ '0.19.2' ],
5296 silly audit   '@humanfs/types': [ '0.15.0' ],
5296 silly audit   'ansi-styles': [ '4.3.0' ],
5296 silly audit   'supports-color': [ '7.2.0' ],
5296 silly audit   'color-convert': [ '2.0.1' ],
5296 silly audit   'color-name': [ '1.1.4' ],
5296 silly audit   'path-key': [ '3.1.1' ],
5296 silly audit   'shebang-command': [ '2.0.0' ],
5296 silly audit   which: [ '2.0.2' ],
5296 silly audit   ms: [ '2.1.3' ],
5296 silly audit   '@next/eslint-plugin-next': [ '16.2.4' ],
5296 silly audit   'eslint-import-resolver-node': [ '0.3.10' ],
5296 silly audit   'eslint-import-resolver-typescript': [ '3.10.1' ],
5296 silly audit   'eslint-plugin-import': [ '2.32.0' ],
5296 silly audit   'eslint-plugin-jsx-a11y': [ '6.10.2' ],
5296 silly audit   'eslint-plugin-react': [ '7.37.5' ],
5296 silly audit   'eslint-plugin-react-hooks': [ '7.1.1' ],
5296 silly audit   'typescript-eslint': [ '8.59.3' ],
5296 silly audit   'fast-glob': [ '3.3.1' ],
5296 silly audit   'is-core-module': [ '2.16.2' ],
5296 silly audit   resolve: [ '2.0.0-next.7' ],
5296 silly audit   '@nolyfill/is-core-module': [ '1.0.39' ],
5296 silly audit   'get-tsconfig': [ '4.14.0' ],
5296 silly audit   'is-bun-module': [ '2.0.0' ],
5296 silly audit   'stable-hash': [ '0.0.5' ],
5296 silly audit   tinyglobby: [ '0.2.16' ],
5296 silly audit   'unrs-resolver': [ '1.11.1' ],
5296 silly audit   '@rtsao/scc': [ '1.1.0' ],
5296 silly audit   'array-includes': [ '3.1.9' ],
5296 silly audit   'array.prototype.findlastindex': [ '1.2.6' ],
5296 silly audit   'array.prototype.flat': [ '1.3.3' ],
5296 silly audit   'array.prototype.flatmap': [ '1.3.3' ],
5296 silly audit   doctrine: [ '2.1.0' ],
5296 silly audit   'eslint-module-utils': [ '2.12.1' ],
5296 silly audit   hasown: [ '2.0.3' ],
5296 silly audit   'object.fromentries': [ '2.0.8' ],
5296 silly audit   'object.groupby': [ '1.0.3' ],
5296 silly audit   'object.values': [ '1.2.1' ],
5296 silly audit   semver: [ '6.3.1', '7.8.0' ],
5296 silly audit   'string.prototype.trimend': [ '1.0.9' ],
5296 silly audit   'tsconfig-paths': [ '3.15.0' ],
5296 silly audit   'call-bind': [ '1.0.9' ],
5296 silly audit   'call-bound': [ '1.0.4' ],
5296 silly audit   'define-properties': [ '1.2.1' ],
5296 silly audit   'es-abstract': [ '1.24.2' ],
5296 silly audit   'es-object-atoms': [ '1.1.1' ],
5296 silly audit   'get-intrinsic': [ '1.3.0' ],
5296 silly audit   'is-string': [ '1.1.1' ],
5296 silly audit   'math-intrinsics': [ '1.1.0' ],
5296 silly audit   'es-errors': [ '1.3.0' ],
5296 silly audit   'es-shim-unscopables': [ '1.1.0' ],
5296 silly audit   'call-bind-apply-helpers': [ '1.0.2' ],
5296 silly audit   'es-define-property': [ '1.0.1' ],
5296 silly audit   'set-function-length': [ '1.2.2' ],
5296 silly audit   'function-bind': [ '1.1.2' ],
5296 silly audit   'define-data-property': [ '1.1.4' ],
5296 silly audit   'has-property-descriptors': [ '1.0.2' ],
5296 silly audit   'object-keys': [ '1.1.1' ],
5296 silly audit   gopd: [ '1.2.0' ],
5296 silly audit   'array-buffer-byte-length': [ '1.0.2' ],
5296 silly audit   'arraybuffer.prototype.slice': [ '1.0.4' ],
5296 silly audit   'available-typed-arrays': [ '1.0.7' ],
5296 silly audit   'data-view-buffer': [ '1.0.2' ],
5296 silly audit   'data-view-byte-length': [ '1.0.2' ],
5296 silly audit   'data-view-byte-offset': [ '1.0.1' ],
5296 silly audit   'es-set-tostringtag': [ '2.1.0' ],
5296 silly audit   'es-to-primitive': [ '1.3.0' ],
5296 silly audit   'function.prototype.name': [ '1.1.8' ],
5296 silly audit   'get-proto': [ '1.0.1' ],
5296 silly audit   'get-symbol-description': [ '1.1.0' ],
5296 silly audit   globalthis: [ '1.0.4' ],
5296 silly audit   'has-proto': [ '1.2.0' ],
5296 silly audit   'has-symbols': [ '1.1.0' ],
5296 silly audit   'internal-slot': [ '1.1.0' ],
5296 silly audit   'is-array-buffer': [ '3.0.5' ],
5296 silly audit   'is-callable': [ '1.2.7' ],
5296 silly audit   'is-data-view': [ '1.0.2' ],
5296 silly audit   'is-negative-zero': [ '2.0.3' ],
5296 silly audit   'is-regex': [ '1.2.1' ],
5296 silly audit   'is-set': [ '2.0.3' ],
5296 silly audit   'is-shared-array-buffer': [ '1.0.4' ],
5296 silly audit   'is-typed-array': [ '1.1.15' ],
5296 silly audit   'is-weakref': [ '1.1.1' ],
5296 silly audit   'object-inspect': [ '1.13.4' ],
5296 silly audit   'object.assign': [ '4.1.7' ],
5296 silly audit   'own-keys': [ '1.0.1' ],
5296 silly audit   'regexp.prototype.flags': [ '1.5.4' ],
5296 silly audit   'safe-array-concat': [ '1.1.4' ],
5296 silly audit   'safe-push-apply': [ '1.0.0' ],
5296 silly audit   'safe-regex-test': [ '1.1.0' ],
5296 silly audit   'set-proto': [ '1.0.0' ],
5296 silly audit   'stop-iteration-iterator': [ '1.1.0' ],
5296 silly audit   'string.prototype.trim': [ '1.2.10' ],
5296 silly audit   'string.prototype.trimstart': [ '1.0.8' ],
5296 silly audit   'typed-array-buffer': [ '1.0.3' ],
5296 silly audit   'typed-array-byte-length': [ '1.0.3' ],
5296 silly audit   'typed-array-byte-offset': [ '1.0.4' ],
5296 silly audit   'typed-array-length': [ '1.0.7' ],
5296 silly audit   'unbox-primitive': [ '1.1.0' ],
5296 silly audit   'which-typed-array': [ '1.1.20' ],
5296 silly audit   'possible-typed-array-names': [ '1.1.0' ],
5296 silly audit   'has-tostringtag': [ '1.0.2' ],
5296 silly audit   'is-date-object': [ '1.1.0' ],
5296 silly audit   'is-symbol': [ '1.1.1' ],
5296 silly audit   'aria-query': [ '5.3.2' ],
5296 silly audit   'ast-types-flow': [ '0.0.8' ],
5296 silly audit   'axe-core': [ '4.11.4' ],
5296 silly audit   'axobject-query': [ '4.1.0' ],
5296 silly audit   'damerau-levenshtein': [ '1.0.8' ],
5296 silly audit   'emoji-regex': [ '9.2.2' ],
5296 silly audit   'jsx-ast-utils': [ '3.3.5' ],
5296 silly audit   'language-tags': [ '1.0.9' ],
5296 silly audit   'string.prototype.includes': [ '2.0.1' ],
5296 silly audit   'array.prototype.findlast': [ '1.2.5' ],
5296 silly audit   'array.prototype.tosorted': [ '1.1.4' ],
5296 silly audit   'es-iterator-helpers': [ '1.3.2' ],
5296 silly audit   estraverse: [ '5.3.0' ],
5296 silly audit   'object.entries': [ '1.1.9' ],
5296 silly audit   'prop-types': [ '15.8.1' ],
5296 silly audit   'string.prototype.matchall': [ '4.0.12' ],
5296 silly audit   'string.prototype.repeat': [ '1.0.0' ],
5296 silly audit   'iterator.prototype': [ '1.1.5' ],
5296 silly audit   '@babel/core': [ '7.29.0' ],
5296 silly audit   '@babel/parser': [ '7.29.3' ],
5296 silly audit   'hermes-parser': [ '0.25.1' ],
5296 silly audit   'zod-validation-error': [ '4.0.2' ],
5296 silly audit   '@babel/code-frame': [ '7.29.0' ],
5296 silly audit   '@babel/generator': [ '7.29.1' ],
5296 silly audit   '@babel/helper-compilation-targets': [ '7.28.6' ],
5296 silly audit   '@babel/helper-module-transforms': [ '7.28.6' ],
5296 silly audit   '@babel/helpers': [ '7.29.2' ],
5296 silly audit   '@babel/template': [ '7.28.6' ],
5296 silly audit   '@babel/traverse': [ '7.29.0' ],
5296 silly audit   '@babel/types': [ '7.29.0' ],
5296 silly audit   'convert-source-map': [ '2.0.0' ],
5296 silly audit   gensync: [ '1.0.0-beta.2' ],
5296 silly audit   json5: [ '2.2.3', '1.0.2' ],
5296 silly audit   '@babel/helper-validator-identifier': [ '7.28.5' ],
5296 silly audit   'js-tokens': [ '4.0.0' ],
5296 silly audit   picocolors: [ '1.1.1' ],
5296 silly audit   jsesc: [ '3.1.0' ],
5296 silly audit   '@babel/compat-data': [ '7.29.3' ],
5296 silly audit   '@babel/helper-validator-option': [ '7.27.1' ],
5296 silly audit   browserslist: [ '4.28.2' ],
5296 silly audit   'lru-cache': [ '5.1.1', '10.4.3' ],
5296 silly audit   '@babel/helper-module-imports': [ '7.28.6' ],
5296 silly audit   '@babel/helper-globals': [ '7.28.0' ],
5296 silly audit   '@babel/helper-string-parser': [ '7.27.1' ],
5296 silly audit   'baseline-browser-mapping': [ '2.10.29' ],
5296 silly audit   'caniuse-lite': [ '1.0.30001792' ],
5296 silly audit   'electron-to-chromium': [ '1.5.357' ],
5296 silly audit   'node-releases': [ '2.0.44' ],
5296 silly audit   'update-browserslist-db': [ '1.2.3' ],
5296 silly audit   esrecurse: [ '4.3.0' ],
5296 silly audit   acorn: [ '8.16.0' ],
5296 silly audit   'acorn-jsx': [ '5.3.2' ],
5296 silly audit   '@nodelib/fs.stat': [ '2.0.5' ],
5296 silly audit   '@nodelib/fs.walk': [ '1.2.8' ],
5296 silly audit   merge2: [ '1.4.1' ],
5296 silly audit   micromatch: [ '4.0.8' ],
5296 silly audit   '@nodelib/fs.scandir': [ '2.1.5' ],
5296 silly audit   fastq: [ '1.20.1' ],
5296 silly audit   'run-parallel': [ '1.2.0' ],
5296 silly audit   reusify: [ '1.1.0' ],
5296 silly audit   'flat-cache': [ '4.0.1' ],
5296 silly audit   'locate-path': [ '6.0.0' ],
5296 silly audit   'path-exists': [ '4.0.0' ],
5296 silly audit   flatted: [ '3.4.2' ],
5296 silly audit   keyv: [ '4.5.4' ],
5296 silly audit   'functions-have-names': [ '1.2.3' ],
5296 silly audit   'dunder-proto': [ '1.0.1' ],
5296 silly audit   'resolve-pkg-maps': [ '1.0.0' ],
5296 silly audit   hastscript: [ '9.0.1' ],
5296 silly audit   'web-namespaces': [ '2.0.1' ],
5296 silly audit   'comma-separated-tokens': [ '2.0.3' ],
5296 silly audit   'hast-util-parse-selector': [ '4.0.0' ],
5296 silly audit   'property-information': [ '7.1.0' ],
5296 silly audit   'space-separated-tokens': [ '2.0.2' ],
5296 silly audit   'hermes-estree': [ '0.25.1' ],
5296 silly audit   'parent-module': [ '1.0.1' ],
5296 silly audit   'resolve-from': [ '4.0.0' ],
5296 silly audit   'side-channel': [ '1.1.0' ],
5296 silly audit   'is-extglob': [ '2.1.1' ],
5296 silly audit   'set-function-name': [ '2.0.2' ],
5296 silly audit   argparse: [ '2.0.1' ],
5296 silly audit   'bignumber.js': [ '9.3.1' ],
5296 silly audit   jws: [ '4.0.1' ],
5296 silly audit   'lodash.includes': [ '4.3.0' ],
5296 silly audit   'lodash.isboolean': [ '3.0.3' ],
5296 silly audit   'lodash.isinteger': [ '4.0.4' ],
5296 silly audit   'lodash.isnumber': [ '3.0.3' ],
5296 silly audit   'lodash.isplainobject': [ '4.0.6' ],
5296 silly audit   'lodash.isstring': [ '4.0.1' ],
5296 silly audit   'lodash.once': [ '4.1.1' ],
5296 silly audit   jwa: [ '2.0.1' ],
5296 silly audit   'safe-buffer': [ '5.2.1' ],
5296 silly audit   'buffer-equal-constant-time': [ '1.0.1' ],
5296 silly audit   'ecdsa-sig-formatter': [ '1.0.11' ],
5296 silly audit   'json-buffer': [ '3.0.1' ],
5296 silly audit   'language-subtag-registry': [ '0.3.23' ],
5296 silly audit   'prelude-ls': [ '1.2.1' ],
5296 silly audit   'type-check': [ '0.4.0' ],
5296 silly audit   'isomorphic.js': [ '0.2.5' ],
5296 silly audit   'detect-libc': [ '2.1.2' ],
5296 silly audit   'lightningcss-android-arm64': [ '1.32.0' ],
5296 silly audit   'lightningcss-darwin-arm64': [ '1.32.0' ],
5296 silly audit   'lightningcss-darwin-x64': [ '1.32.0' ],
5296 silly audit   'lightningcss-freebsd-x64': [ '1.32.0' ],
5296 silly audit   'lightningcss-linux-arm-gnueabihf': [ '1.32.0' ],
5296 silly audit   'lightningcss-linux-arm64-gnu': [ '1.32.0' ],
5296 silly audit   'lightningcss-linux-arm64-musl': [ '1.32.0' ],
5296 silly audit   'lightningcss-linux-x64-gnu': [ '1.32.0' ],
5296 silly audit   'lightningcss-linux-x64-musl': [ '1.32.0' ],
5296 silly audit   'lightningcss-win32-arm64-msvc': [ '1.32.0' ],
5296 silly audit   'lightningcss-win32-x64-msvc': [ '1.32.0' ],
5296 silly audit   'p-locate': [ '5.0.0' ],
5296 silly audit   yallist: [ '3.1.1' ],
5296 silly audit   '@antoniomuso/lz4-napi-android-arm-eabi': [ '2.9.0' ],
5296 silly audit   '@antoniomuso/lz4-napi-android-arm64': [ '2.9.0' ],
5296 silly audit   '@antoniomuso/lz4-napi-darwin-arm64': [ '2.9.0' ],
5296 silly audit   '@antoniomuso/lz4-napi-darwin-x64': [ '2.9.0' ],
5296 silly audit   '@antoniomuso/lz4-napi-freebsd-x64': [ '2.9.0' ],
5296 silly audit   '@antoniomuso/lz4-napi-linux-arm-gnueabihf': [ '2.9.0' ],
5296 silly audit   '@antoniomuso/lz4-napi-linux-arm64-gnu': [ '2.9.0' ],
5296 silly audit   '@antoniomuso/lz4-napi-linux-arm64-musl': [ '2.9.0' ],
5296 silly audit   '@antoniomuso/lz4-napi-linux-x64-gnu': [ '2.9.0' ],
5296 silly audit   '@antoniomuso/lz4-napi-linux-x64-musl': [ '2.9.0' ],
5296 silly audit   '@antoniomuso/lz4-napi-win32-arm64-msvc': [ '2.9.0' ],
5296 silly audit   '@antoniomuso/lz4-napi-win32-ia32-msvc': [ '2.9.0' ],
5296 silly audit   '@antoniomuso/lz4-napi-win32-x64-msvc': [ '2.9.0' ],
5296 silly audit   '@node-rs/helper': [ '1.6.0' ],
5296 silly audit   '@napi-rs/triples': [ '1.2.0' ],
5296 silly audit   '@types/geojson': [ '7946.0.16' ],
5296 silly audit   denque: [ '2.1.0' ],
5296 silly audit   'iconv-lite': [ '0.6.3', '0.7.2' ],
5296 silly audit   'safer-buffer': [ '2.1.2' ],
5296 silly audit   braces: [ '3.0.3' ],
5296 silly audit   picomatch: [ '2.3.2', '4.0.4' ],
5296 silly audit   'fill-range': [ '7.1.1' ],
5296 silly audit   'to-regex-range': [ '5.0.1' ],
5296 silly audit   'brace-expansion': [ '1.1.14', '5.0.6' ],
5296 silly audit   'balanced-match': [ '1.0.2', '4.0.4' ],
5296 silly audit   'concat-map': [ '0.0.1' ],
5296 silly audit   '@next/env': [ '16.2.4' ],
5296 silly audit   '@next/swc-darwin-arm64': [ '16.2.4' ],
5296 silly audit   '@next/swc-darwin-x64': [ '16.2.4' ],
5296 silly audit   '@next/swc-linux-arm64-gnu': [ '16.2.4' ],
5296 silly audit   '@next/swc-linux-arm64-musl': [ '16.2.4' ],
5296 silly audit   '@next/swc-linux-x64-gnu': [ '16.2.4' ],
5296 silly audit   '@next/swc-linux-x64-musl': [ '16.2.4' ],
5296 silly audit   '@next/swc-win32-arm64-msvc': [ '16.2.4' ],
5296 silly audit   '@next/swc-win32-x64-msvc': [ '16.2.4' ],
5296 silly audit   '@swc/helpers': [ '0.5.15' ],
5296 silly audit   sharp: [ '0.34.5' ],
5296 silly audit   'styled-jsx': [ '5.1.6' ],
5296 silly audit   'deep-is': [ '0.1.4' ],
5296 silly audit   'fast-levenshtein': [ '2.0.6' ],
5296 silly audit   'word-wrap': [ '1.2.5' ],
5296 silly audit   'p-limit': [ '3.1.0' ],
5296 silly audit   'yocto-queue': [ '0.1.0' ],
5296 silly audit   callsites: [ '3.1.0' ],
5296 silly audit   nanoid: [ '3.3.12' ],
5296 silly audit   'expand-template': [ '2.0.3' ],
5296 silly audit   'github-from-package': [ '0.0.0' ],
5296 silly audit   minimist: [ '1.2.8' ],
5296 silly audit   'mkdirp-classic': [ '0.5.3' ],
5296 silly audit   'napi-build-utils': [ '2.0.0' ],
5296 silly audit   'node-abi': [ '3.92.0' ],
5296 silly audit   pump: [ '3.0.4' ],
5296 silly audit   rc: [ '1.2.8' ],
5296 silly audit   'simple-get': [ '4.0.1' ],
5296 silly audit   'tar-fs': [ '2.1.4' ],
5296 silly audit   'tunnel-agent': [ '0.6.0' ],
5296 silly audit   '@prisma/config': [ '7.8.0' ],
5296 silly audit   '@prisma/dev': [ '0.24.3' ],
5296 silly audit   '@prisma/engines': [ '7.8.0' ],
5296 silly audit   '@prisma/studio-core': [ '0.27.3' ],
5296 silly audit   mysql2: [ '3.15.3' ],
5296 silly audit   postgres: [ '3.4.7' ],
5296 silly audit   c12: [ '3.3.4' ],
5296 silly audit   'deepmerge-ts': [ '7.1.5' ],
5296 silly audit   effect: [ '3.20.0' ],
5296 silly audit   empathic: [ '2.0.0' ],
5296 silly audit   '@electric-sql/pglite': [ '0.4.1' ],
5296 silly audit   '@electric-sql/pglite-socket': [ '0.1.1' ],
5296 silly audit   '@electric-sql/pglite-tools': [ '0.3.1' ],
5296 silly audit   '@hono/node-server': [ '1.19.11' ],
5296 silly audit   hono: [ '4.12.19' ],
5296 silly audit   '@prisma/get-platform': [ '7.2.0', '7.8.0' ],
5296 silly audit   '@prisma/query-plan-executor': [ '7.2.0' ],
5296 silly audit   '@prisma/streams-local': [ '0.1.2' ],
5296 silly audit   'foreground-child': [ '3.3.1' ],
5296 silly audit   'get-port-please': [ '3.2.0' ],
5296 silly audit   'http-status-codes': [ '2.3.0' ],
5296 silly audit   pathe: [ '2.0.3' ],
5296 silly audit   'proper-lockfile': [ '4.1.2' ],
5296 silly audit   remeda: [ '2.33.4' ],
5296 silly audit   'std-env': [ '3.10.0' ],
5296 silly audit   valibot: [ '1.2.0' ],
5296 silly audit   zeptomatch: [ '2.1.0' ],
5296 silly audit   '@prisma/engines-version': [ '7.8.0-6.3c6e192761c0362d496ed980de936e2f3cebcd3a' ],
5296 silly audit   '@prisma/fetch-engine': [ '7.8.0' ],
5296 silly audit   'better-result': [ '2.9.2' ],
5296 silly audit   'env-paths': [ '3.0.0' ],
5296 silly audit   '@radix-ui/react-toggle': [ '1.1.10' ],
5296 silly audit   'chart.js': [ '4.5.1' ],
5296 silly audit   chokidar: [ '5.0.0' ],
5296 silly audit   confbox: [ '0.2.4' ],
5296 silly audit   defu: [ '6.1.7' ],
5296 silly audit   exsolve: [ '1.0.8' ],
5296 silly audit   giget: [ '3.2.0' ],
5296 silly audit   ohash: [ '2.0.11' ],
5296 silly audit   'perfect-debounce': [ '2.1.0' ],
5296 silly audit   'pkg-types': [ '2.3.1' ],
5296 silly audit   rc9: [ '3.0.1' ],
5296 silly audit   '@kurkle/color': [ '0.3.4' ],
5296 silly audit   readdirp: [ '5.0.0' ],
5296 silly audit   '@standard-schema/spec': [ '1.1.0' ],
5296 silly audit   'fast-check': [ '3.23.2' ],
5296 silly audit   'pure-rand': [ '6.1.0' ],
5296 silly audit   'signal-exit': [ '4.1.0', '3.0.7' ],
5296 silly audit   'aws-ssl-profiles': [ '1.1.2' ],
5296 silly audit   'generate-function': [ '2.3.1' ],
5296 silly audit   long: [ '5.3.2' ],
5296 silly audit   'lru.min': [ '1.1.4' ],
5296 silly audit   'named-placeholders': [ '1.1.6' ],
5296 silly audit   'seq-queue': [ '0.0.5' ],
5296 silly audit   sqlstring: [ '2.3.3' ],
5296 silly audit   'is-property': [ '1.0.2' ],
5296 silly audit   'loose-envify': [ '1.4.0' ],
5296 silly audit   'object-assign': [ '4.1.1' ],
5296 silly audit   retry: [ '0.12.0' ],
5296 silly audit   'rope-sequence': [ '1.3.4' ],
5296 silly audit   'w3c-keyname': [ '2.2.8' ],
5296 silly audit   orderedmap: [ '2.1.1' ],
5296 silly audit   'end-of-stream': [ '1.4.5' ],
5296 silly audit   once: [ '1.4.0' ],
5296 silly audit   wrappy: [ '1.0.2' ],
5296 silly audit   'deep-extend': [ '0.6.0' ],
5296 silly audit   ini: [ '1.3.8' ],
5296 silly audit   destr: [ '2.0.5' ],
5296 silly audit   '@date-fns/tz': [ '1.4.1' ],
5296 silly audit   scheduler: [ '0.27.0' ],
5296 silly audit   'react-remove-scroll-bar': [ '2.3.8' ],
5296 silly audit   'react-style-singleton': [ '2.2.3' ],
5296 silly audit   'use-callback-ref': [ '1.3.3' ],
5296 silly audit   'use-sidecar': [ '1.1.3' ],
5296 silly audit   'get-nonce': [ '1.0.1' ],
5296 silly audit   '@reduxjs/toolkit': [ '2.12.0' ],
5296 silly audit   'decimal.js-light': [ '2.5.1' ],
5296 silly audit   'es-toolkit': [ '1.46.1' ],
5296 silly audit   eventemitter3: [ '5.0.4' ],
5296 silly audit   immer: [ '10.2.0', '11.1.8' ],
5296 silly audit   'react-redux': [ '9.3.0' ],
5296 silly audit   reselect: [ '5.1.1' ],
5296 silly audit   'tiny-invariant': [ '1.3.3' ],
5296 silly audit   'victory-vendor': [ '37.3.6' ],
5296 silly audit   '@standard-schema/utils': [ '0.3.0' ],
5296 silly audit   redux: [ '5.0.1' ],
5296 silly audit   'redux-thunk': [ '3.1.0' ],
5296 silly audit   'hast-util-format': [ '1.1.0' ],
5296 silly audit   'hast-util-embedded': [ '3.0.0' ],
5296 silly audit   'hast-util-minify-whitespace': [ '1.0.1' ],
5296 silly audit   'hast-util-phrasing': [ '3.0.1' ],
5296 silly audit   'hast-util-whitespace': [ '3.0.0' ],
5296 silly audit   'html-whitespace-sensitive-tag-names': [ '3.0.1' ],
5296 silly audit   'unist-util-visit-parents': [ '6.0.2' ],
5296 silly audit   'hast-util-is-element': [ '3.0.0' ],
5296 silly audit   'unist-util-is': [ '6.0.1' ],
5296 silly audit   'hast-util-has-property': [ '3.0.0' ],
5296 silly audit   'hast-util-is-body-ok-link': [ '3.0.1' ],
5296 silly audit   'hast-util-from-html': [ '2.0.3' ],
5296 silly audit   devlop: [ '1.1.0' ],
5296 silly audit   'hast-util-from-parse5': [ '8.0.3' ],
5296 silly audit   parse5: [ '7.3.0' ],
5296 silly audit   vfile: [ '6.0.3' ],
5296 silly audit   'vfile-message': [ '4.0.3' ],
5296 silly audit   dequal: [ '2.0.3' ],
5296 silly audit   'vfile-location': [ '5.0.3' ],
5296 silly audit   entities: [ '6.0.1' ],
5296 silly audit   '@types/mdast': [ '4.0.4' ],
5296 silly audit   'hast-util-to-mdast': [ '10.1.2' ],
5296 silly audit   '@ungap/structured-clone': [ '1.3.1' ],
5296 silly audit   'hast-util-to-html': [ '9.0.5' ],
5296 silly audit   'hast-util-to-text': [ '4.0.2' ],
5296 silly audit   'mdast-util-phrasing': [ '4.1.0' ],
5296 silly audit   'mdast-util-to-hast': [ '13.2.1' ],
5296 silly audit   'mdast-util-to-string': [ '4.0.0' ],
5296 silly audit   'rehype-minify-whitespace': [ '6.0.2' ],
5296 silly audit   'trim-trailing-lines': [ '2.1.0' ],
5296 silly audit   'unist-util-position': [ '5.0.0' ],
5296 silly audit   ccount: [ '2.0.1' ],
5296 silly audit   'html-void-elements': [ '3.0.0' ],
5296 silly audit   'stringify-entities': [ '4.0.4' ],
5296 silly audit   zwitch: [ '2.0.4' ],
5296 silly audit   'unist-util-find-after': [ '5.0.0' ],
5296 silly audit   'micromark-util-sanitize-uri': [ '2.0.1' ],
5296 silly audit   'trim-lines': [ '3.0.1' ],
5296 silly audit   'micromark-util-character': [ '2.1.1' ],
5296 silly audit   'micromark-util-encode': [ '2.0.1' ],
5296 silly audit   'micromark-util-symbol': [ '2.0.1' ],
5296 silly audit   'micromark-util-types': [ '2.0.2' ],
5296 silly audit   'mdast-util-gfm': [ '3.1.0' ],
5296 silly audit   'micromark-extension-gfm': [ '3.0.0' ],
5296 silly audit   'mdast-util-from-markdown': [ '2.0.3' ],
5296 silly audit   'mdast-util-gfm-autolink-literal': [ '2.0.1' ],
5296 silly audit   'mdast-util-gfm-footnote': [ '2.1.0' ],
5296 silly audit   'mdast-util-gfm-strikethrough': [ '2.0.0' ],
5296 silly audit   'mdast-util-gfm-table': [ '2.0.0' ],
5296 silly audit   'mdast-util-gfm-task-list-item': [ '2.0.0' ],
5296 silly audit   'mdast-util-to-markdown': [ '2.1.2' ],
5296 silly audit   'decode-named-character-reference': [ '1.3.0' ],
5296 silly audit   micromark: [ '4.0.2' ],
5296 silly audit   'micromark-util-decode-numeric-character-reference': [ '2.0.2' ],
5296 silly audit   'micromark-util-decode-string': [ '2.0.1' ],
5296 silly audit   'micromark-util-normalize-identifier': [ '2.0.1' ],
5296 silly audit   'unist-util-stringify-position': [ '4.0.0' ],
5296 silly audit   'character-entities': [ '2.0.2' ],
5296 silly audit   'mdast-util-find-and-replace': [ '3.0.2' ],
5296 silly audit   'markdown-table': [ '3.0.4' ],
5296 silly audit   'longest-streak': [ '3.1.0' ],
5296 silly audit   'micromark-util-classify-character': [ '2.0.1' ],
5296 silly audit   '@types/debug': [ '4.1.13' ],
5296 silly audit   'micromark-core-commonmark': [ '2.0.3' ],
5296 silly audit   'micromark-factory-space': [ '2.0.1' ],
5296 silly audit   'micromark-util-chunked': [ '2.0.1' ],
5296 silly audit   'micromark-util-combine-extensions': [ '2.0.1' ],
5296 silly audit   'micromark-util-resolve-all': [ '2.0.1' ],
5296 silly audit   'micromark-util-subtokenize': [ '2.1.0' ],
5296 silly audit   'micromark-factory-destination': [ '2.0.1' ],
5296 silly audit   'micromark-factory-label': [ '2.0.1' ],
5296 silly audit   'micromark-factory-title': [ '2.0.1' ],
5296 silly audit   'micromark-factory-whitespace': [ '2.0.1' ],
5296 silly audit   'micromark-util-html-tag-name': [ '2.0.1' ],
5296 silly audit   'micromark-extension-gfm-autolink-literal': [ '2.1.0' ],
5296 silly audit   'micromark-extension-gfm-footnote': [ '2.1.0' ],
5296 silly audit   'micromark-extension-gfm-strikethrough': [ '2.1.0' ],
5296 silly audit   'micromark-extension-gfm-table': [ '2.1.1' ],
5296 silly audit   'micromark-extension-gfm-tagfilter': [ '2.0.0' ],
5296 silly audit   'micromark-extension-gfm-task-list-item': [ '2.1.0' ],
5296 silly audit   'node-exports-info': [ '1.6.0' ],
5296 silly audit   'path-parse': [ '1.0.7' ],
5296 silly audit   'supports-preserve-symlinks-flag': [ '1.0.0' ],
5296 silly audit   'queue-microtask': [ '1.2.3' ],
5296 silly audit   isarray: [ '2.0.5' ],
5296 silly audit   '@img/colour': [ '1.1.0' ],
5296 silly audit   '@img/sharp-darwin-arm64': [ '0.34.5' ],
5296 silly audit   '@img/sharp-darwin-x64': [ '0.34.5' ],
5296 silly audit   '@img/sharp-libvips-darwin-arm64': [ '1.2.4' ],
5296 silly audit   '@img/sharp-libvips-darwin-x64': [ '1.2.4' ],
5296 silly audit   '@img/sharp-libvips-linux-arm': [ '1.2.4' ],
5296 silly audit   '@img/sharp-libvips-linux-arm64': [ '1.2.4' ],
5296 silly audit   '@img/sharp-libvips-linux-ppc64': [ '1.2.4' ],
5296 silly audit   '@img/sharp-libvips-linux-riscv64': [ '1.2.4' ],
5296 silly audit   '@img/sharp-libvips-linux-s390x': [ '1.2.4' ],
5296 silly audit   '@img/sharp-libvips-linux-x64': [ '1.2.4' ],
5296 silly audit   '@img/sharp-libvips-linuxmusl-arm64': [ '1.2.4' ],
5296 silly audit   '@img/sharp-libvips-linuxmusl-x64': [ '1.2.4' ],
5296 silly audit   '@img/sharp-linux-arm': [ '0.34.5' ],
5296 silly audit   '@img/sharp-linux-arm64': [ '0.34.5' ],
5296 silly audit   '@img/sharp-linux-ppc64': [ '0.34.5' ],
5296 silly audit   '@img/sharp-linux-riscv64': [ '0.34.5' ],
5296 silly audit   '@img/sharp-linux-s390x': [ '0.34.5' ],
5296 silly audit   '@img/sharp-linux-x64': [ '0.34.5' ],
5296 silly audit   '@img/sharp-linuxmusl-arm64': [ '0.34.5' ],
5296 silly audit   '@img/sharp-linuxmusl-x64': [ '0.34.5' ],
5296 silly audit   '@img/sharp-wasm32': [ '0.34.5' ],
5296 silly audit   '@img/sharp-win32-arm64': [ '0.34.5' ],
5296 silly audit   '@img/sharp-win32-ia32': [ '0.34.5' ],
5296 silly audit   '@img/sharp-win32-x64': [ '0.34.5' ],
5296 silly audit   '@emnapi/runtime': [ '1.10.0' ],
5296 silly audit   'shebang-regex': [ '3.0.0' ],
5296 silly audit   'side-channel-list': [ '1.0.1' ],
5296 silly audit   'side-channel-map': [ '1.0.1' ],
5296 silly audit   'side-channel-weakmap': [ '1.0.2' ],
5296 silly audit   'decompress-response': [ '6.0.0' ],
5296 silly audit   'simple-concat': [ '1.0.1' ],
5296 silly audit   'mimic-response': [ '3.1.0' ],
5296 silly audit   '@napi-rs/snappy-android-arm-eabi': [ '7.3.3' ],
5296 silly audit   '@napi-rs/snappy-android-arm64': [ '7.3.3' ],
5296 silly audit   '@napi-rs/snappy-darwin-arm64': [ '7.3.3' ],
5296 silly audit   '@napi-rs/snappy-darwin-x64': [ '7.3.3' ],
5296 silly audit   '@napi-rs/snappy-freebsd-x64': [ '7.3.3' ],
5296 silly audit   '@napi-rs/snappy-linux-arm-gnueabihf': [ '7.3.3' ],
5296 silly audit   '@napi-rs/snappy-linux-arm64-gnu': [ '7.3.3' ],
5296 silly audit   '@napi-rs/snappy-linux-arm64-musl': [ '7.3.3' ],
5296 silly audit   '@napi-rs/snappy-linux-ppc64-gnu': [ '7.3.3' ],
5296 silly audit   '@napi-rs/snappy-linux-riscv64-gnu': [ '7.3.3' ],
5296 silly audit   '@napi-rs/snappy-linux-s390x-gnu': [ '7.3.3' ],
5296 silly audit   '@napi-rs/snappy-linux-x64-gnu': [ '7.3.3' ],
5296 silly audit   '@napi-rs/snappy-linux-x64-musl': [ '7.3.3' ],
5296 silly audit   '@napi-rs/snappy-openharmony-arm64': [ '7.3.3' ],
5296 silly audit   '@napi-rs/snappy-wasm32-wasi': [ '7.3.3' ],
5296 silly audit   '@napi-rs/snappy-win32-arm64-msvc': [ '7.3.3' ],
5296 silly audit   '@napi-rs/snappy-win32-ia32-msvc': [ '7.3.3' ],
5296 silly audit   '@napi-rs/snappy-win32-x64-msvc': [ '7.3.3' ],
5296 silly audit   '@napi-rs/wasm-runtime': [ '1.1.4', '0.2.12' ],
5296 silly audit   '@emnapi/core': [ '1.10.0' ],
5296 silly audit   '@emnapi/wasi-threads': [ '1.2.1' ],
5296 silly audit   '@tybys/wasm-util': [ '0.10.2' ],
5296 silly audit   'character-entities-html4': [ '2.1.0' ],
5296 silly audit   'character-entities-legacy': [ '3.0.0' ],
5296 silly audit   'client-only': [ '0.0.1' ],
5296 silly audit   'has-flag': [ '4.0.0' ],
5296 silly audit   chownr: [ '1.1.4' ],
5296 silly audit   'tar-stream': [ '2.2.0' ],
5296 silly audit   bl: [ '4.1.0' ],
5296 silly audit   'fs-constants': [ '1.0.0' ],
5296 silly audit   inherits: [ '2.0.4' ],
5296 silly audit   'readable-stream': [ '3.6.2' ],
5296 silly audit   buffer: [ '5.7.1' ],
5296 silly audit   'base64-js': [ '1.5.1' ],
5296 silly audit   ieee754: [ '1.2.1' ],
5296 silly audit   string_decoder: [ '1.3.0' ],
5296 silly audit   'util-deprecate': [ '1.0.2' ],
5296 silly audit   fdir: [ '6.5.0' ],
5296 silly audit   'is-number': [ '7.0.0' ],
5296 silly audit   '@types/json5': [ '0.0.29' ],
5296 silly audit   'strip-bom': [ '3.0.0' ],
5296 silly audit   esbuild: [ '0.28.0' ],
5296 silly audit   fsevents: [ '2.3.3' ],
5296 silly audit   '@esbuild/aix-ppc64': [ '0.28.0' ],
5296 silly audit   '@esbuild/android-arm': [ '0.28.0' ],
5296 silly audit   '@esbuild/android-arm64': [ '0.28.0' ],
5296 silly audit   '@esbuild/android-x64': [ '0.28.0' ],
5296 silly audit   '@esbuild/darwin-arm64': [ '0.28.0' ],
5296 silly audit   '@esbuild/darwin-x64': [ '0.28.0' ],
5296 silly audit   '@esbuild/freebsd-arm64': [ '0.28.0' ],
5296 silly audit   '@esbuild/freebsd-x64': [ '0.28.0' ],
5296 silly audit   '@esbuild/linux-arm': [ '0.28.0' ],
5296 silly audit   '@esbuild/linux-arm64': [ '0.28.0' ],
5296 silly audit   '@esbuild/linux-ia32': [ '0.28.0' ],
5296 silly audit   '@esbuild/linux-loong64': [ '0.28.0' ],
5296 silly audit   '@esbuild/linux-mips64el': [ '0.28.0' ],
5296 silly audit   '@esbuild/linux-ppc64': [ '0.28.0' ],
5296 silly audit   '@esbuild/linux-riscv64': [ '0.28.0' ],
5296 silly audit   '@esbuild/linux-s390x': [ '0.28.0' ],
5296 silly audit   '@esbuild/linux-x64': [ '0.28.0' ],
5296 silly audit   '@esbuild/netbsd-arm64': [ '0.28.0' ],
5296 silly audit   '@esbuild/netbsd-x64': [ '0.28.0' ],
5296 silly audit   '@esbuild/openbsd-arm64': [ '0.28.0' ],
5296 silly audit   '@esbuild/openbsd-x64': [ '0.28.0' ],
5296 silly audit   '@esbuild/openharmony-arm64': [ '0.28.0' ],
5296 silly audit   '@esbuild/sunos-x64': [ '0.28.0' ],
5296 silly audit   '@esbuild/win32-arm64': [ '0.28.0' ],
5296 silly audit   '@esbuild/win32-ia32': [ '0.28.0' ],
5296 silly audit   '@esbuild/win32-x64': [ '0.28.0' ],
5296 silly audit   'tagged-tag': [ '1.0.0' ],
5296 silly audit   'for-each': [ '0.3.5' ],
5296 silly audit   'reflect.getprototypeof': [ '1.0.10' ],
5296 silly audit   'which-builtin-type': [ '1.2.1' ],
5296 silly audit   '@typescript-eslint/eslint-plugin': [ '8.59.3' ],
5296 silly audit   '@typescript-eslint/parser': [ '8.59.3' ],
5296 silly audit   '@typescript-eslint/typescript-estree': [ '8.59.3' ],
5296 silly audit   '@typescript-eslint/utils': [ '8.59.3' ],
5296 silly audit   '@typescript-eslint/scope-manager': [ '8.59.3' ],
5296 silly audit   '@typescript-eslint/type-utils': [ '8.59.3' ],
5296 silly audit   '@typescript-eslint/visitor-keys': [ '8.59.3' ],
5296 silly audit   'ts-api-utils': [ '2.5.0' ],
5296 silly audit   '@typescript-eslint/types': [ '8.59.3' ],
5296 silly audit   '@typescript-eslint/project-service': [ '8.59.3' ],
5296 silly audit   '@typescript-eslint/tsconfig-utils': [ '8.59.3' ],
5296 silly audit   'has-bigints': [ '1.1.0' ],
5296 silly audit   'which-boxed-primitive': [ '1.1.1' ],
5296 silly audit   bail: [ '2.0.2' ],
5296 silly audit   extend: [ '3.0.2' ],
5296 silly audit   'is-plain-obj': [ '4.1.0' ],
5296 silly audit   trough: [ '2.2.0' ],
5296 silly audit   '@unrs/resolver-binding-android-arm-eabi': [ '1.11.1' ],
5296 silly audit   '@unrs/resolver-binding-android-arm64': [ '1.11.1' ],
5296 silly audit   '@unrs/resolver-binding-darwin-arm64': [ '1.11.1' ],
5296 silly audit   '@unrs/resolver-binding-darwin-x64': [ '1.11.1' ],
5296 silly audit   '@unrs/resolver-binding-freebsd-x64': [ '1.11.1' ],
5296 silly audit   '@unrs/resolver-binding-linux-arm-gnueabihf': [ '1.11.1' ],
5296 silly audit   '@unrs/resolver-binding-linux-arm-musleabihf': [ '1.11.1' ],
5296 silly audit   '@unrs/resolver-binding-linux-arm64-gnu': [ '1.11.1' ],
5296 silly audit   '@unrs/resolver-binding-linux-arm64-musl': [ '1.11.1' ],
5296 silly audit   '@unrs/resolver-binding-linux-ppc64-gnu': [ '1.11.1' ],
5296 silly audit   '@unrs/resolver-binding-linux-riscv64-gnu': [ '1.11.1' ],
5296 silly audit   '@unrs/resolver-binding-linux-riscv64-musl': [ '1.11.1' ],
5296 silly audit   '@unrs/resolver-binding-linux-s390x-gnu': [ '1.11.1' ],
5296 silly audit   '@unrs/resolver-binding-linux-x64-gnu': [ '1.11.1' ],
5296 silly audit   '@unrs/resolver-binding-linux-x64-musl': [ '1.11.1' ],
5296 silly audit   '@unrs/resolver-binding-wasm32-wasi': [ '1.11.1' ],
5296 silly audit   '@unrs/resolver-binding-win32-arm64-msvc': [ '1.11.1' ],
5296 silly audit   '@unrs/resolver-binding-win32-ia32-msvc': [ '1.11.1' ],
5296 silly audit   '@unrs/resolver-binding-win32-x64-msvc': [ '1.11.1' ],
5296 silly audit   'napi-postinstall': [ '0.3.4' ],
5296 silly audit   escalade: [ '3.2.0' ],
5296 silly audit   'detect-node-es': [ '1.1.0' ],
5296 silly audit   '@types/d3-array': [ '3.2.2' ],
5296 silly audit   '@types/d3-ease': [ '3.0.2' ],
5296 silly audit   '@types/d3-interpolate': [ '3.0.4' ],
5296 silly audit   '@types/d3-scale': [ '4.0.9' ],
5296 silly audit   '@types/d3-shape': [ '3.1.8' ],
5296 silly audit   '@types/d3-time': [ '3.0.4' ],
5296 silly audit   '@types/d3-timer': [ '3.0.2' ],
5296 silly audit   'd3-array': [ '3.2.4' ],
5296 silly audit   'd3-ease': [ '3.0.1' ],
5296 silly audit   'd3-interpolate': [ '3.0.1' ],
5296 silly audit   'd3-scale': [ '4.0.2' ],
5296 silly audit   'd3-shape': [ '3.2.0' ],
5296 silly audit   'd3-time': [ '3.1.0' ],
5296 silly audit   'd3-timer': [ '3.0.1' ],
5296 silly audit   '@types/d3-color': [ '3.1.3' ],
5296 silly audit   '@types/d3-path': [ '3.1.1' ],
5296 silly audit   internmap: [ '2.0.3' ],
5296 silly audit   'd3-color': [ '3.1.0' ],
5296 silly audit   'd3-format': [ '3.1.2' ],
5296 silly audit   'd3-time-format': [ '4.1.0' ],
5296 silly audit   'd3-path': [ '3.1.0' ],
5296 silly audit   isexe: [ '2.0.0' ],
5296 silly audit   'is-bigint': [ '1.1.0' ],
5296 silly audit   'is-boolean-object': [ '1.2.2' ],
5296 silly audit   'is-number-object': [ '1.1.1' ],
5296 silly audit   'is-async-function': [ '2.1.1' ],
5296 silly audit   'is-finalizationregistry': [ '1.1.1' ],
5296 silly audit   'is-generator-function': [ '1.1.2' ],
5296 silly audit   'which-collection': [ '1.0.2' ],
5296 silly audit   'async-function': [ '1.0.0' ],
5296 silly audit   'generator-function': [ '2.0.1' ],
5296 silly audit   'is-map': [ '2.0.3' ],
5296 silly audit   'is-weakmap': [ '2.0.2' ],
5296 silly audit   'is-weakset': [ '2.0.4' ],
5296 silly audit   grammex: [ '3.1.12' ],
5296 silly audit   graphmatch: [ '1.1.1' ],
5296 silly audit   'fast-json-stable-stringify': [ '2.1.0' ],
5296 silly audit   'uri-js': [ '4.4.1' ],
5296 silly audit   punycode: [ '2.3.1' ]
5296 silly audit }
5297 http cache punycode@https://registry.npmjs.org/punycode/-/punycode-2.3.1.tgz 0ms (cache hit)
5298 http cache fast-json-stable-stringify@https://registry.npmjs.org/fast-json-stable-stringify/-/fast-json-stable-stringify-2.1.0.tgz 0ms (cache hit)
5299 http cache uri-js@https://registry.npmjs.org/uri-js/-/uri-js-4.4.1.tgz 0ms (cache hit)
5300 http cache grammex@https://registry.npmjs.org/grammex/-/grammex-3.1.12.tgz 0ms (cache hit)
5301 http cache graphmatch@https://registry.npmjs.org/graphmatch/-/graphmatch-1.1.1.tgz 0ms (cache hit)
5302 http cache is-map@https://registry.npmjs.org/is-map/-/is-map-2.0.3.tgz 0ms (cache hit)
5303 http cache is-weakset@https://registry.npmjs.org/is-weakset/-/is-weakset-2.0.4.tgz 0ms (cache hit)
5304 http cache generator-function@https://registry.npmjs.org/generator-function/-/generator-function-2.0.1.tgz 0ms (cache hit)
5305 http cache async-function@https://registry.npmjs.org/async-function/-/async-function-1.0.0.tgz 0ms (cache hit)
5306 http cache is-weakmap@https://registry.npmjs.org/is-weakmap/-/is-weakmap-2.0.2.tgz 0ms (cache hit)
5307 http cache is-generator-function@https://registry.npmjs.org/is-generator-function/-/is-generator-function-1.1.2.tgz 0ms (cache hit)
5308 http cache which-collection@https://registry.npmjs.org/which-collection/-/which-collection-1.0.2.tgz 0ms (cache hit)
5309 http cache is-async-function@https://registry.npmjs.org/is-async-function/-/is-async-function-2.1.1.tgz 0ms (cache hit)
5310 http cache is-finalizationregistry@https://registry.npmjs.org/is-finalizationregistry/-/is-finalizationregistry-1.1.1.tgz 0ms (cache hit)
5311 http cache isexe@https://registry.npmjs.org/isexe/-/isexe-2.0.0.tgz 0ms (cache hit)
5312 http cache is-bigint@https://registry.npmjs.org/is-bigint/-/is-bigint-1.1.0.tgz 0ms (cache hit)
5313 http cache is-number-object@https://registry.npmjs.org/is-number-object/-/is-number-object-1.1.1.tgz 0ms (cache hit)
5314 http cache is-boolean-object@https://registry.npmjs.org/is-boolean-object/-/is-boolean-object-1.2.2.tgz 0ms (cache hit)
5315 http cache d3-time-format@https://registry.npmjs.org/d3-time-format/-/d3-time-format-4.1.0.tgz 0ms (cache hit)
5316 http cache d3-path@https://registry.npmjs.org/d3-path/-/d3-path-3.1.0.tgz 0ms (cache hit)
5317 http cache d3-color@https://registry.npmjs.org/d3-color/-/d3-color-3.1.0.tgz 0ms (cache hit)
5318 http cache d3-format@https://registry.npmjs.org/d3-format/-/d3-format-3.1.2.tgz 0ms (cache hit)
5319 http cache internmap@https://registry.npmjs.org/internmap/-/internmap-2.0.3.tgz 0ms (cache hit)
5320 http cache @types/d3-path@https://registry.npmjs.org/@types/d3-path/-/d3-path-3.1.1.tgz 0ms (cache hit)
5321 http cache d3-timer@https://registry.npmjs.org/d3-timer/-/d3-timer-3.0.1.tgz 0ms (cache hit)
5322 http cache d3-scale@https://registry.npmjs.org/d3-scale/-/d3-scale-4.0.2.tgz 0ms (cache hit)
5323 http cache d3-time@https://registry.npmjs.org/d3-time/-/d3-time-3.1.0.tgz 0ms (cache hit)
5324 http cache @types/d3-color@https://registry.npmjs.org/@types/d3-color/-/d3-color-3.1.3.tgz 0ms (cache hit)
5325 http cache d3-shape@https://registry.npmjs.org/d3-shape/-/d3-shape-3.2.0.tgz 0ms (cache hit)
5326 http cache d3-interpolate@https://registry.npmjs.org/d3-interpolate/-/d3-interpolate-3.0.1.tgz 0ms (cache hit)
5327 http cache d3-ease@https://registry.npmjs.org/d3-ease/-/d3-ease-3.0.1.tgz 0ms (cache hit)
5328 http cache @types/d3-time@https://registry.npmjs.org/@types/d3-time/-/d3-time-3.0.4.tgz 0ms (cache hit)
5329 http cache @types/d3-timer@https://registry.npmjs.org/@types/d3-timer/-/d3-timer-3.0.2.tgz 0ms (cache hit)
5330 http cache d3-array@https://registry.npmjs.org/d3-array/-/d3-array-3.2.4.tgz 0ms (cache hit)
5331 http cache @types/d3-shape@https://registry.npmjs.org/@types/d3-shape/-/d3-shape-3.1.8.tgz 0ms (cache hit)
5332 http cache @types/d3-scale@https://registry.npmjs.org/@types/d3-scale/-/d3-scale-4.0.9.tgz 0ms (cache hit)
5333 http cache @types/d3-interpolate@https://registry.npmjs.org/@types/d3-interpolate/-/d3-interpolate-3.0.4.tgz 0ms (cache hit)
5334 http cache @types/d3-ease@https://registry.npmjs.org/@types/d3-ease/-/d3-ease-3.0.2.tgz 0ms (cache hit)
5335 http cache @types/d3-array@https://registry.npmjs.org/@types/d3-array/-/d3-array-3.2.2.tgz 0ms (cache hit)
5336 http cache detect-node-es@https://registry.npmjs.org/detect-node-es/-/detect-node-es-1.1.0.tgz 0ms (cache hit)
5337 http cache escalade@https://registry.npmjs.org/escalade/-/escalade-3.2.0.tgz 0ms (cache hit)
5338 http cache napi-postinstall@https://registry.npmjs.org/napi-postinstall/-/napi-postinstall-0.3.4.tgz 0ms (cache hit)
5339 http cache @unrs/resolver-binding-darwin-x64@https://registry.npmjs.org/@unrs/resolver-binding-darwin-x64/-/resolver-binding-darwin-x64-1.11.1.tgz 1ms (cache hit)
5340 http cache trough@https://registry.npmjs.org/trough/-/trough-2.2.0.tgz 0ms (cache hit)
5341 http cache is-plain-obj@https://registry.npmjs.org/is-plain-obj/-/is-plain-obj-4.1.0.tgz 0ms (cache hit)
5342 http cache which-boxed-primitive@https://registry.npmjs.org/which-boxed-primitive/-/which-boxed-primitive-1.1.1.tgz 0ms (cache hit)
5343 http cache extend@https://registry.npmjs.org/extend/-/extend-3.0.2.tgz 0ms (cache hit)
5344 http cache bail@https://registry.npmjs.org/bail/-/bail-2.0.2.tgz 0ms (cache hit)
5345 http cache has-bigints@https://registry.npmjs.org/has-bigints/-/has-bigints-1.1.0.tgz 0ms (cache hit)
5346 http cache @typescript-eslint/tsconfig-utils@https://registry.npmjs.org/@typescript-eslint/tsconfig-utils/-/tsconfig-utils-8.59.3.tgz 0ms (cache hit)
5347 http cache @typescript-eslint/project-service@https://registry.npmjs.org/@typescript-eslint/project-service/-/project-service-8.59.3.tgz 0ms (cache hit)
5348 http cache @typescript-eslint/types@https://registry.npmjs.org/@typescript-eslint/types/-/types-8.59.3.tgz 0ms (cache hit)
5349 http cache ts-api-utils@https://registry.npmjs.org/ts-api-utils/-/ts-api-utils-2.5.0.tgz 0ms (cache hit)
5350 http cache @typescript-eslint/type-utils@https://registry.npmjs.org/@typescript-eslint/type-utils/-/type-utils-8.59.3.tgz 0ms (cache hit)
5351 http cache @typescript-eslint/scope-manager@https://registry.npmjs.org/@typescript-eslint/scope-manager/-/scope-manager-8.59.3.tgz 0ms (cache hit)
5352 http cache @typescript-eslint/utils@https://registry.npmjs.org/@typescript-eslint/utils/-/utils-8.59.3.tgz 0ms (cache hit)
5353 http cache @typescript-eslint/eslint-plugin@https://registry.npmjs.org/@typescript-eslint/eslint-plugin/-/eslint-plugin-8.59.3.tgz 0ms (cache hit)
5354 http cache @typescript-eslint/visitor-keys@https://registry.npmjs.org/@typescript-eslint/visitor-keys/-/visitor-keys-8.59.3.tgz 0ms (cache hit)
5355 http cache @typescript-eslint/parser@https://registry.npmjs.org/@typescript-eslint/parser/-/parser-8.59.3.tgz 0ms (cache hit)
5356 http cache reflect.getprototypeof@https://registry.npmjs.org/reflect.getprototypeof/-/reflect.getprototypeof-1.0.10.tgz 0ms (cache hit)
5357 http cache which-builtin-type@https://registry.npmjs.org/which-builtin-type/-/which-builtin-type-1.2.1.tgz 0ms (cache hit)
5358 http cache for-each@https://registry.npmjs.org/for-each/-/for-each-0.3.5.tgz 0ms (cache hit)
5359 http cache @typescript-eslint/typescript-estree@https://registry.npmjs.org/@typescript-eslint/typescript-estree/-/typescript-estree-8.59.3.tgz 0ms (cache hit)
5360 http cache tagged-tag@https://registry.npmjs.org/tagged-tag/-/tagged-tag-1.0.0.tgz 0ms (cache hit)
5361 http cache fsevents@https://registry.npmjs.org/fsevents/-/fsevents-2.3.3.tgz 0ms (cache hit)
5362 http cache @esbuild/darwin-x64@https://registry.npmjs.org/@esbuild/darwin-x64/-/darwin-x64-0.28.0.tgz 0ms (cache hit)
5363 http cache @types/json5@https://registry.npmjs.org/@types/json5/-/json5-0.0.29.tgz 0ms (cache hit)
5364 http cache esbuild@https://registry.npmjs.org/esbuild/-/esbuild-0.28.0.tgz 0ms (cache hit)
5365 http cache util-deprecate@https://registry.npmjs.org/util-deprecate/-/util-deprecate-1.0.2.tgz 0ms (cache hit)
5366 http cache strip-bom@https://registry.npmjs.org/strip-bom/-/strip-bom-3.0.0.tgz 0ms (cache hit)
5367 http cache is-number@https://registry.npmjs.org/is-number/-/is-number-7.0.0.tgz 0ms (cache hit)
5368 http cache string_decoder@https://registry.npmjs.org/string_decoder/-/string_decoder-1.3.0.tgz 0ms (cache hit)
5369 http cache base64-js@https://registry.npmjs.org/base64-js/-/base64-js-1.5.1.tgz 0ms (cache hit)
5370 http cache readable-stream@https://registry.npmjs.org/readable-stream/-/readable-stream-3.6.2.tgz 0ms (cache hit)
5371 http cache ieee754@https://registry.npmjs.org/ieee754/-/ieee754-1.2.1.tgz 0ms (cache hit)
5372 http cache inherits@https://registry.npmjs.org/inherits/-/inherits-2.0.4.tgz 0ms (cache hit)
5373 http cache fs-constants@https://registry.npmjs.org/fs-constants/-/fs-constants-1.0.0.tgz 0ms (cache hit)
5374 http cache buffer@https://registry.npmjs.org/buffer/-/buffer-5.7.1.tgz 0ms (cache hit)
5375 http cache tar-stream@https://registry.npmjs.org/tar-stream/-/tar-stream-2.2.0.tgz 0ms (cache hit)
5376 http cache bl@https://registry.npmjs.org/bl/-/bl-4.1.0.tgz 0ms (cache hit)
5377 http cache has-flag@https://registry.npmjs.org/has-flag/-/has-flag-4.0.0.tgz 0ms (cache hit)
5378 http cache character-entities-legacy@https://registry.npmjs.org/character-entities-legacy/-/character-entities-legacy-3.0.0.tgz 0ms (cache hit)
5379 http cache chownr@https://registry.npmjs.org/chownr/-/chownr-1.1.4.tgz 0ms (cache hit)
5380 http cache client-only@https://registry.npmjs.org/client-only/-/client-only-0.0.1.tgz 0ms (cache hit)
5381 http cache character-entities-html4@https://registry.npmjs.org/character-entities-html4/-/character-entities-html4-2.1.0.tgz 0ms (cache hit)
5382 http cache @tybys/wasm-util@https://registry.npmjs.org/@tybys/wasm-util/-/wasm-util-0.10.2.tgz 0ms (cache hit)
5383 http cache @emnapi/wasi-threads@https://registry.npmjs.org/@emnapi/wasi-threads/-/wasi-threads-1.2.1.tgz 0ms (cache hit)
5384 http cache @napi-rs/wasm-runtime@https://registry.npmjs.org/@napi-rs/wasm-runtime/-/wasm-runtime-1.1.4.tgz 0ms (cache hit)
5385 http cache @emnapi/core@https://registry.npmjs.org/@emnapi/core/-/core-1.10.0.tgz 0ms (cache hit)
5386 http cache simple-concat@https://registry.npmjs.org/simple-concat/-/simple-concat-1.0.1.tgz 0ms (cache hit)
5387 http cache @napi-rs/snappy-darwin-x64@https://registry.npmjs.org/@napi-rs/snappy-darwin-x64/-/snappy-darwin-x64-7.3.3.tgz 0ms (cache hit)
5388 http cache mimic-response@https://registry.npmjs.org/mimic-response/-/mimic-response-3.1.0.tgz 0ms (cache hit)
5389 http cache side-channel-weakmap@https://registry.npmjs.org/side-channel-weakmap/-/side-channel-weakmap-1.0.2.tgz 0ms (cache hit)
5390 http cache side-channel-map@https://registry.npmjs.org/side-channel-map/-/side-channel-map-1.0.1.tgz 0ms (cache hit)
5391 http cache decompress-response@https://registry.npmjs.org/decompress-response/-/decompress-response-6.0.0.tgz 0ms (cache hit)
5392 http cache side-channel-list@https://registry.npmjs.org/side-channel-list/-/side-channel-list-1.0.1.tgz 0ms (cache hit)
5393 http cache @emnapi/runtime@https://registry.npmjs.org/@emnapi/runtime/-/runtime-1.10.0.tgz 0ms (cache hit)
5394 http cache shebang-regex@https://registry.npmjs.org/shebang-regex/-/shebang-regex-3.0.0.tgz 0ms (cache hit)
5395 http cache @img/sharp-darwin-x64@https://registry.npmjs.org/@img/sharp-darwin-x64/-/sharp-darwin-x64-0.34.5.tgz 0ms (cache hit)
5396 http cache @img/sharp-libvips-darwin-x64@https://registry.npmjs.org/@img/sharp-libvips-darwin-x64/-/sharp-libvips-darwin-x64-1.2.4.tgz 0ms (cache hit)
5397 http cache @img/colour@https://registry.npmjs.org/@img/colour/-/colour-1.1.0.tgz 0ms (cache hit)
5398 http cache isarray@https://registry.npmjs.org/isarray/-/isarray-2.0.5.tgz 0ms (cache hit)
5399 http cache node-exports-info@https://registry.npmjs.org/node-exports-info/-/node-exports-info-1.6.0.tgz 0ms (cache hit)
5400 http cache path-parse@https://registry.npmjs.org/path-parse/-/path-parse-1.0.7.tgz 0ms (cache hit)
5401 http cache queue-microtask@https://registry.npmjs.org/queue-microtask/-/queue-microtask-1.2.3.tgz 0ms (cache hit)
5402 http cache supports-preserve-symlinks-flag@https://registry.npmjs.org/supports-preserve-symlinks-flag/-/supports-preserve-symlinks-flag-1.0.0.tgz 0ms (cache hit)
5403 http cache micromark-extension-gfm-task-list-item@https://registry.npmjs.org/micromark-extension-gfm-task-list-item/-/micromark-extension-gfm-task-list-item-2.1.0.tgz 0ms (cache hit)
5404 http cache micromark-extension-gfm-tagfilter@https://registry.npmjs.org/micromark-extension-gfm-tagfilter/-/micromark-extension-gfm-tagfilter-2.0.0.tgz 0ms (cache hit)
5405 http cache micromark-extension-gfm-table@https://registry.npmjs.org/micromark-extension-gfm-table/-/micromark-extension-gfm-table-2.1.1.tgz 0ms (cache hit)
5406 http cache micromark-extension-gfm-footnote@https://registry.npmjs.org/micromark-extension-gfm-footnote/-/micromark-extension-gfm-footnote-2.1.0.tgz 0ms (cache hit)
5407 http cache micromark-extension-gfm-strikethrough@https://registry.npmjs.org/micromark-extension-gfm-strikethrough/-/micromark-extension-gfm-strikethrough-2.1.0.tgz 0ms (cache hit)
5408 http cache micromark-util-html-tag-name@https://registry.npmjs.org/micromark-util-html-tag-name/-/micromark-util-html-tag-name-2.0.1.tgz 0ms (cache hit)
5409 http cache micromark-extension-gfm-autolink-literal@https://registry.npmjs.org/micromark-extension-gfm-autolink-literal/-/micromark-extension-gfm-autolink-literal-2.1.0.tgz 0ms (cache hit)
5410 http cache micromark-factory-whitespace@https://registry.npmjs.org/micromark-factory-whitespace/-/micromark-factory-whitespace-2.0.1.tgz 0ms (cache hit)
5411 http cache micromark-factory-label@https://registry.npmjs.org/micromark-factory-label/-/micromark-factory-label-2.0.1.tgz 0ms (cache hit)
5412 http cache micromark-factory-title@https://registry.npmjs.org/micromark-factory-title/-/micromark-factory-title-2.0.1.tgz 0ms (cache hit)
5413 http cache micromark-factory-destination@https://registry.npmjs.org/micromark-factory-destination/-/micromark-factory-destination-2.0.1.tgz 0ms (cache hit)
5414 http cache micromark-util-subtokenize@https://registry.npmjs.org/micromark-util-subtokenize/-/micromark-util-subtokenize-2.1.0.tgz 0ms (cache hit)
5415 http cache micromark-factory-space@https://registry.npmjs.org/micromark-factory-space/-/micromark-factory-space-2.0.1.tgz 0ms (cache hit)
5416 http cache micromark-util-combine-extensions@https://registry.npmjs.org/micromark-util-combine-extensions/-/micromark-util-combine-extensions-2.0.1.tgz 0ms (cache hit)
5417 http cache micromark-util-resolve-all@https://registry.npmjs.org/micromark-util-resolve-all/-/micromark-util-resolve-all-2.0.1.tgz 0ms (cache hit)
5418 http cache micromark-util-chunked@https://registry.npmjs.org/micromark-util-chunked/-/micromark-util-chunked-2.0.1.tgz 0ms (cache hit)
5419 http cache micromark-core-commonmark@https://registry.npmjs.org/micromark-core-commonmark/-/micromark-core-commonmark-2.0.3.tgz 0ms (cache hit)
5420 http cache longest-streak@https://registry.npmjs.org/longest-streak/-/longest-streak-3.1.0.tgz 0ms (cache hit)
5421 http cache @types/debug@https://registry.npmjs.org/@types/debug/-/debug-4.1.13.tgz 0ms (cache hit)
5422 http cache micromark-util-classify-character@https://registry.npmjs.org/micromark-util-classify-character/-/micromark-util-classify-character-2.0.1.tgz 0ms (cache hit)
5423 http cache markdown-table@https://registry.npmjs.org/markdown-table/-/markdown-table-3.0.4.tgz 0ms (cache hit)
5424 http cache mdast-util-find-and-replace@https://registry.npmjs.org/mdast-util-find-and-replace/-/mdast-util-find-and-replace-3.0.2.tgz 0ms (cache hit)
5425 http cache character-entities@https://registry.npmjs.org/character-entities/-/character-entities-2.0.2.tgz 0ms (cache hit)
5426 http cache micromark-util-normalize-identifier@https://registry.npmjs.org/micromark-util-normalize-identifier/-/micromark-util-normalize-identifier-2.0.1.tgz 0ms (cache hit)
5427 http cache unist-util-stringify-position@https://registry.npmjs.org/unist-util-stringify-position/-/unist-util-stringify-position-4.0.0.tgz 0ms (cache hit)
5428 http cache micromark-util-decode-numeric-character-reference@https://registry.npmjs.org/micromark-util-decode-numeric-character-reference/-/micromark-util-decode-numeric-character-reference-2.0.2.tgz 0ms (cache hit)
5429 http cache decode-named-character-reference@https://registry.npmjs.org/decode-named-character-reference/-/decode-named-character-reference-1.3.0.tgz 0ms (cache hit)
5430 http cache micromark-util-decode-string@https://registry.npmjs.org/micromark-util-decode-string/-/micromark-util-decode-string-2.0.1.tgz 0ms (cache hit)
5431 http cache micromark@https://registry.npmjs.org/micromark/-/micromark-4.0.2.tgz 0ms (cache hit)
5432 http cache mdast-util-to-markdown@https://registry.npmjs.org/mdast-util-to-markdown/-/mdast-util-to-markdown-2.1.2.tgz 0ms (cache hit)
5433 http cache mdast-util-gfm-task-list-item@https://registry.npmjs.org/mdast-util-gfm-task-list-item/-/mdast-util-gfm-task-list-item-2.0.0.tgz 0ms (cache hit)
5434 http cache mdast-util-gfm-table@https://registry.npmjs.org/mdast-util-gfm-table/-/mdast-util-gfm-table-2.0.0.tgz 0ms (cache hit)
5435 http cache mdast-util-gfm-strikethrough@https://registry.npmjs.org/mdast-util-gfm-strikethrough/-/mdast-util-gfm-strikethrough-2.0.0.tgz 0ms (cache hit)
5436 http cache mdast-util-gfm-footnote@https://registry.npmjs.org/mdast-util-gfm-footnote/-/mdast-util-gfm-footnote-2.1.0.tgz 0ms (cache hit)
5437 http cache micromark-extension-gfm@https://registry.npmjs.org/micromark-extension-gfm/-/micromark-extension-gfm-3.0.0.tgz 0ms (cache hit)
5438 http cache mdast-util-from-markdown@https://registry.npmjs.org/mdast-util-from-markdown/-/mdast-util-from-markdown-2.0.3.tgz 0ms (cache hit)
5439 http cache mdast-util-gfm@https://registry.npmjs.org/mdast-util-gfm/-/mdast-util-gfm-3.1.0.tgz 0ms (cache hit)
5440 http cache mdast-util-gfm-autolink-literal@https://registry.npmjs.org/mdast-util-gfm-autolink-literal/-/mdast-util-gfm-autolink-literal-2.0.1.tgz 0ms (cache hit)
5441 http cache micromark-util-types@https://registry.npmjs.org/micromark-util-types/-/micromark-util-types-2.0.2.tgz 0ms (cache hit)
5442 http cache micromark-util-symbol@https://registry.npmjs.org/micromark-util-symbol/-/micromark-util-symbol-2.0.1.tgz 0ms (cache hit)
5443 http cache micromark-util-character@https://registry.npmjs.org/micromark-util-character/-/micromark-util-character-2.1.1.tgz 0ms (cache hit)
5444 http cache micromark-util-encode@https://registry.npmjs.org/micromark-util-encode/-/micromark-util-encode-2.0.1.tgz 0ms (cache hit)
5445 http cache trim-lines@https://registry.npmjs.org/trim-lines/-/trim-lines-3.0.1.tgz 0ms (cache hit)
5446 http cache micromark-util-sanitize-uri@https://registry.npmjs.org/micromark-util-sanitize-uri/-/micromark-util-sanitize-uri-2.0.1.tgz 0ms (cache hit)
5447 http cache unist-util-find-after@https://registry.npmjs.org/unist-util-find-after/-/unist-util-find-after-5.0.0.tgz 0ms (cache hit)
5448 http cache zwitch@https://registry.npmjs.org/zwitch/-/zwitch-2.0.4.tgz 0ms (cache hit)
5449 http cache stringify-entities@https://registry.npmjs.org/stringify-entities/-/stringify-entities-4.0.4.tgz 0ms (cache hit)
5450 http cache unist-util-position@https://registry.npmjs.org/unist-util-position/-/unist-util-position-5.0.0.tgz 0ms (cache hit)
5451 http cache trim-trailing-lines@https://registry.npmjs.org/trim-trailing-lines/-/trim-trailing-lines-2.1.0.tgz 0ms (cache hit)
5452 http cache ccount@https://registry.npmjs.org/ccount/-/ccount-2.0.1.tgz 0ms (cache hit)
5453 http cache html-void-elements@https://registry.npmjs.org/html-void-elements/-/html-void-elements-3.0.0.tgz 0ms (cache hit)
5454 http cache rehype-minify-whitespace@https://registry.npmjs.org/rehype-minify-whitespace/-/rehype-minify-whitespace-6.0.2.tgz 0ms (cache hit)
5455 http cache mdast-util-to-string@https://registry.npmjs.org/mdast-util-to-string/-/mdast-util-to-string-4.0.0.tgz 0ms (cache hit)
5456 http cache mdast-util-to-hast@https://registry.npmjs.org/mdast-util-to-hast/-/mdast-util-to-hast-13.2.1.tgz 0ms (cache hit)
5457 http cache mdast-util-phrasing@https://registry.npmjs.org/mdast-util-phrasing/-/mdast-util-phrasing-4.1.0.tgz 0ms (cache hit)
5458 http cache hast-util-to-text@https://registry.npmjs.org/hast-util-to-text/-/hast-util-to-text-4.0.2.tgz 0ms (cache hit)
5459 http cache hast-util-to-html@https://registry.npmjs.org/hast-util-to-html/-/hast-util-to-html-9.0.5.tgz 0ms (cache hit)
5460 http cache @ungap/structured-clone@https://registry.npmjs.org/@ungap/structured-clone/-/structured-clone-1.3.1.tgz 0ms (cache hit)
5461 http cache hast-util-to-mdast@https://registry.npmjs.org/hast-util-to-mdast/-/hast-util-to-mdast-10.1.2.tgz 0ms (cache hit)
5462 http cache entities@https://registry.npmjs.org/entities/-/entities-6.0.1.tgz 0ms (cache hit)
5463 http cache vfile-location@https://registry.npmjs.org/vfile-location/-/vfile-location-5.0.3.tgz 0ms (cache hit)
5464 http cache @types/mdast@https://registry.npmjs.org/@types/mdast/-/mdast-4.0.4.tgz 0ms (cache hit)
5465 http cache dequal@https://registry.npmjs.org/dequal/-/dequal-2.0.3.tgz 0ms (cache hit)
5466 http cache vfile-message@https://registry.npmjs.org/vfile-message/-/vfile-message-4.0.3.tgz 0ms (cache hit)
5467 http cache hast-util-from-parse5@https://registry.npmjs.org/hast-util-from-parse5/-/hast-util-from-parse5-8.0.3.tgz 0ms (cache hit)
5468 http cache vfile@https://registry.npmjs.org/vfile/-/vfile-6.0.3.tgz 0ms (cache hit)
5469 http cache parse5@https://registry.npmjs.org/parse5/-/parse5-7.3.0.tgz 0ms (cache hit)
5470 http cache devlop@https://registry.npmjs.org/devlop/-/devlop-1.1.0.tgz 0ms (cache hit)
5471 http cache hast-util-from-html@https://registry.npmjs.org/hast-util-from-html/-/hast-util-from-html-2.0.3.tgz 0ms (cache hit)
5472 http cache hast-util-is-body-ok-link@https://registry.npmjs.org/hast-util-is-body-ok-link/-/hast-util-is-body-ok-link-3.0.1.tgz 0ms (cache hit)
5473 http cache hast-util-has-property@https://registry.npmjs.org/hast-util-has-property/-/hast-util-has-property-3.0.0.tgz 0ms (cache hit)
5474 http cache hast-util-is-element@https://registry.npmjs.org/hast-util-is-element/-/hast-util-is-element-3.0.0.tgz 0ms (cache hit)
5475 http cache unist-util-visit-parents@https://registry.npmjs.org/unist-util-visit-parents/-/unist-util-visit-parents-6.0.2.tgz 0ms (cache hit)
5476 http cache unist-util-is@https://registry.npmjs.org/unist-util-is/-/unist-util-is-6.0.1.tgz 0ms (cache hit)
5477 http cache html-whitespace-sensitive-tag-names@https://registry.npmjs.org/html-whitespace-sensitive-tag-names/-/html-whitespace-sensitive-tag-names-3.0.1.tgz 0ms (cache hit)
5478 http cache hast-util-whitespace@https://registry.npmjs.org/hast-util-whitespace/-/hast-util-whitespace-3.0.0.tgz 0ms (cache hit)
5479 http cache hast-util-phrasing@https://registry.npmjs.org/hast-util-phrasing/-/hast-util-phrasing-3.0.1.tgz 0ms (cache hit)
5480 http cache hast-util-minify-whitespace@https://registry.npmjs.org/hast-util-minify-whitespace/-/hast-util-minify-whitespace-1.0.1.tgz 0ms (cache hit)
5481 http cache redux-thunk@https://registry.npmjs.org/redux-thunk/-/redux-thunk-3.1.0.tgz 0ms (cache hit)
5482 http cache hast-util-embedded@https://registry.npmjs.org/hast-util-embedded/-/hast-util-embedded-3.0.0.tgz 0ms (cache hit)
5483 http cache redux@https://registry.npmjs.org/redux/-/redux-5.0.1.tgz 0ms (cache hit)
5484 http cache victory-vendor@https://registry.npmjs.org/victory-vendor/-/victory-vendor-37.3.6.tgz 0ms (cache hit)
5485 http cache hast-util-format@https://registry.npmjs.org/hast-util-format/-/hast-util-format-1.1.0.tgz 0ms (cache hit)
5486 http cache @standard-schema/utils@https://registry.npmjs.org/@standard-schema/utils/-/utils-0.3.0.tgz 0ms (cache hit)
5487 http cache tiny-invariant@https://registry.npmjs.org/tiny-invariant/-/tiny-invariant-1.3.3.tgz 0ms (cache hit)
5488 http cache reselect@https://registry.npmjs.org/reselect/-/reselect-5.1.1.tgz 0ms (cache hit)
5489 http cache react-redux@https://registry.npmjs.org/react-redux/-/react-redux-9.3.0.tgz 0ms (cache hit)
5490 http cache immer@https://registry.npmjs.org/immer/-/immer-10.2.0.tgz 0ms (cache hit)
5491 http cache eventemitter3@https://registry.npmjs.org/eventemitter3/-/eventemitter3-5.0.4.tgz 0ms (cache hit)
5492 http cache es-toolkit@https://registry.npmjs.org/es-toolkit/-/es-toolkit-1.46.1.tgz 0ms (cache hit)
5493 http cache decimal.js-light@https://registry.npmjs.org/decimal.js-light/-/decimal.js-light-2.5.1.tgz 0ms (cache hit)
5494 http cache use-sidecar@https://registry.npmjs.org/use-sidecar/-/use-sidecar-1.1.3.tgz 0ms (cache hit)
5495 http cache get-nonce@https://registry.npmjs.org/get-nonce/-/get-nonce-1.0.1.tgz 0ms (cache hit)
5496 http cache @reduxjs/toolkit@https://registry.npmjs.org/@reduxjs/toolkit/-/toolkit-2.12.0.tgz 0ms (cache hit)
5497 http cache use-callback-ref@https://registry.npmjs.org/use-callback-ref/-/use-callback-ref-1.3.3.tgz 0ms (cache hit)
5498 http cache react-style-singleton@https://registry.npmjs.org/react-style-singleton/-/react-style-singleton-2.2.3.tgz 0ms (cache hit)
5499 http cache scheduler@https://registry.npmjs.org/scheduler/-/scheduler-0.27.0.tgz 0ms (cache hit)
5500 http cache react-remove-scroll-bar@https://registry.npmjs.org/react-remove-scroll-bar/-/react-remove-scroll-bar-2.3.8.tgz 0ms (cache hit)
5501 http cache @date-fns/tz@https://registry.npmjs.org/@date-fns/tz/-/tz-1.4.1.tgz 0ms (cache hit)
5502 http cache destr@https://registry.npmjs.org/destr/-/destr-2.0.5.tgz 0ms (cache hit)
5503 http cache deep-extend@https://registry.npmjs.org/deep-extend/-/deep-extend-0.6.0.tgz 0ms (cache hit)
5504 http cache wrappy@https://registry.npmjs.org/wrappy/-/wrappy-1.0.2.tgz 0ms (cache hit)
5505 http cache ini@https://registry.npmjs.org/ini/-/ini-1.3.8.tgz 0ms (cache hit)
5506 http cache once@https://registry.npmjs.org/once/-/once-1.4.0.tgz 0ms (cache hit)
5507 http cache end-of-stream@https://registry.npmjs.org/end-of-stream/-/end-of-stream-1.4.5.tgz 0ms (cache hit)
5508 http cache orderedmap@https://registry.npmjs.org/orderedmap/-/orderedmap-2.1.1.tgz 0ms (cache hit)
5509 http cache w3c-keyname@https://registry.npmjs.org/w3c-keyname/-/w3c-keyname-2.2.8.tgz 0ms (cache hit)
5510 http cache retry@https://registry.npmjs.org/retry/-/retry-0.12.0.tgz 0ms (cache hit)
5511 http cache rope-sequence@https://registry.npmjs.org/rope-sequence/-/rope-sequence-1.3.4.tgz 0ms (cache hit)
5512 http cache object-assign@https://registry.npmjs.org/object-assign/-/object-assign-4.1.1.tgz 0ms (cache hit)
5513 http cache loose-envify@https://registry.npmjs.org/loose-envify/-/loose-envify-1.4.0.tgz 0ms (cache hit)
5514 http cache is-property@https://registry.npmjs.org/is-property/-/is-property-1.0.2.tgz 0ms (cache hit)
5515 http cache named-placeholders@https://registry.npmjs.org/named-placeholders/-/named-placeholders-1.1.6.tgz 0ms (cache hit)
5516 http cache seq-queue@https://registry.npmjs.org/seq-queue/-/seq-queue-0.0.5.tgz 0ms (cache hit)
5517 http cache sqlstring@https://registry.npmjs.org/sqlstring/-/sqlstring-2.3.3.tgz 0ms (cache hit)
5518 http cache lru.min@https://registry.npmjs.org/lru.min/-/lru.min-1.1.4.tgz 0ms (cache hit)
5519 http cache long@https://registry.npmjs.org/long/-/long-5.3.2.tgz 0ms (cache hit)
5520 http cache generate-function@https://registry.npmjs.org/generate-function/-/generate-function-2.3.1.tgz 0ms (cache hit)
5521 http cache aws-ssl-profiles@https://registry.npmjs.org/aws-ssl-profiles/-/aws-ssl-profiles-1.1.2.tgz 0ms (cache hit)
5522 http cache signal-exit@https://registry.npmjs.org/signal-exit/-/signal-exit-4.1.0.tgz 0ms (cache hit)
5523 http cache pure-rand@https://registry.npmjs.org/pure-rand/-/pure-rand-6.1.0.tgz 0ms (cache hit)
5524 http cache fast-check@https://registry.npmjs.org/fast-check/-/fast-check-3.23.2.tgz 0ms (cache hit)
5525 http cache @standard-schema/spec@https://registry.npmjs.org/@standard-schema/spec/-/spec-1.1.0.tgz 0ms (cache hit)
5526 http cache @kurkle/color@https://registry.npmjs.org/@kurkle/color/-/color-0.3.4.tgz 0ms (cache hit)
5527 http cache rc9@https://registry.npmjs.org/rc9/-/rc9-3.0.1.tgz 0ms (cache hit)
5528 http cache readdirp@https://registry.npmjs.org/readdirp/-/readdirp-5.0.0.tgz 0ms (cache hit)
5529 http cache pkg-types@https://registry.npmjs.org/pkg-types/-/pkg-types-2.3.1.tgz 0ms (cache hit)
5530 http cache perfect-debounce@https://registry.npmjs.org/perfect-debounce/-/perfect-debounce-2.1.0.tgz 0ms (cache hit)
5531 http cache ohash@https://registry.npmjs.org/ohash/-/ohash-2.0.11.tgz 0ms (cache hit)
5532 http cache defu@https://registry.npmjs.org/defu/-/defu-6.1.7.tgz 0ms (cache hit)
5533 http cache exsolve@https://registry.npmjs.org/exsolve/-/exsolve-1.0.8.tgz 0ms (cache hit)
5534 http cache chokidar@https://registry.npmjs.org/chokidar/-/chokidar-5.0.0.tgz 0ms (cache hit)
5535 http cache confbox@https://registry.npmjs.org/confbox/-/confbox-0.2.4.tgz 0ms (cache hit)
5536 http cache giget@https://registry.npmjs.org/giget/-/giget-3.2.0.tgz 0ms (cache hit)
5537 http cache chart.js@https://registry.npmjs.org/chart.js/-/chart.js-4.5.1.tgz 0ms (cache hit)
5538 http cache @radix-ui/react-toggle@https://registry.npmjs.org/@radix-ui/react-toggle/-/react-toggle-1.1.10.tgz 0ms (cache hit)
5539 http cache env-paths@https://registry.npmjs.org/env-paths/-/env-paths-3.0.0.tgz 0ms (cache hit)
5540 http cache @prisma/fetch-engine@https://registry.npmjs.org/@prisma/fetch-engine/-/fetch-engine-7.8.0.tgz 0ms (cache hit)
5541 http cache better-result@https://registry.npmjs.org/better-result/-/better-result-2.9.2.tgz 0ms (cache hit)
5542 http cache @prisma/engines-version@https://registry.npmjs.org/@prisma/engines-version/-/engines-version-7.8.0-6.3c6e192761c0362d496ed980de936e2f3cebcd3a.tgz 0ms (cache hit)
5543 http cache zeptomatch@https://registry.npmjs.org/zeptomatch/-/zeptomatch-2.1.0.tgz 0ms (cache hit)
5544 http cache valibot@https://registry.npmjs.org/valibot/-/valibot-1.2.0.tgz 0ms (cache hit)
5545 http cache remeda@https://registry.npmjs.org/remeda/-/remeda-2.33.4.tgz 0ms (cache hit)
5546 http cache proper-lockfile@https://registry.npmjs.org/proper-lockfile/-/proper-lockfile-4.1.2.tgz 0ms (cache hit)
5547 http cache std-env@https://registry.npmjs.org/std-env/-/std-env-3.10.0.tgz 0ms (cache hit)
5548 http cache pathe@https://registry.npmjs.org/pathe/-/pathe-2.0.3.tgz 0ms (cache hit)
5549 http cache http-status-codes@https://registry.npmjs.org/http-status-codes/-/http-status-codes-2.3.0.tgz 0ms (cache hit)
5550 http cache foreground-child@https://registry.npmjs.org/foreground-child/-/foreground-child-3.3.1.tgz 0ms (cache hit)
5551 http cache @prisma/streams-local@https://registry.npmjs.org/@prisma/streams-local/-/streams-local-0.1.2.tgz 0ms (cache hit)
5552 http cache get-port-please@https://registry.npmjs.org/get-port-please/-/get-port-please-3.2.0.tgz 0ms (cache hit)
5553 http cache @prisma/query-plan-executor@https://registry.npmjs.org/@prisma/query-plan-executor/-/query-plan-executor-7.2.0.tgz 0ms (cache hit)
5554 http cache @prisma/get-platform@https://registry.npmjs.org/@prisma/get-platform/-/get-platform-7.2.0.tgz 0ms (cache hit)
5555 http cache hono@https://registry.npmjs.org/hono/-/hono-4.12.19.tgz 0ms (cache hit)
5556 http cache @hono/node-server@https://registry.npmjs.org/@hono/node-server/-/node-server-1.19.11.tgz 0ms (cache hit)
5557 http cache @electric-sql/pglite-socket@https://registry.npmjs.org/@electric-sql/pglite-socket/-/pglite-socket-0.1.1.tgz 0ms (cache hit)
5558 http cache @electric-sql/pglite-tools@https://registry.npmjs.org/@electric-sql/pglite-tools/-/pglite-tools-0.3.1.tgz 0ms (cache hit)
5559 http cache @electric-sql/pglite@https://registry.npmjs.org/@electric-sql/pglite/-/pglite-0.4.1.tgz 0ms (cache hit)
5560 http cache empathic@https://registry.npmjs.org/empathic/-/empathic-2.0.0.tgz 0ms (cache hit)
5561 http cache effect@https://registry.npmjs.org/effect/-/effect-3.20.0.tgz 0ms (cache hit)
5562 http cache deepmerge-ts@https://registry.npmjs.org/deepmerge-ts/-/deepmerge-ts-7.1.5.tgz 0ms (cache hit)
5563 http cache c12@https://registry.npmjs.org/c12/-/c12-3.3.4.tgz 0ms (cache hit)
5564 http cache postgres@https://registry.npmjs.org/postgres/-/postgres-3.4.7.tgz 0ms (cache hit)
5565 http cache mysql2@https://registry.npmjs.org/mysql2/-/mysql2-3.15.3.tgz 0ms (cache hit)
5566 http cache @prisma/studio-core@https://registry.npmjs.org/@prisma/studio-core/-/studio-core-0.27.3.tgz 0ms (cache hit)
5567 http cache @prisma/engines@https://registry.npmjs.org/@prisma/engines/-/engines-7.8.0.tgz 0ms (cache hit)
5568 http cache @prisma/config@https://registry.npmjs.org/@prisma/config/-/config-7.8.0.tgz 0ms (cache hit)
5569 http cache tunnel-agent@https://registry.npmjs.org/tunnel-agent/-/tunnel-agent-0.6.0.tgz 0ms (cache hit)
5570 http cache @prisma/dev@https://registry.npmjs.org/@prisma/dev/-/dev-0.24.3.tgz 0ms (cache hit)
5571 http cache tar-fs@https://registry.npmjs.org/tar-fs/-/tar-fs-2.1.4.tgz 0ms (cache hit)
5572 http cache simple-get@https://registry.npmjs.org/simple-get/-/simple-get-4.0.1.tgz 0ms (cache hit)
5573 http cache rc@https://registry.npmjs.org/rc/-/rc-1.2.8.tgz 0ms (cache hit)
5574 http cache node-abi@https://registry.npmjs.org/node-abi/-/node-abi-3.92.0.tgz 0ms (cache hit)
5575 http cache napi-build-utils@https://registry.npmjs.org/napi-build-utils/-/napi-build-utils-2.0.0.tgz 0ms (cache hit)
5576 http cache mkdirp-classic@https://registry.npmjs.org/mkdirp-classic/-/mkdirp-classic-0.5.3.tgz 0ms (cache hit)
5577 http cache pump@https://registry.npmjs.org/pump/-/pump-3.0.4.tgz 0ms (cache hit)
5578 http cache expand-template@https://registry.npmjs.org/expand-template/-/expand-template-2.0.3.tgz 0ms (cache hit)
5579 http cache github-from-package@https://registry.npmjs.org/github-from-package/-/github-from-package-0.0.0.tgz 0ms (cache hit)
5580 http cache nanoid@https://registry.npmjs.org/nanoid/-/nanoid-3.3.12.tgz 0ms (cache hit)
5581 http cache minimist@https://registry.npmjs.org/minimist/-/minimist-1.2.8.tgz 0ms (cache hit)
5582 http cache word-wrap@https://registry.npmjs.org/word-wrap/-/word-wrap-1.2.5.tgz 0ms (cache hit)
5583 http cache p-limit@https://registry.npmjs.org/p-limit/-/p-limit-3.1.0.tgz 0ms (cache hit)
5584 http cache callsites@https://registry.npmjs.org/callsites/-/callsites-3.1.0.tgz 0ms (cache hit)
5585 http cache fast-levenshtein@https://registry.npmjs.org/fast-levenshtein/-/fast-levenshtein-2.0.6.tgz 0ms (cache hit)
5586 http cache yocto-queue@https://registry.npmjs.org/yocto-queue/-/yocto-queue-0.1.0.tgz 0ms (cache hit)
5587 http cache sharp@https://registry.npmjs.org/sharp/-/sharp-0.34.5.tgz 0ms (cache hit)
5588 http cache deep-is@https://registry.npmjs.org/deep-is/-/deep-is-0.1.4.tgz 0ms (cache hit)
5589 http cache styled-jsx@https://registry.npmjs.org/styled-jsx/-/styled-jsx-5.1.6.tgz 0ms (cache hit)
5590 http cache @next/swc-darwin-x64@https://registry.npmjs.org/@next/swc-darwin-x64/-/swc-darwin-x64-16.2.4.tgz 0ms (cache hit)
5591 http cache @swc/helpers@https://registry.npmjs.org/@swc/helpers/-/helpers-0.5.15.tgz 0ms (cache hit)
5592 http cache concat-map@https://registry.npmjs.org/concat-map/-/concat-map-0.0.1.tgz 0ms (cache hit)
5593 http cache balanced-match@https://registry.npmjs.org/balanced-match/-/balanced-match-1.0.2.tgz 0ms (cache hit)
5594 http cache @next/env@https://registry.npmjs.org/@next/env/-/env-16.2.4.tgz 0ms (cache hit)
5595 http cache brace-expansion@https://registry.npmjs.org/brace-expansion/-/brace-expansion-1.1.14.tgz 0ms (cache hit)
5596 http cache to-regex-range@https://registry.npmjs.org/to-regex-range/-/to-regex-range-5.0.1.tgz 0ms (cache hit)
5597 http cache fill-range@https://registry.npmjs.org/fill-range/-/fill-range-7.1.1.tgz 0ms (cache hit)
5598 http cache picomatch@https://registry.npmjs.org/picomatch/-/picomatch-2.3.2.tgz 0ms (cache hit)
5599 http cache safer-buffer@https://registry.npmjs.org/safer-buffer/-/safer-buffer-2.1.2.tgz 0ms (cache hit)
5600 http cache braces@https://registry.npmjs.org/braces/-/braces-3.0.3.tgz 0ms (cache hit)
5601 http cache iconv-lite@https://registry.npmjs.org/iconv-lite/-/iconv-lite-0.6.3.tgz 0ms (cache hit)
5602 http cache denque@https://registry.npmjs.org/denque/-/denque-2.1.0.tgz 0ms (cache hit)
5603 http cache @napi-rs/triples@https://registry.npmjs.org/@napi-rs/triples/-/triples-1.2.0.tgz 0ms (cache hit)
5604 http cache @antoniomuso/lz4-napi-darwin-x64@https://registry.npmjs.org/@antoniomuso/lz4-napi-darwin-x64/-/lz4-napi-darwin-x64-2.9.0.tgz 0ms (cache hit)
5605 http cache @types/geojson@https://registry.npmjs.org/@types/geojson/-/geojson-7946.0.16.tgz 0ms (cache hit)
5606 http cache p-locate@https://registry.npmjs.org/p-locate/-/p-locate-5.0.0.tgz 0ms (cache hit)
5607 http cache lightningcss-darwin-x64@https://registry.npmjs.org/lightningcss-darwin-x64/-/lightningcss-darwin-x64-1.32.0.tgz 0ms (cache hit)
5608 http cache detect-libc@https://registry.npmjs.org/detect-libc/-/detect-libc-2.1.2.tgz 0ms (cache hit)
5609 http cache yallist@https://registry.npmjs.org/yallist/-/yallist-3.1.1.tgz 0ms (cache hit)
5610 http cache @node-rs/helper@https://registry.npmjs.org/@node-rs/helper/-/helper-1.6.0.tgz 0ms (cache hit)
5611 http cache isomorphic.js@https://registry.npmjs.org/isomorphic.js/-/isomorphic.js-0.2.5.tgz 0ms (cache hit)
5612 http cache type-check@https://registry.npmjs.org/type-check/-/type-check-0.4.0.tgz 0ms (cache hit)
5613 http cache prelude-ls@https://registry.npmjs.org/prelude-ls/-/prelude-ls-1.2.1.tgz 0ms (cache hit)
5614 http cache json-buffer@https://registry.npmjs.org/json-buffer/-/json-buffer-3.0.1.tgz 0ms (cache hit)
5615 http cache language-subtag-registry@https://registry.npmjs.org/language-subtag-registry/-/language-subtag-registry-0.3.23.tgz 0ms (cache hit)
5616 http cache ecdsa-sig-formatter@https://registry.npmjs.org/ecdsa-sig-formatter/-/ecdsa-sig-formatter-1.0.11.tgz 0ms (cache hit)
5617 http cache buffer-equal-constant-time@https://registry.npmjs.org/buffer-equal-constant-time/-/buffer-equal-constant-time-1.0.1.tgz 0ms (cache hit)
5618 http cache safe-buffer@https://registry.npmjs.org/safe-buffer/-/safe-buffer-5.2.1.tgz 0ms (cache hit)
5619 http cache jwa@https://registry.npmjs.org/jwa/-/jwa-2.0.1.tgz 0ms (cache hit)
5620 http cache lodash.isstring@https://registry.npmjs.org/lodash.isstring/-/lodash.isstring-4.0.1.tgz 0ms (cache hit)
5621 http cache lodash.once@https://registry.npmjs.org/lodash.once/-/lodash.once-4.1.1.tgz 0ms (cache hit)
5622 http cache lodash.isnumber@https://registry.npmjs.org/lodash.isnumber/-/lodash.isnumber-3.0.3.tgz 0ms (cache hit)
5623 http cache lodash.isboolean@https://registry.npmjs.org/lodash.isboolean/-/lodash.isboolean-3.0.3.tgz 0ms (cache hit)
5624 http cache lodash.isinteger@https://registry.npmjs.org/lodash.isinteger/-/lodash.isinteger-4.0.4.tgz 0ms (cache hit)
5625 http cache lodash.includes@https://registry.npmjs.org/lodash.includes/-/lodash.includes-4.3.0.tgz 0ms (cache hit)
5626 http cache jws@https://registry.npmjs.org/jws/-/jws-4.0.1.tgz 0ms (cache hit)
5627 http cache lodash.isplainobject@https://registry.npmjs.org/lodash.isplainobject/-/lodash.isplainobject-4.0.6.tgz 0ms (cache hit)
5628 http cache bignumber.js@https://registry.npmjs.org/bignumber.js/-/bignumber.js-9.3.1.tgz 0ms (cache hit)
5629 http cache set-function-name@https://registry.npmjs.org/set-function-name/-/set-function-name-2.0.2.tgz 0ms (cache hit)
5630 http cache argparse@https://registry.npmjs.org/argparse/-/argparse-2.0.1.tgz 0ms (cache hit)
5631 http cache is-extglob@https://registry.npmjs.org/is-extglob/-/is-extglob-2.1.1.tgz 0ms (cache hit)
5632 http cache resolve-from@https://registry.npmjs.org/resolve-from/-/resolve-from-4.0.0.tgz 0ms (cache hit)
5633 http cache parent-module@https://registry.npmjs.org/parent-module/-/parent-module-1.0.1.tgz 0ms (cache hit)
5634 http cache space-separated-tokens@https://registry.npmjs.org/space-separated-tokens/-/space-separated-tokens-2.0.2.tgz 0ms (cache hit)
5635 http cache side-channel@https://registry.npmjs.org/side-channel/-/side-channel-1.1.0.tgz 0ms (cache hit)
5636 http cache hermes-estree@https://registry.npmjs.org/hermes-estree/-/hermes-estree-0.25.1.tgz 0ms (cache hit)
5637 http cache property-information@https://registry.npmjs.org/property-information/-/property-information-7.1.0.tgz 0ms (cache hit)
5638 http cache hast-util-parse-selector@https://registry.npmjs.org/hast-util-parse-selector/-/hast-util-parse-selector-4.0.0.tgz 0ms (cache hit)
5639 http cache web-namespaces@https://registry.npmjs.org/web-namespaces/-/web-namespaces-2.0.1.tgz 0ms (cache hit)
5640 http cache resolve-pkg-maps@https://registry.npmjs.org/resolve-pkg-maps/-/resolve-pkg-maps-1.0.0.tgz 0ms (cache hit)
5641 http cache comma-separated-tokens@https://registry.npmjs.org/comma-separated-tokens/-/comma-separated-tokens-2.0.3.tgz 0ms (cache hit)
5642 http cache hastscript@https://registry.npmjs.org/hastscript/-/hastscript-9.0.1.tgz 0ms (cache hit)
5643 http cache dunder-proto@https://registry.npmjs.org/dunder-proto/-/dunder-proto-1.0.1.tgz 0ms (cache hit)
5644 http cache functions-have-names@https://registry.npmjs.org/functions-have-names/-/functions-have-names-1.2.3.tgz 0ms (cache hit)
5645 http cache flat-cache@https://registry.npmjs.org/flat-cache/-/flat-cache-4.0.1.tgz 0ms (cache hit)
5646 http cache path-exists@https://registry.npmjs.org/path-exists/-/path-exists-4.0.0.tgz 0ms (cache hit)
5647 http cache keyv@https://registry.npmjs.org/keyv/-/keyv-4.5.4.tgz 0ms (cache hit)
5648 http cache flatted@https://registry.npmjs.org/flatted/-/flatted-3.4.2.tgz 0ms (cache hit)
5649 http cache reusify@https://registry.npmjs.org/reusify/-/reusify-1.1.0.tgz 0ms (cache hit)
5650 http cache fastq@https://registry.npmjs.org/fastq/-/fastq-1.20.1.tgz 0ms (cache hit)
5651 http cache run-parallel@https://registry.npmjs.org/run-parallel/-/run-parallel-1.2.0.tgz 0ms (cache hit)
5652 http cache locate-path@https://registry.npmjs.org/locate-path/-/locate-path-6.0.0.tgz 0ms (cache hit)
5653 http cache @nodelib/fs.scandir@https://registry.npmjs.org/@nodelib/fs.scandir/-/fs.scandir-2.1.5.tgz 1ms (cache hit)
5654 http cache micromatch@https://registry.npmjs.org/micromatch/-/micromatch-4.0.8.tgz 0ms (cache hit)
5655 http cache @nodelib/fs.stat@https://registry.npmjs.org/@nodelib/fs.stat/-/fs.stat-2.0.5.tgz 0ms (cache hit)
5656 http cache merge2@https://registry.npmjs.org/merge2/-/merge2-1.4.1.tgz 0ms (cache hit)
5657 http cache @nodelib/fs.walk@https://registry.npmjs.org/@nodelib/fs.walk/-/fs.walk-1.2.8.tgz 0ms (cache hit)
5658 http cache acorn@https://registry.npmjs.org/acorn/-/acorn-8.16.0.tgz 0ms (cache hit)
5659 http cache update-browserslist-db@https://registry.npmjs.org/update-browserslist-db/-/update-browserslist-db-1.2.3.tgz 0ms (cache hit)
5660 http cache esrecurse@https://registry.npmjs.org/esrecurse/-/esrecurse-4.3.0.tgz 0ms (cache hit)
5661 http cache electron-to-chromium@https://registry.npmjs.org/electron-to-chromium/-/electron-to-chromium-1.5.357.tgz 0ms (cache hit)
5662 http cache node-releases@https://registry.npmjs.org/node-releases/-/node-releases-2.0.44.tgz 0ms (cache hit)
5663 http cache caniuse-lite@https://registry.npmjs.org/caniuse-lite/-/caniuse-lite-1.0.30001792.tgz 0ms (cache hit)
5664 http cache baseline-browser-mapping@https://registry.npmjs.org/baseline-browser-mapping/-/baseline-browser-mapping-2.10.29.tgz 0ms (cache hit)
5665 http cache @babel/helper-string-parser@https://registry.npmjs.org/@babel/helper-string-parser/-/helper-string-parser-7.27.1.tgz 0ms (cache hit)
5666 http cache @babel/helper-globals@https://registry.npmjs.org/@babel/helper-globals/-/helper-globals-7.28.0.tgz 0ms (cache hit)
5667 http cache @babel/helper-module-imports@https://registry.npmjs.org/@babel/helper-module-imports/-/helper-module-imports-7.28.6.tgz 0ms (cache hit)
5668 http cache lru-cache@https://registry.npmjs.org/lru-cache/-/lru-cache-5.1.1.tgz 0ms (cache hit)
5669 http cache @babel/helper-validator-option@https://registry.npmjs.org/@babel/helper-validator-option/-/helper-validator-option-7.27.1.tgz 1ms (cache hit)
5670 http cache browserslist@https://registry.npmjs.org/browserslist/-/browserslist-4.28.2.tgz 0ms (cache hit)
5671 http cache @babel/compat-data@https://registry.npmjs.org/@babel/compat-data/-/compat-data-7.29.3.tgz 0ms (cache hit)
5672 http cache picocolors@https://registry.npmjs.org/picocolors/-/picocolors-1.1.1.tgz 0ms (cache hit)
5673 http cache js-tokens@https://registry.npmjs.org/js-tokens/-/js-tokens-4.0.0.tgz 0ms (cache hit)
5674 http cache @babel/helper-validator-identifier@https://registry.npmjs.org/@babel/helper-validator-identifier/-/helper-validator-identifier-7.28.5.tgz 0ms (cache hit)
5675 http cache jsesc@https://registry.npmjs.org/jsesc/-/jsesc-3.1.0.tgz 0ms (cache hit)
5676 http cache json5@https://registry.npmjs.org/json5/-/json5-2.2.3.tgz 0ms (cache hit)
5677 http cache gensync@https://registry.npmjs.org/gensync/-/gensync-1.0.0-beta.2.tgz 0ms (cache hit)
5678 http cache convert-source-map@https://registry.npmjs.org/convert-source-map/-/convert-source-map-2.0.0.tgz 0ms (cache hit)
5679 http cache @babel/types@https://registry.npmjs.org/@babel/types/-/types-7.29.0.tgz 0ms (cache hit)
5680 http cache @babel/traverse@https://registry.npmjs.org/@babel/traverse/-/traverse-7.29.0.tgz 0ms (cache hit)
5681 http cache @babel/helpers@https://registry.npmjs.org/@babel/helpers/-/helpers-7.29.2.tgz 0ms (cache hit)
5682 http cache @babel/helper-module-transforms@https://registry.npmjs.org/@babel/helper-module-transforms/-/helper-module-transforms-7.28.6.tgz 0ms (cache hit)
5683 http cache @babel/template@https://registry.npmjs.org/@babel/template/-/template-7.28.6.tgz 0ms (cache hit)
5684 http cache @babel/helper-compilation-targets@https://registry.npmjs.org/@babel/helper-compilation-targets/-/helper-compilation-targets-7.28.6.tgz 0ms (cache hit)
5685 http cache @babel/generator@https://registry.npmjs.org/@babel/generator/-/generator-7.29.1.tgz 0ms (cache hit)
5686 http cache @babel/code-frame@https://registry.npmjs.org/@babel/code-frame/-/code-frame-7.29.0.tgz 0ms (cache hit)
5687 http cache zod-validation-error@https://registry.npmjs.org/zod-validation-error/-/zod-validation-error-4.0.2.tgz 0ms (cache hit)
5688 http cache hermes-parser@https://registry.npmjs.org/hermes-parser/-/hermes-parser-0.25.1.tgz 0ms (cache hit)
5689 http cache @babel/core@https://registry.npmjs.org/@babel/core/-/core-7.29.0.tgz 0ms (cache hit)
5690 http cache @babel/parser@https://registry.npmjs.org/@babel/parser/-/parser-7.29.3.tgz 0ms (cache hit)
5691 http cache string.prototype.repeat@https://registry.npmjs.org/string.prototype.repeat/-/string.prototype.repeat-1.0.0.tgz 0ms (cache hit)
5692 http cache string.prototype.matchall@https://registry.npmjs.org/string.prototype.matchall/-/string.prototype.matchall-4.0.12.tgz 0ms (cache hit)
5693 http cache prop-types@https://registry.npmjs.org/prop-types/-/prop-types-15.8.1.tgz 0ms (cache hit)
5694 http cache object.entries@https://registry.npmjs.org/object.entries/-/object.entries-1.1.9.tgz 0ms (cache hit)
5695 http cache estraverse@https://registry.npmjs.org/estraverse/-/estraverse-5.3.0.tgz 0ms (cache hit)
5696 http cache iterator.prototype@https://registry.npmjs.org/iterator.prototype/-/iterator.prototype-1.1.5.tgz 0ms (cache hit)
5697 http cache es-iterator-helpers@https://registry.npmjs.org/es-iterator-helpers/-/es-iterator-helpers-1.3.2.tgz 0ms (cache hit)
5698 http cache array.prototype.tosorted@https://registry.npmjs.org/array.prototype.tosorted/-/array.prototype.tosorted-1.1.4.tgz 0ms (cache hit)
5699 http cache string.prototype.includes@https://registry.npmjs.org/string.prototype.includes/-/string.prototype.includes-2.0.1.tgz 0ms (cache hit)
5700 http cache array.prototype.findlast@https://registry.npmjs.org/array.prototype.findlast/-/array.prototype.findlast-1.2.5.tgz 0ms (cache hit)
5701 http cache jsx-ast-utils@https://registry.npmjs.org/jsx-ast-utils/-/jsx-ast-utils-3.3.5.tgz 0ms (cache hit)
5702 http cache language-tags@https://registry.npmjs.org/language-tags/-/language-tags-1.0.9.tgz 0ms (cache hit)
5703 http cache emoji-regex@https://registry.npmjs.org/emoji-regex/-/emoji-regex-9.2.2.tgz 0ms (cache hit)
5704 http cache damerau-levenshtein@https://registry.npmjs.org/damerau-levenshtein/-/damerau-levenshtein-1.0.8.tgz 0ms (cache hit)
5705 http cache axe-core@https://registry.npmjs.org/axe-core/-/axe-core-4.11.4.tgz 0ms (cache hit)
5706 http cache axobject-query@https://registry.npmjs.org/axobject-query/-/axobject-query-4.1.0.tgz 0ms (cache hit)
5707 http cache ast-types-flow@https://registry.npmjs.org/ast-types-flow/-/ast-types-flow-0.0.8.tgz 0ms (cache hit)
5708 http cache aria-query@https://registry.npmjs.org/aria-query/-/aria-query-5.3.2.tgz 0ms (cache hit)
5709 http cache is-date-object@https://registry.npmjs.org/is-date-object/-/is-date-object-1.1.0.tgz 1ms (cache hit)
5710 http cache is-symbol@https://registry.npmjs.org/is-symbol/-/is-symbol-1.1.1.tgz 0ms (cache hit)
5711 http cache has-tostringtag@https://registry.npmjs.org/has-tostringtag/-/has-tostringtag-1.0.2.tgz 0ms (cache hit)
5712 http cache possible-typed-array-names@https://registry.npmjs.org/possible-typed-array-names/-/possible-typed-array-names-1.1.0.tgz 0ms (cache hit)
5713 http cache unbox-primitive@https://registry.npmjs.org/unbox-primitive/-/unbox-primitive-1.1.0.tgz 0ms (cache hit)
5714 http cache typed-array-length@https://registry.npmjs.org/typed-array-length/-/typed-array-length-1.0.7.tgz 0ms (cache hit)
5715 http cache which-typed-array@https://registry.npmjs.org/which-typed-array/-/which-typed-array-1.1.20.tgz 0ms (cache hit)
5716 http cache typed-array-byte-offset@https://registry.npmjs.org/typed-array-byte-offset/-/typed-array-byte-offset-1.0.4.tgz 0ms (cache hit)
5717 http cache typed-array-byte-length@https://registry.npmjs.org/typed-array-byte-length/-/typed-array-byte-length-1.0.3.tgz 0ms (cache hit)
5718 http cache acorn-jsx@https://registry.npmjs.org/acorn-jsx/-/acorn-jsx-5.3.2.tgz 0ms (cache hit)
5719 http cache string.prototype.trimstart@https://registry.npmjs.org/string.prototype.trimstart/-/string.prototype.trimstart-1.0.8.tgz 0ms (cache hit)
5720 http cache typed-array-buffer@https://registry.npmjs.org/typed-array-buffer/-/typed-array-buffer-1.0.3.tgz 0ms (cache hit)
5721 http cache stop-iteration-iterator@https://registry.npmjs.org/stop-iteration-iterator/-/stop-iteration-iterator-1.1.0.tgz 0ms (cache hit)
5722 http cache safe-regex-test@https://registry.npmjs.org/safe-regex-test/-/safe-regex-test-1.1.0.tgz 0ms (cache hit)
5723 http cache safe-push-apply@https://registry.npmjs.org/safe-push-apply/-/safe-push-apply-1.0.0.tgz 0ms (cache hit)
5724 http cache set-proto@https://registry.npmjs.org/set-proto/-/set-proto-1.0.0.tgz 0ms (cache hit)
5725 http cache safe-array-concat@https://registry.npmjs.org/safe-array-concat/-/safe-array-concat-1.1.4.tgz 0ms (cache hit)
5726 http cache own-keys@https://registry.npmjs.org/own-keys/-/own-keys-1.0.1.tgz 0ms (cache hit)
5727 http cache object.assign@https://registry.npmjs.org/object.assign/-/object.assign-4.1.7.tgz 0ms (cache hit)
5728 http cache object-inspect@https://registry.npmjs.org/object-inspect/-/object-inspect-1.13.4.tgz 0ms (cache hit)
5729 http cache regexp.prototype.flags@https://registry.npmjs.org/regexp.prototype.flags/-/regexp.prototype.flags-1.5.4.tgz 0ms (cache hit)
5730 http cache is-weakref@https://registry.npmjs.org/is-weakref/-/is-weakref-1.1.1.tgz 0ms (cache hit)
5731 http cache is-typed-array@https://registry.npmjs.org/is-typed-array/-/is-typed-array-1.1.15.tgz 0ms (cache hit)
5732 http cache is-set@https://registry.npmjs.org/is-set/-/is-set-2.0.3.tgz 0ms (cache hit)
5733 http cache is-shared-array-buffer@https://registry.npmjs.org/is-shared-array-buffer/-/is-shared-array-buffer-1.0.4.tgz 0ms (cache hit)
5734 http cache is-negative-zero@https://registry.npmjs.org/is-negative-zero/-/is-negative-zero-2.0.3.tgz 0ms (cache hit)
5735 http cache string.prototype.trim@https://registry.npmjs.org/string.prototype.trim/-/string.prototype.trim-1.2.10.tgz 0ms (cache hit)
5736 http cache is-data-view@https://registry.npmjs.org/is-data-view/-/is-data-view-1.0.2.tgz 0ms (cache hit)
5737 http cache is-callable@https://registry.npmjs.org/is-callable/-/is-callable-1.2.7.tgz 0ms (cache hit)
5738 http cache is-regex@https://registry.npmjs.org/is-regex/-/is-regex-1.2.1.tgz 0ms (cache hit)
5739 http cache has-proto@https://registry.npmjs.org/has-proto/-/has-proto-1.2.0.tgz 0ms (cache hit)
5740 http cache internal-slot@https://registry.npmjs.org/internal-slot/-/internal-slot-1.1.0.tgz 0ms (cache hit)
5741 http cache has-symbols@https://registry.npmjs.org/has-symbols/-/has-symbols-1.1.0.tgz 0ms (cache hit)
5742 http cache is-array-buffer@https://registry.npmjs.org/is-array-buffer/-/is-array-buffer-3.0.5.tgz 0ms (cache hit)
5743 http cache globalthis@https://registry.npmjs.org/globalthis/-/globalthis-1.0.4.tgz 0ms (cache hit)
5744 http cache es-to-primitive@https://registry.npmjs.org/es-to-primitive/-/es-to-primitive-1.3.0.tgz 0ms (cache hit)
5745 http cache get-proto@https://registry.npmjs.org/get-proto/-/get-proto-1.0.1.tgz 0ms (cache hit)
5746 http cache function.prototype.name@https://registry.npmjs.org/function.prototype.name/-/function.prototype.name-1.1.8.tgz 0ms (cache hit)
5747 http cache data-view-byte-offset@https://registry.npmjs.org/data-view-byte-offset/-/data-view-byte-offset-1.0.1.tgz 0ms (cache hit)
5748 http cache data-view-byte-length@https://registry.npmjs.org/data-view-byte-length/-/data-view-byte-length-1.0.2.tgz 0ms (cache hit)
5749 http cache data-view-buffer@https://registry.npmjs.org/data-view-buffer/-/data-view-buffer-1.0.2.tgz 0ms (cache hit)
5750 http cache get-symbol-description@https://registry.npmjs.org/get-symbol-description/-/get-symbol-description-1.1.0.tgz 0ms (cache hit)
5751 http cache arraybuffer.prototype.slice@https://registry.npmjs.org/arraybuffer.prototype.slice/-/arraybuffer.prototype.slice-1.0.4.tgz 0ms (cache hit)
5752 http cache array-buffer-byte-length@https://registry.npmjs.org/array-buffer-byte-length/-/array-buffer-byte-length-1.0.2.tgz 0ms (cache hit)
5753 http cache gopd@https://registry.npmjs.org/gopd/-/gopd-1.2.0.tgz 0ms (cache hit)
5754 http cache object-keys@https://registry.npmjs.org/object-keys/-/object-keys-1.1.1.tgz 0ms (cache hit)
5755 http cache has-property-descriptors@https://registry.npmjs.org/has-property-descriptors/-/has-property-descriptors-1.0.2.tgz 0ms (cache hit)
5756 http cache define-data-property@https://registry.npmjs.org/define-data-property/-/define-data-property-1.1.4.tgz 0ms (cache hit)
5757 http cache function-bind@https://registry.npmjs.org/function-bind/-/function-bind-1.1.2.tgz 0ms (cache hit)
5758 http cache set-function-length@https://registry.npmjs.org/set-function-length/-/set-function-length-1.2.2.tgz 0ms (cache hit)
5759 http cache call-bind-apply-helpers@https://registry.npmjs.org/call-bind-apply-helpers/-/call-bind-apply-helpers-1.0.2.tgz 0ms (cache hit)
5760 http cache es-define-property@https://registry.npmjs.org/es-define-property/-/es-define-property-1.0.1.tgz 0ms (cache hit)
5761 http cache es-shim-unscopables@https://registry.npmjs.org/es-shim-unscopables/-/es-shim-unscopables-1.1.0.tgz 0ms (cache hit)
5762 http cache es-errors@https://registry.npmjs.org/es-errors/-/es-errors-1.3.0.tgz 0ms (cache hit)
5763 http cache math-intrinsics@https://registry.npmjs.org/math-intrinsics/-/math-intrinsics-1.1.0.tgz 0ms (cache hit)
5764 http cache is-string@https://registry.npmjs.org/is-string/-/is-string-1.1.1.tgz 0ms (cache hit)
5765 http cache get-intrinsic@https://registry.npmjs.org/get-intrinsic/-/get-intrinsic-1.3.0.tgz 0ms (cache hit)
5766 http cache es-object-atoms@https://registry.npmjs.org/es-object-atoms/-/es-object-atoms-1.1.1.tgz 0ms (cache hit)
5767 http cache es-set-tostringtag@https://registry.npmjs.org/es-set-tostringtag/-/es-set-tostringtag-2.1.0.tgz 0ms (cache hit)
5768 http cache es-abstract@https://registry.npmjs.org/es-abstract/-/es-abstract-1.24.2.tgz 0ms (cache hit)
5769 http cache available-typed-arrays@https://registry.npmjs.org/available-typed-arrays/-/available-typed-arrays-1.0.7.tgz 0ms (cache hit)
5770 http cache define-properties@https://registry.npmjs.org/define-properties/-/define-properties-1.2.1.tgz 0ms (cache hit)
5771 http cache call-bound@https://registry.npmjs.org/call-bound/-/call-bound-1.0.4.tgz 0ms (cache hit)
5772 http cache call-bind@https://registry.npmjs.org/call-bind/-/call-bind-1.0.9.tgz 0ms (cache hit)
5773 http cache tsconfig-paths@https://registry.npmjs.org/tsconfig-paths/-/tsconfig-paths-3.15.0.tgz 1ms (cache hit)
5774 http cache string.prototype.trimend@https://registry.npmjs.org/string.prototype.trimend/-/string.prototype.trimend-1.0.9.tgz 0ms (cache hit)
5775 http cache semver@https://registry.npmjs.org/semver/-/semver-6.3.1.tgz 0ms (cache hit)
5776 http cache object.values@https://registry.npmjs.org/object.values/-/object.values-1.2.1.tgz 0ms (cache hit)
5777 http cache object.groupby@https://registry.npmjs.org/object.groupby/-/object.groupby-1.0.3.tgz 0ms (cache hit)
5778 http cache object.fromentries@https://registry.npmjs.org/object.fromentries/-/object.fromentries-2.0.8.tgz 0ms (cache hit)
5779 http cache hasown@https://registry.npmjs.org/hasown/-/hasown-2.0.3.tgz 0ms (cache hit)
5780 http cache eslint-module-utils@https://registry.npmjs.org/eslint-module-utils/-/eslint-module-utils-2.12.1.tgz 0ms (cache hit)
5781 http cache doctrine@https://registry.npmjs.org/doctrine/-/doctrine-2.1.0.tgz 0ms (cache hit)
5782 http cache array.prototype.flat@https://registry.npmjs.org/array.prototype.flat/-/array.prototype.flat-1.3.3.tgz 0ms (cache hit)
5783 http cache array.prototype.flatmap@https://registry.npmjs.org/array.prototype.flatmap/-/array.prototype.flatmap-1.3.3.tgz 0ms (cache hit)
5784 http cache array-includes@https://registry.npmjs.org/array-includes/-/array-includes-3.1.9.tgz 0ms (cache hit)
5785 http cache array.prototype.findlastindex@https://registry.npmjs.org/array.prototype.findlastindex/-/array.prototype.findlastindex-1.2.6.tgz 0ms (cache hit)
5786 http cache unrs-resolver@https://registry.npmjs.org/unrs-resolver/-/unrs-resolver-1.11.1.tgz 0ms (cache hit)
5787 http cache @rtsao/scc@https://registry.npmjs.org/@rtsao/scc/-/scc-1.1.0.tgz 0ms (cache hit)
5788 http cache stable-hash@https://registry.npmjs.org/stable-hash/-/stable-hash-0.0.5.tgz 0ms (cache hit)
5789 http cache tinyglobby@https://registry.npmjs.org/tinyglobby/-/tinyglobby-0.2.16.tgz 0ms (cache hit)
5790 http cache is-bun-module@https://registry.npmjs.org/is-bun-module/-/is-bun-module-2.0.0.tgz 0ms (cache hit)
5791 http cache get-tsconfig@https://registry.npmjs.org/get-tsconfig/-/get-tsconfig-4.14.0.tgz 0ms (cache hit)
5792 http cache @nolyfill/is-core-module@https://registry.npmjs.org/@nolyfill/is-core-module/-/is-core-module-1.0.39.tgz 0ms (cache hit)
5793 http cache is-core-module@https://registry.npmjs.org/is-core-module/-/is-core-module-2.16.2.tgz 0ms (cache hit)
5794 http cache eslint-plugin-react-hooks@https://registry.npmjs.org/eslint-plugin-react-hooks/-/eslint-plugin-react-hooks-7.1.1.tgz 0ms (cache hit)
5795 http cache resolve@https://registry.npmjs.org/resolve/-/resolve-2.0.0-next.7.tgz 0ms (cache hit)
5796 http cache eslint-plugin-react@https://registry.npmjs.org/eslint-plugin-react/-/eslint-plugin-react-7.37.5.tgz 0ms (cache hit)
5797 http cache fast-glob@https://registry.npmjs.org/fast-glob/-/fast-glob-3.3.1.tgz 0ms (cache hit)
5798 http cache typescript-eslint@https://registry.npmjs.org/typescript-eslint/-/typescript-eslint-8.59.3.tgz 0ms (cache hit)
5799 http cache eslint-plugin-import@https://registry.npmjs.org/eslint-plugin-import/-/eslint-plugin-import-2.32.0.tgz 0ms (cache hit)
5800 http cache eslint-plugin-jsx-a11y@https://registry.npmjs.org/eslint-plugin-jsx-a11y/-/eslint-plugin-jsx-a11y-6.10.2.tgz 0ms (cache hit)
5801 http cache eslint-import-resolver-typescript@https://registry.npmjs.org/eslint-import-resolver-typescript/-/eslint-import-resolver-typescript-3.10.1.tgz 0ms (cache hit)
5802 http cache eslint-import-resolver-node@https://registry.npmjs.org/eslint-import-resolver-node/-/eslint-import-resolver-node-0.3.10.tgz 0ms (cache hit)
5803 http cache @next/eslint-plugin-next@https://registry.npmjs.org/@next/eslint-plugin-next/-/eslint-plugin-next-16.2.4.tgz 0ms (cache hit)
5804 http cache ms@https://registry.npmjs.org/ms/-/ms-2.1.3.tgz 0ms (cache hit)
5805 http cache shebang-command@https://registry.npmjs.org/shebang-command/-/shebang-command-2.0.0.tgz 0ms (cache hit)
5806 http cache path-key@https://registry.npmjs.org/path-key/-/path-key-3.1.1.tgz 0ms (cache hit)
5807 http cache color-name@https://registry.npmjs.org/color-name/-/color-name-1.1.4.tgz 0ms (cache hit)
5808 http cache which@https://registry.npmjs.org/which/-/which-2.0.2.tgz 0ms (cache hit)
5809 http cache color-convert@https://registry.npmjs.org/color-convert/-/color-convert-2.0.1.tgz 0ms (cache hit)
5810 http cache supports-color@https://registry.npmjs.org/supports-color/-/supports-color-7.2.0.tgz 0ms (cache hit)
5811 http cache ansi-styles@https://registry.npmjs.org/ansi-styles/-/ansi-styles-4.3.0.tgz 0ms (cache hit)
5812 http cache @humanfs/types@https://registry.npmjs.org/@humanfs/types/-/types-0.15.0.tgz 0ms (cache hit)
5813 http cache @humanfs/core@https://registry.npmjs.org/@humanfs/core/-/core-0.19.2.tgz 0ms (cache hit)
5814 http cache strip-json-comments@https://registry.npmjs.org/strip-json-comments/-/strip-json-comments-3.1.1.tgz 0ms (cache hit)
5815 http cache js-yaml@https://registry.npmjs.org/js-yaml/-/js-yaml-4.1.1.tgz 0ms (cache hit)
5816 http cache import-fresh@https://registry.npmjs.org/import-fresh/-/import-fresh-3.3.1.tgz 0ms (cache hit)
5817 http cache globals@https://registry.npmjs.org/globals/-/globals-14.0.0.tgz 0ms (cache hit)
5818 http cache @eslint/object-schema@https://registry.npmjs.org/@eslint/object-schema/-/object-schema-2.1.7.tgz 0ms (cache hit)
5819 http cache @types/json-schema@https://registry.npmjs.org/@types/json-schema/-/json-schema-7.0.15.tgz 0ms (cache hit)
5820 http cache levn@https://registry.npmjs.org/levn/-/levn-0.4.1.tgz 0ms (cache hit)
5821 http cache optionator@https://registry.npmjs.org/optionator/-/optionator-0.9.4.tgz 0ms (cache hit)
5822 http cache minimatch@https://registry.npmjs.org/minimatch/-/minimatch-3.1.5.tgz 0ms (cache hit)
5823 http cache is-glob@https://registry.npmjs.org/is-glob/-/is-glob-4.0.3.tgz 0ms (cache hit)
5824 http cache json-stable-stringify-without-jsonify@https://registry.npmjs.org/json-stable-stringify-without-jsonify/-/json-stable-stringify-without-jsonify-1.0.1.tgz 0ms (cache hit)
5825 http cache imurmurhash@https://registry.npmjs.org/imurmurhash/-/imurmurhash-0.1.4.tgz 0ms (cache hit)
5826 http cache ignore@https://registry.npmjs.org/ignore/-/ignore-5.3.2.tgz 0ms (cache hit)
5827 http cache esquery@https://registry.npmjs.org/esquery/-/esquery-1.7.0.tgz 0ms (cache hit)
5828 http cache glob-parent@https://registry.npmjs.org/glob-parent/-/glob-parent-6.0.2.tgz 0ms (cache hit)
5829 http cache file-entry-cache@https://registry.npmjs.org/file-entry-cache/-/file-entry-cache-8.0.0.tgz 0ms (cache hit)
5830 http cache find-up@https://registry.npmjs.org/find-up/-/find-up-5.0.0.tgz 0ms (cache hit)
5831 http cache esutils@https://registry.npmjs.org/esutils/-/esutils-2.0.3.tgz 0ms (cache hit)
5832 http cache espree@https://registry.npmjs.org/espree/-/espree-10.4.0.tgz 0ms (cache hit)
5833 http cache eslint-visitor-keys@https://registry.npmjs.org/eslint-visitor-keys/-/eslint-visitor-keys-4.2.1.tgz 0ms (cache hit)
5834 http cache eslint-scope@https://registry.npmjs.org/eslint-scope/-/eslint-scope-8.4.0.tgz 0ms (cache hit)
5835 http cache escape-string-regexp@https://registry.npmjs.org/escape-string-regexp/-/escape-string-regexp-4.0.0.tgz 0ms (cache hit)
5836 http cache debug@https://registry.npmjs.org/debug/-/debug-4.4.3.tgz 0ms (cache hit)
5837 http cache cross-spawn@https://registry.npmjs.org/cross-spawn/-/cross-spawn-7.0.6.tgz 0ms (cache hit)
5838 http cache @types/estree@https://registry.npmjs.org/@types/estree/-/estree-1.0.9.tgz 0ms (cache hit)
5839 http cache @humanwhocodes/retry@https://registry.npmjs.org/@humanwhocodes/retry/-/retry-0.4.3.tgz 0ms (cache hit)
5840 http cache chalk@https://registry.npmjs.org/chalk/-/chalk-4.1.2.tgz 0ms (cache hit)
5841 http cache @eslint/plugin-kit@https://registry.npmjs.org/@eslint/plugin-kit/-/plugin-kit-0.4.1.tgz 0ms (cache hit)
5842 http cache @humanfs/node@https://registry.npmjs.org/@humanfs/node/-/node-0.16.8.tgz 0ms (cache hit)
5843 http cache natural-compare@https://registry.npmjs.org/natural-compare/-/natural-compare-1.4.0.tgz 0ms (cache hit)
5844 http cache @humanwhocodes/module-importer@https://registry.npmjs.org/@humanwhocodes/module-importer/-/module-importer-1.0.1.tgz 0ms (cache hit)
5845 http cache @eslint/js@https://registry.npmjs.org/@eslint/js/-/js-9.39.4.tgz 0ms (cache hit)
5846 http cache @eslint/core@https://registry.npmjs.org/@eslint/core/-/core-0.17.0.tgz 0ms (cache hit)
5847 http cache @eslint/eslintrc@https://registry.npmjs.org/@eslint/eslintrc/-/eslintrc-3.3.5.tgz 0ms (cache hit)
5848 http cache @eslint/config-helpers@https://registry.npmjs.org/@eslint/config-helpers/-/config-helpers-0.4.2.tgz 0ms (cache hit)
5849 http cache @eslint/config-array@https://registry.npmjs.org/@eslint/config-array/-/config-array-0.21.2.tgz 0ms (cache hit)
5850 http cache @eslint-community/regexpp@https://registry.npmjs.org/@eslint-community/regexpp/-/regexpp-4.12.2.tgz 0ms (cache hit)
5851 http cache graceful-fs@https://registry.npmjs.org/graceful-fs/-/graceful-fs-4.2.11.tgz 0ms (cache hit)
5852 http cache tapable@https://registry.npmjs.org/tapable/-/tapable-2.3.3.tgz 0ms (cache hit)
5853 http cache file-uri-to-path@https://registry.npmjs.org/file-uri-to-path/-/file-uri-to-path-1.0.0.tgz 0ms (cache hit)
5854 http cache @eslint-community/eslint-utils@https://registry.npmjs.org/@eslint-community/eslint-utils/-/eslint-utils-4.9.1.tgz 1ms (cache hit)
5855 http cache prebuild-install@https://registry.npmjs.org/prebuild-install/-/prebuild-install-7.1.3.tgz 0ms (cache hit)
5856 http cache bindings@https://registry.npmjs.org/bindings/-/bindings-1.5.0.tgz 0ms (cache hit)
5857 http cache vlq@https://registry.npmjs.org/vlq/-/vlq-2.0.4.tgz 0ms (cache hit)
5858 http cache tweetnacl@https://registry.npmjs.org/tweetnacl/-/tweetnacl-1.0.3.tgz 0ms (cache hit)
5859 http cache json-bigint@https://registry.npmjs.org/json-bigint/-/json-bigint-1.0.0.tgz 0ms (cache hit)
5860 http cache js-sha3@https://registry.npmjs.org/js-sha3/-/js-sha3-0.8.0.tgz 0ms (cache hit)
5861 http cache js-sha512@https://registry.npmjs.org/js-sha512/-/js-sha512-0.8.0.tgz 0ms (cache hit)
5862 http cache js-sha256@https://registry.npmjs.org/js-sha256/-/js-sha256-0.9.0.tgz 0ms (cache hit)
5863 http cache hi-base32@https://registry.npmjs.org/hi-base32/-/hi-base32-0.5.1.tgz 0ms (cache hit)
5864 http cache algorand-msgpack@https://registry.npmjs.org/algorand-msgpack/-/algorand-msgpack-1.1.0.tgz 0ms (cache hit)
5865 http cache require-from-string@https://registry.npmjs.org/require-from-string/-/require-from-string-2.0.2.tgz 0ms (cache hit)
5866 http cache json-schema-traverse@https://registry.npmjs.org/json-schema-traverse/-/json-schema-traverse-1.0.0.tgz 0ms (cache hit)
5867 http cache fast-uri@https://registry.npmjs.org/fast-uri/-/fast-uri-3.1.2.tgz 0ms (cache hit)
5868 http cache bn.js@https://registry.npmjs.org/bn.js/-/bn.js-5.2.3.tgz 0ms (cache hit)
5869 http cache algo-msgpack-with-bigint@https://registry.npmjs.org/algo-msgpack-with-bigint/-/algo-msgpack-with-bigint-2.1.1.tgz 0ms (cache hit)
5870 http cache ajv@https://registry.npmjs.org/ajv/-/ajv-8.20.0.tgz 0ms (cache hit)
5871 http cache @noble/curves@https://registry.npmjs.org/@noble/curves/-/curves-2.2.0.tgz 0ms (cache hit)
5872 http cache @noble/hashes@https://registry.npmjs.org/@noble/hashes/-/hashes-2.2.0.tgz 0ms (cache hit)
5873 http cache pako@https://registry.npmjs.org/pako/-/pako-2.1.0.tgz 0ms (cache hit)
5874 http cache @noble/ciphers@https://registry.npmjs.org/@noble/ciphers/-/ciphers-2.2.0.tgz 0ms (cache hit)
5875 http cache snappy@https://registry.npmjs.org/snappy/-/snappy-7.3.3.tgz 0ms (cache hit)
5876 http cache lz-string@https://registry.npmjs.org/lz-string/-/lz-string-1.5.0.tgz 0ms (cache hit)
5877 http cache lz4-napi@https://registry.npmjs.org/lz4-napi/-/lz4-napi-2.9.0.tgz 0ms (cache hit)
5878 http cache better-sqlite3@https://registry.npmjs.org/better-sqlite3/-/better-sqlite3-12.10.0.tgz 0ms (cache hit)
5879 http cache algosdk@https://registry.npmjs.org/algosdk/-/algosdk-3.5.2.tgz 0ms (cache hit)
5880 http cache @algorandfoundation/xhd-wallet-api@https://registry.npmjs.org/@algorandfoundation/xhd-wallet-api/-/xhd-wallet-api-2.0.0-canary.1.tgz 0ms (cache hit)
5881 http cache node-addon-api@https://registry.npmjs.org/node-addon-api/-/node-addon-api-8.7.0.tgz 0ms (cache hit)
5882 http cache csstype@https://registry.npmjs.org/csstype/-/csstype-3.2.3.tgz 0ms (cache hit)
5883 http cache node-gyp-build@https://registry.npmjs.org/node-gyp-build/-/node-gyp-build-4.8.4.tgz 0ms (cache hit)
5884 http cache tslib@https://registry.npmjs.org/tslib/-/tslib-2.8.1.tgz 0ms (cache hit)
5885 http cache undici-types@https://registry.npmjs.org/undici-types/-/undici-types-7.24.6.tgz 0ms (cache hit)
5886 http cache @types/ms@https://registry.npmjs.org/@types/ms/-/ms-2.1.0.tgz 0ms (cache hit)
5887 http cache @types/unist@https://registry.npmjs.org/@types/unist/-/unist-3.0.3.tgz 0ms (cache hit)
5888 http cache @tiptap/extension-bubble-menu@https://registry.npmjs.org/@tiptap/extension-bubble-menu/-/extension-bubble-menu-3.23.4.tgz 0ms (cache hit)
5889 http cache fast-equals@https://registry.npmjs.org/fast-equals/-/fast-equals-5.4.0.tgz 0ms (cache hit)
5890 http cache prosemirror-schema-list@https://registry.npmjs.org/prosemirror-schema-list/-/prosemirror-schema-list-1.5.1.tgz 0ms (cache hit)
5891 http cache prosemirror-keymap@https://registry.npmjs.org/prosemirror-keymap/-/prosemirror-keymap-1.2.3.tgz 0ms (cache hit)
5892 http cache @tiptap/extension-floating-menu@https://registry.npmjs.org/@tiptap/extension-floating-menu/-/extension-floating-menu-3.23.4.tgz 0ms (cache hit)
5893 http cache prosemirror-gapcursor@https://registry.npmjs.org/prosemirror-gapcursor/-/prosemirror-gapcursor-1.4.1.tgz 0ms (cache hit)
5894 http cache prosemirror-dropcursor@https://registry.npmjs.org/prosemirror-dropcursor/-/prosemirror-dropcursor-1.8.2.tgz 0ms (cache hit)
5895 http cache prosemirror-commands@https://registry.npmjs.org/prosemirror-commands/-/prosemirror-commands-1.7.1.tgz 0ms (cache hit)
5896 http cache @jridgewell/resolve-uri@https://registry.npmjs.org/@jridgewell/resolve-uri/-/resolve-uri-3.1.2.tgz 0ms (cache hit)
5897 http cache @tailwindcss/oxide-darwin-x64@https://registry.npmjs.org/@tailwindcss/oxide-darwin-x64/-/oxide-darwin-x64-4.3.0.tgz 0ms (cache hit)
5898 http cache prosemirror-changeset@https://registry.npmjs.org/prosemirror-changeset/-/prosemirror-changeset-2.4.1.tgz 0ms (cache hit)
5899 http cache @jridgewell/sourcemap-codec@https://registry.npmjs.org/@jridgewell/sourcemap-codec/-/sourcemap-codec-1.5.5.tgz 0ms (cache hit)
5900 http cache @jridgewell/trace-mapping@https://registry.npmjs.org/@jridgewell/trace-mapping/-/trace-mapping-0.3.31.tgz 0ms (cache hit)
5901 http cache @jridgewell/gen-mapping@https://registry.npmjs.org/@jridgewell/gen-mapping/-/gen-mapping-0.3.13.tgz 0ms (cache hit)
5902 http cache source-map-js@https://registry.npmjs.org/source-map-js/-/source-map-js-1.2.1.tgz 0ms (cache hit)
5903 http cache lightningcss@https://registry.npmjs.org/lightningcss/-/lightningcss-1.32.0.tgz 0ms (cache hit)
5904 http cache magic-string@https://registry.npmjs.org/magic-string/-/magic-string-0.30.21.tgz 0ms (cache hit)
5905 http cache enhanced-resolve@https://registry.npmjs.org/enhanced-resolve/-/enhanced-resolve-5.21.3.tgz 0ms (cache hit)
5906 http cache jiti@https://registry.npmjs.org/jiti/-/jiti-2.7.0.tgz 0ms (cache hit)
5907 http cache postcss@https://registry.npmjs.org/postcss/-/postcss-8.5.14.tgz 0ms (cache hit)
5908 http cache @jridgewell/remapping@https://registry.npmjs.org/@jridgewell/remapping/-/remapping-2.3.5.tgz 0ms (cache hit)
5909 http cache @tailwindcss/oxide@https://registry.npmjs.org/@tailwindcss/oxide/-/oxide-4.3.0.tgz 0ms (cache hit)
5910 http cache @alloc/quick-lru@https://registry.npmjs.org/@alloc/quick-lru/-/quick-lru-5.2.0.tgz 0ms (cache hit)
5911 http cache @tailwindcss/node@https://registry.npmjs.org/@tailwindcss/node/-/node-4.3.0.tgz 0ms (cache hit)
5912 http cache @types/hast@https://registry.npmjs.org/@types/hast/-/hast-3.0.4.tgz 0ms (cache hit)
5913 http cache @shikijs/vscode-textmate@https://registry.npmjs.org/@shikijs/vscode-textmate/-/vscode-textmate-10.0.2.tgz 0ms (cache hit)
5914 http cache @radix-ui/react-use-effect-event@https://registry.npmjs.org/@radix-ui/react-use-effect-event/-/react-use-effect-event-0.0.2.tgz 0ms (cache hit)
5915 http cache @radix-ui/react-visually-hidden@https://registry.npmjs.org/@radix-ui/react-visually-hidden/-/react-visually-hidden-1.2.3.tgz 0ms (cache hit)
5916 http cache @radix-ui/react-use-previous@https://registry.npmjs.org/@radix-ui/react-use-previous/-/react-use-previous-1.1.1.tgz 0ms (cache hit)
5917 http cache @radix-ui/number@https://registry.npmjs.org/@radix-ui/number/-/number-1.1.1.tgz 0ms (cache hit)
5918 http cache @radix-ui/rect@https://registry.npmjs.org/@radix-ui/rect/-/rect-1.1.1.tgz 0ms (cache hit)
5919 http cache @radix-ui/react-use-size@https://registry.npmjs.org/@radix-ui/react-use-size/-/react-use-size-1.1.1.tgz 0ms (cache hit)
5920 http cache @radix-ui/react-use-rect@https://registry.npmjs.org/@radix-ui/react-use-rect/-/react-use-rect-1.1.1.tgz 0ms (cache hit)
5921 http cache @radix-ui/react-roving-focus@https://registry.npmjs.org/@radix-ui/react-roving-focus/-/react-roving-focus-1.1.11.tgz 0ms (cache hit)
5922 http cache @radix-ui/react-arrow@https://registry.npmjs.org/@radix-ui/react-arrow/-/react-arrow-1.1.7.tgz 0ms (cache hit)
5923 http cache @radix-ui/react-direction@https://registry.npmjs.org/@radix-ui/react-direction/-/react-direction-1.1.1.tgz 0ms (cache hit)
5924 http cache @radix-ui/react-popper@https://registry.npmjs.org/@radix-ui/react-popper/-/react-popper-1.2.8.tgz 0ms (cache hit)
5925 http cache @radix-ui/react-collection@https://registry.npmjs.org/@radix-ui/react-collection/-/react-collection-1.1.7.tgz 0ms (cache hit)
5926 http cache @radix-ui/react-use-layout-effect@https://registry.npmjs.org/@radix-ui/react-use-layout-effect/-/react-use-layout-effect-1.1.1.tgz 0ms (cache hit)
5927 http cache @radix-ui/react-use-escape-keydown@https://registry.npmjs.org/@radix-ui/react-use-escape-keydown/-/react-use-escape-keydown-1.1.1.tgz 0ms (cache hit)
5928 http cache @radix-ui/react-menu@https://registry.npmjs.org/@radix-ui/react-menu/-/react-menu-2.1.16.tgz 0ms (cache hit)
5929 http cache @radix-ui/react-use-callback-ref@https://registry.npmjs.org/@radix-ui/react-use-callback-ref/-/react-use-callback-ref-1.1.1.tgz 0ms (cache hit)
5930 http cache aria-hidden@https://registry.npmjs.org/aria-hidden/-/aria-hidden-1.2.6.tgz 0ms (cache hit)
5931 http cache @radix-ui/react-use-controllable-state@https://registry.npmjs.org/@radix-ui/react-use-controllable-state/-/react-use-controllable-state-1.2.2.tgz 0ms (cache hit)
5932 http cache @radix-ui/react-primitive@https://registry.npmjs.org/@radix-ui/react-primitive/-/react-primitive-2.1.3.tgz 0ms (cache hit)
5933 http cache @radix-ui/react-presence@https://registry.npmjs.org/@radix-ui/react-presence/-/react-presence-1.1.5.tgz 0ms (cache hit)
5934 http cache @radix-ui/react-portal@https://registry.npmjs.org/@radix-ui/react-portal/-/react-portal-1.1.9.tgz 0ms (cache hit)
5935 http cache @radix-ui/react-focus-scope@https://registry.npmjs.org/@radix-ui/react-focus-scope/-/react-focus-scope-1.1.7.tgz 0ms (cache hit)
5936 http cache @radix-ui/react-focus-guards@https://registry.npmjs.org/@radix-ui/react-focus-guards/-/react-focus-guards-1.1.3.tgz 0ms (cache hit)
5937 http cache @radix-ui/react-dismissable-layer@https://registry.npmjs.org/@radix-ui/react-dismissable-layer/-/react-dismissable-layer-1.1.11.tgz 0ms (cache hit)
5938 http cache @radix-ui/react-id@https://registry.npmjs.org/@radix-ui/react-id/-/react-id-1.1.1.tgz 0ms (cache hit)
5939 http cache @radix-ui/react-context@https://registry.npmjs.org/@radix-ui/react-context/-/react-context-1.1.2.tgz 0ms (cache hit)
5940 http cache @radix-ui/react-compose-refs@https://registry.npmjs.org/@radix-ui/react-compose-refs/-/react-compose-refs-1.1.2.tgz 0ms (cache hit)
5941 http cache @prisma/debug@https://registry.npmjs.org/@prisma/debug/-/debug-7.8.0.tgz 0ms (cache hit)
5942 http cache @radix-ui/primitive@https://registry.npmjs.org/@radix-ui/primitive/-/primitive-1.1.3.tgz 0ms (cache hit)
5943 http cache @prisma/client-runtime-utils@https://registry.npmjs.org/@prisma/client-runtime-utils/-/client-runtime-utils-7.8.0.tgz 0ms (cache hit)
5944 http cache mariadb@https://registry.npmjs.org/mariadb/-/mariadb-3.4.5.tgz 0ms (cache hit)
5945 http cache type-fest@https://registry.npmjs.org/type-fest/-/type-fest-5.6.0.tgz 0ms (cache hit)
5946 http cache @prisma/driver-adapter-utils@https://registry.npmjs.org/@prisma/driver-adapter-utils/-/driver-adapter-utils-7.8.0.tgz 0ms (cache hit)
5947 http cache react-remove-scroll@https://registry.npmjs.org/react-remove-scroll/-/react-remove-scroll-2.7.2.tgz 0ms (cache hit)
5948 http cache react-number-format@https://registry.npmjs.org/react-number-format/-/react-number-format-5.4.5.tgz 0ms (cache hit)
5949 http cache prosemirror-history@https://registry.npmjs.org/prosemirror-history/-/prosemirror-history-1.5.0.tgz 0ms (cache hit)
5950 http cache @floating-ui/core@https://registry.npmjs.org/@floating-ui/core/-/core-1.7.5.tgz 0ms (cache hit)
5951 http cache @floating-ui/react-dom@https://registry.npmjs.org/@floating-ui/react-dom/-/react-dom-2.1.8.tgz 0ms (cache hit)
5952 http cache @floating-ui/dom@https://registry.npmjs.org/@floating-ui/dom/-/dom-1.7.6.tgz 0ms (cache hit)
5953 http cache tabbable@https://registry.npmjs.org/tabbable/-/tabbable-6.4.0.tgz 0ms (cache hit)
5954 http cache use-sync-external-store@https://registry.npmjs.org/use-sync-external-store/-/use-sync-external-store-1.6.0.tgz 0ms (cache hit)
5955 http cache lodash.merge@https://registry.npmjs.org/lodash.merge/-/lodash.merge-4.6.2.tgz 0ms (cache hit)
5956 http cache @tiptap/react@https://registry.npmjs.org/@tiptap/react/-/react-3.23.4.tgz 0ms (cache hit)
5957 http cache @tanstack/react-store@https://registry.npmjs.org/@tanstack/react-store/-/react-store-0.7.7.tgz 0ms (cache hit)
5958 http cache @floating-ui/utils@https://registry.npmjs.org/@floating-ui/utils/-/utils-0.2.11.tgz 1ms (cache hit)
5959 http cache yjs@https://registry.npmjs.org/yjs/-/yjs-13.6.30.tgz 0ms (cache hit)
5960 http cache react-icons@https://registry.npmjs.org/react-icons/-/react-icons-5.6.0.tgz 0ms (cache hit)
5961 http cache @floating-ui/react@https://registry.npmjs.org/@floating-ui/react/-/react-0.27.19.tgz 0ms (cache hit)
5962 http cache @types/use-sync-external-store@https://registry.npmjs.org/@types/use-sync-external-store/-/use-sync-external-store-1.5.0.tgz 0ms (cache hit)
5963 http cache y-protocols@https://registry.npmjs.org/y-protocols/-/y-protocols-1.0.7.tgz 0ms (cache hit)
5964 http cache y-prosemirror@https://registry.npmjs.org/y-prosemirror/-/y-prosemirror-1.3.7.tgz 0ms (cache hit)
5965 http cache unist-util-visit@https://registry.npmjs.org/unist-util-visit/-/unist-util-visit-5.1.0.tgz 0ms (cache hit)
5966 http cache remark-rehype@https://registry.npmjs.org/remark-rehype/-/remark-rehype-11.1.2.tgz 0ms (cache hit)
5967 http cache remark-stringify@https://registry.npmjs.org/remark-stringify/-/remark-stringify-11.0.0.tgz 0ms (cache hit)
5968 http cache remark-gfm@https://registry.npmjs.org/remark-gfm/-/remark-gfm-4.0.1.tgz 0ms (cache hit)
5969 http cache rehype-stringify@https://registry.npmjs.org/rehype-stringify/-/rehype-stringify-10.0.1.tgz 0ms (cache hit)
5970 http cache rehype-remark@https://registry.npmjs.org/rehype-remark/-/rehype-remark-10.0.1.tgz 0ms (cache hit)
5971 http cache rehype-format@https://registry.npmjs.org/rehype-format/-/rehype-format-5.0.1.tgz 0ms (cache hit)
5972 http cache rehype-parse@https://registry.npmjs.org/rehype-parse/-/rehype-parse-9.0.1.tgz 0ms (cache hit)
5973 http cache prosemirror-transform@https://registry.npmjs.org/prosemirror-transform/-/prosemirror-transform-1.12.0.tgz 0ms (cache hit)
5974 http cache prosemirror-tables@https://registry.npmjs.org/prosemirror-tables/-/prosemirror-tables-1.8.5.tgz 0ms (cache hit)
5975 http cache lib0@https://registry.npmjs.org/lib0/-/lib0-0.2.117.tgz 0ms (cache hit)
5976 http cache prosemirror-highlight@https://registry.npmjs.org/prosemirror-highlight/-/prosemirror-highlight-0.15.1.tgz 0ms (cache hit)
5977 http cache hast-util-from-dom@https://registry.npmjs.org/hast-util-from-dom/-/hast-util-from-dom-5.0.1.tgz 0ms (cache hit)
5978 http cache fast-deep-equal@https://registry.npmjs.org/fast-deep-equal/-/fast-deep-equal-3.1.3.tgz 0ms (cache hit)
5979 http cache emoji-mart@https://registry.npmjs.org/emoji-mart/-/emoji-mart-5.6.0.tgz 0ms (cache hit)
5980 http cache unified@https://registry.npmjs.org/unified/-/unified-11.0.5.tgz 0ms (cache hit)
5981 http cache remark-parse@https://registry.npmjs.org/remark-parse/-/remark-parse-11.0.0.tgz 0ms (cache hit)
5982 http cache @tiptap/extension-underline@https://registry.npmjs.org/@tiptap/extension-underline/-/extension-underline-3.23.4.tgz 0ms (cache hit)
5983 http cache @tiptap/extensions@https://registry.npmjs.org/@tiptap/extensions/-/extensions-3.23.4.tgz 0ms (cache hit)
5984 http cache @tiptap/extension-paragraph@https://registry.npmjs.org/@tiptap/extension-paragraph/-/extension-paragraph-3.23.4.tgz 0ms (cache hit)
5985 http cache @tiptap/extension-italic@https://registry.npmjs.org/@tiptap/extension-italic/-/extension-italic-3.23.4.tgz 0ms (cache hit)
5986 http cache @tiptap/extension-horizontal-rule@https://registry.npmjs.org/@tiptap/extension-horizontal-rule/-/extension-horizontal-rule-3.23.4.tgz 0ms (cache hit)
5987 http cache @tiptap/extension-strike@https://registry.npmjs.org/@tiptap/extension-strike/-/extension-strike-3.23.4.tgz 0ms (cache hit)
5988 http cache @tiptap/extension-code@https://registry.npmjs.org/@tiptap/extension-code/-/extension-code-3.23.4.tgz 0ms (cache hit)
5989 http cache @tiptap/pm@https://registry.npmjs.org/@tiptap/pm/-/pm-3.23.4.tgz 0ms (cache hit)
5990 http cache @tiptap/extension-text@https://registry.npmjs.org/@tiptap/extension-text/-/extension-text-3.23.4.tgz 0ms (cache hit)
5991 http cache @tanstack/store@https://registry.npmjs.org/@tanstack/store/-/store-0.7.7.tgz 0ms (cache hit)
5992 http cache @tiptap/extension-bold@https://registry.npmjs.org/@tiptap/extension-bold/-/extension-bold-3.23.4.tgz 0ms (cache hit)
5993 http cache @shikijs/types@https://registry.npmjs.org/@shikijs/types/-/types-4.0.2.tgz 0ms (cache hit)
5994 http cache prosemirror-model@https://registry.npmjs.org/prosemirror-model/-/prosemirror-model-1.25.6.tgz 0ms (cache hit)
5995 http cache prosemirror-state@https://registry.npmjs.org/prosemirror-state/-/prosemirror-state-1.4.4.tgz 0ms (cache hit)
5996 http cache prosemirror-view@https://registry.npmjs.org/prosemirror-view/-/prosemirror-view-1.41.8.tgz 0ms (cache hit)
5997 http cache @handlewithcare/prosemirror-inputrules@https://registry.npmjs.org/@handlewithcare/prosemirror-inputrules/-/prosemirror-inputrules-0.1.4.tgz 0ms (cache hit)
5998 http cache @tiptap/core@https://registry.npmjs.org/@tiptap/core/-/core-3.23.4.tgz 0ms (cache hit)
5999 http cache typescript@https://registry.npmjs.org/typescript/-/typescript-5.9.3.tgz 0ms (cache hit)
6000 http cache zod@https://registry.npmjs.org/zod/-/zod-4.4.3.tgz 0ms (cache hit)
6001 http cache @emoji-mart/data@https://registry.npmjs.org/@emoji-mart/data/-/data-1.2.1.tgz 0ms (cache hit)
6002 http cache tsx@https://registry.npmjs.org/tsx/-/tsx-4.22.0.tgz 0ms (cache hit)
6003 http cache tailwind-merge@https://registry.npmjs.org/tailwind-merge/-/tailwind-merge-3.6.0.tgz 0ms (cache hit)
6004 http cache recharts@https://registry.npmjs.org/recharts/-/recharts-3.8.1.tgz 0ms (cache hit)
6005 http cache tailwindcss@https://registry.npmjs.org/tailwindcss/-/tailwindcss-4.3.0.tgz 0ms (cache hit)
6006 http cache sonner@https://registry.npmjs.org/sonner/-/sonner-2.0.7.tgz 0ms (cache hit)
6007 http cache react-day-picker@https://registry.npmjs.org/react-day-picker/-/react-day-picker-10.0.1.tgz 0ms (cache hit)
6008 http cache react-is@https://registry.npmjs.org/react-is/-/react-is-19.2.6.tgz 0ms (cache hit)
6009 http cache next-themes@https://registry.npmjs.org/next-themes/-/next-themes-0.4.6.tgz 0ms (cache hit)
6010 http cache prisma@https://registry.npmjs.org/prisma/-/prisma-7.8.0.tgz 0ms (cache hit)
6011 http cache lucide-react@https://registry.npmjs.org/lucide-react/-/lucide-react-1.16.0.tgz 0ms (cache hit)
6012 http cache nodemailer@https://registry.npmjs.org/nodemailer/-/nodemailer-8.0.7.tgz 0ms (cache hit)
6013 http cache jsonwebtoken@https://registry.npmjs.org/jsonwebtoken/-/jsonwebtoken-9.0.3.tgz 0ms (cache hit)
6014 http cache marked@https://registry.npmjs.org/marked/-/marked-18.0.3.tgz 0ms (cache hit)
6015 http cache eslint-config-next@https://registry.npmjs.org/eslint-config-next/-/eslint-config-next-16.2.4.tgz 0ms (cache hit)
6016 http cache next@https://registry.npmjs.org/next/-/next-16.2.4.tgz 0ms (cache hit)
6017 http cache eslint@https://registry.npmjs.org/eslint/-/eslint-9.39.4.tgz 0ms (cache hit)
6018 http cache dotenv@https://registry.npmjs.org/dotenv/-/dotenv-17.4.2.tgz 0ms (cache hit)
6019 http cache date-fns@https://registry.npmjs.org/date-fns/-/date-fns-4.1.0.tgz 0ms (cache hit)
6020 http cache clsx@https://registry.npmjs.org/clsx/-/clsx-2.1.1.tgz 0ms (cache hit)
6021 http cache bcrypt@https://registry.npmjs.org/bcrypt/-/bcrypt-6.0.0.tgz 0ms (cache hit)
6022 http cache @types/react-dom@https://registry.npmjs.org/@types/react-dom/-/react-dom-19.2.3.tgz 0ms (cache hit)
6023 http cache blocknote@https://registry.npmjs.org/blocknote/-/blocknote-0.1.4.tgz 0ms (cache hit)
6024 http cache @types/react@https://registry.npmjs.org/@types/react/-/react-19.2.14.tgz 0ms (cache hit)
6025 http cache @types/nodemailer@https://registry.npmjs.org/@types/nodemailer/-/nodemailer-8.0.0.tgz 0ms (cache hit)
6026 http cache @types/node@https://registry.npmjs.org/@types/node/-/node-25.8.0.tgz 0ms (cache hit)
6027 http cache @types/jsonwebtoken@https://registry.npmjs.org/@types/jsonwebtoken/-/jsonwebtoken-9.0.10.tgz 0ms (cache hit)
6028 http cache @types/bcrypt@https://registry.npmjs.org/@types/bcrypt/-/bcrypt-6.0.0.tgz 0ms (cache hit)
6029 http cache @radix-ui/react-tabs@https://registry.npmjs.org/@radix-ui/react-tabs/-/react-tabs-1.1.13.tgz 0ms (cache hit)
6030 http cache @radix-ui/react-switch@https://registry.npmjs.org/@radix-ui/react-switch/-/react-switch-1.2.6.tgz 0ms (cache hit)
6031 http cache @tailwindcss/postcss@https://registry.npmjs.org/@tailwindcss/postcss/-/postcss-4.3.0.tgz 0ms (cache hit)
6032 http cache @radix-ui/react-slot@https://registry.npmjs.org/@radix-ui/react-slot/-/react-slot-1.2.4.tgz 0ms (cache hit)
6033 http cache @radix-ui/react-popover@https://registry.npmjs.org/@radix-ui/react-popover/-/react-popover-1.1.15.tgz 0ms (cache hit)
6034 http cache @radix-ui/react-select@https://registry.npmjs.org/@radix-ui/react-select/-/react-select-2.2.6.tgz 0ms (cache hit)
6035 http cache @radix-ui/react-dialog@https://registry.npmjs.org/@radix-ui/react-dialog/-/react-dialog-1.1.15.tgz 0ms (cache hit)
6036 http cache @prisma/client@https://registry.npmjs.org/@prisma/client/-/client-7.8.0.tgz 0ms (cache hit)
6037 http cache @radix-ui/react-dropdown-menu@https://registry.npmjs.org/@radix-ui/react-dropdown-menu/-/react-dropdown-menu-2.1.16.tgz 0ms (cache hit)
6038 http cache @prisma/adapter-mariadb@https://registry.npmjs.org/@prisma/adapter-mariadb/-/adapter-mariadb-7.8.0.tgz 0ms (cache hit)
6039 http cache @blocknote/react@https://registry.npmjs.org/@blocknote/react/-/react-0.50.0.tgz 0ms (cache hit)
6040 http cache @mantine/core@https://registry.npmjs.org/@mantine/core/-/core-9.2.1.tgz 0ms (cache hit)
6041 http cache react@https://registry.npmjs.org/react/-/react-19.2.4.tgz 0ms (cache hit)
6042 http cache @blocknote/mantine@https://registry.npmjs.org/@blocknote/mantine/-/mantine-0.50.0.tgz 0ms (cache hit)
6043 http cache @mantine/hooks@https://registry.npmjs.org/@mantine/hooks/-/hooks-9.2.1.tgz 0ms (cache hit)
6044 http cache @blocknote/core@https://registry.npmjs.org/@blocknote/core/-/core-0.50.0.tgz 0ms (cache hit)
6045 http cache react-dom@https://registry.npmjs.org/react-dom/-/react-dom-19.2.4.tgz 0ms (cache hit)
6046 http cache eslint-visitor-keys@https://registry.npmjs.org/eslint-visitor-keys/-/eslint-visitor-keys-5.0.1.tgz 0ms (cache hit)
6047 http cache semver@https://registry.npmjs.org/semver/-/semver-7.8.0.tgz 0ms (cache hit)
6048 http cache brace-expansion@https://registry.npmjs.org/brace-expansion/-/brace-expansion-5.0.6.tgz 0ms (cache hit)
6049 http cache minimatch@https://registry.npmjs.org/minimatch/-/minimatch-10.2.5.tgz 0ms (cache hit)
6050 http cache ignore@https://registry.npmjs.org/ignore/-/ignore-7.0.5.tgz 0ms (cache hit)
6051 http cache escape-string-regexp@https://registry.npmjs.org/escape-string-regexp/-/escape-string-regexp-5.0.0.tgz 0ms (cache hit)
6052 http cache balanced-match@https://registry.npmjs.org/balanced-match/-/balanced-match-4.0.4.tgz 0ms (cache hit)
6053 http cache @types/use-sync-external-store@https://registry.npmjs.org/@types/use-sync-external-store/-/use-sync-external-store-0.0.6.tgz 0ms (cache hit)
6054 http cache @prisma/get-platform@https://registry.npmjs.org/@prisma/get-platform/-/get-platform-7.8.0.tgz 0ms (cache hit)
6055 http cache immer@https://registry.npmjs.org/immer/-/immer-11.1.8.tgz 0ms (cache hit)
6056 http cache signal-exit@https://registry.npmjs.org/signal-exit/-/signal-exit-3.0.7.tgz 0ms (cache hit)
6057 http cache iconv-lite@https://registry.npmjs.org/iconv-lite/-/iconv-lite-0.7.2.tgz 0ms (cache hit)
6058 http cache @prisma/get-platform@https://registry.npmjs.org/@prisma/get-platform/-/get-platform-7.8.0.tgz 0ms (cache hit)
6059 http cache @prisma/debug@https://registry.npmjs.org/@prisma/debug/-/debug-7.2.0.tgz 0ms (cache hit)
6060 http cache semver@https://registry.npmjs.org/semver/-/semver-7.8.0.tgz 0ms (cache hit)
6061 http cache strip-json-comments@https://registry.npmjs.org/strip-json-comments/-/strip-json-comments-2.0.1.tgz 0ms (cache hit)
6062 http cache semver@https://registry.npmjs.org/semver/-/semver-7.8.0.tgz 0ms (cache hit)
6063 http cache debug@https://registry.npmjs.org/debug/-/debug-3.2.7.tgz 0ms (cache hit)
6064 http cache react-is@https://registry.npmjs.org/react-is/-/react-is-16.13.1.tgz 0ms (cache hit)
6065 http cache json5@https://registry.npmjs.org/json5/-/json5-1.0.2.tgz 0ms (cache hit)
6066 http cache fdir@https://registry.npmjs.org/fdir/-/fdir-6.5.0.tgz 0ms (cache hit)
6067 http cache picomatch@https://registry.npmjs.org/picomatch/-/picomatch-4.0.4.tgz 0ms (cache hit)
6068 http cache semver@https://registry.npmjs.org/semver/-/semver-7.8.0.tgz 0ms (cache hit)
6069 http cache glob-parent@https://registry.npmjs.org/glob-parent/-/glob-parent-5.1.2.tgz 0ms (cache hit)
6070 http cache debug@https://registry.npmjs.org/debug/-/debug-3.2.7.tgz 0ms (cache hit)
6071 http cache debug@https://registry.npmjs.org/debug/-/debug-3.2.7.tgz 0ms (cache hit)
6072 http cache json-schema-traverse@https://registry.npmjs.org/json-schema-traverse/-/json-schema-traverse-0.4.1.tgz 0ms (cache hit)
6073 http cache ajv@https://registry.npmjs.org/ajv/-/ajv-6.15.0.tgz 0ms (cache hit)
6074 http cache eslint-visitor-keys@https://registry.npmjs.org/eslint-visitor-keys/-/eslint-visitor-keys-3.4.3.tgz 0ms (cache hit)
6075 http cache @radix-ui/react-slot@https://registry.npmjs.org/@radix-ui/react-slot/-/react-slot-1.2.3.tgz 0ms (cache hit)
6076 http cache @radix-ui/react-slot@https://registry.npmjs.org/@radix-ui/react-slot/-/react-slot-1.2.3.tgz 0ms (cache hit)
6077 http cache @radix-ui/react-slot@https://registry.npmjs.org/@radix-ui/react-slot/-/react-slot-1.2.3.tgz 0ms (cache hit)
6078 http cache undici-types@https://registry.npmjs.org/undici-types/-/undici-types-7.16.0.tgz 0ms (cache hit)
6079 http cache lru-cache@https://registry.npmjs.org/lru-cache/-/lru-cache-10.4.3.tgz 0ms (cache hit)
6080 http cache @types/node@https://registry.npmjs.org/@types/node/-/node-24.12.4.tgz 0ms (cache hit)
6081 http cache postcss@https://registry.npmjs.org/postcss/-/postcss-8.4.31.tgz 0ms (cache hit)
6082 http cache @types/use-sync-external-store@https://registry.npmjs.org/@types/use-sync-external-store/-/use-sync-external-store-0.0.6.tgz 0ms (cache hit)
6083 http cache semver@https://registry.npmjs.org/semver/-/semver-7.8.0.tgz 0ms (cache hit)
6084 http cache globals@https://registry.npmjs.org/globals/-/globals-16.4.0.tgz 0ms (cache hit)
6085 http cache ajv@https://registry.npmjs.org/ajv/-/ajv-6.15.0.tgz 0ms (cache hit)
6086 http cache json-schema-traverse@https://registry.npmjs.org/json-schema-traverse/-/json-schema-traverse-0.4.1.tgz 0ms (cache hit)
6087 http cache @radix-ui/react-slot@https://registry.npmjs.org/@radix-ui/react-slot/-/react-slot-1.2.3.tgz 0ms (cache hit)
6088 http cache @radix-ui/react-slot@https://registry.npmjs.org/@radix-ui/react-slot/-/react-slot-1.2.3.tgz 0ms (cache hit)
6089 http cache @radix-ui/react-slot@https://registry.npmjs.org/@radix-ui/react-slot/-/react-slot-1.2.3.tgz 0ms (cache hit)
6090 silly tarball no local data for punycode@https://registry.npmjs.org/punycode/-/punycode-2.3.1.tgz. Extracting by manifest.
6091 silly tarball no local data for fast-json-stable-stringify@https://registry.npmjs.org/fast-json-stable-stringify/-/fast-json-stable-stringify-2.1.0.tgz. Extracting by manifest.
6092 silly tarball no local data for uri-js@https://registry.npmjs.org/uri-js/-/uri-js-4.4.1.tgz. Extracting by manifest.
6093 silly tarball no local data for grammex@https://registry.npmjs.org/grammex/-/grammex-3.1.12.tgz. Extracting by manifest.
6094 silly tarball no local data for graphmatch@https://registry.npmjs.org/graphmatch/-/graphmatch-1.1.1.tgz. Extracting by manifest.
6095 silly tarball no local data for is-map@https://registry.npmjs.org/is-map/-/is-map-2.0.3.tgz. Extracting by manifest.
6096 silly tarball no local data for is-weakset@https://registry.npmjs.org/is-weakset/-/is-weakset-2.0.4.tgz. Extracting by manifest.
6097 silly tarball no local data for generator-function@https://registry.npmjs.org/generator-function/-/generator-function-2.0.1.tgz. Extracting by manifest.
6098 silly tarball no local data for async-function@https://registry.npmjs.org/async-function/-/async-function-1.0.0.tgz. Extracting by manifest.
6099 silly tarball no local data for is-weakmap@https://registry.npmjs.org/is-weakmap/-/is-weakmap-2.0.2.tgz. Extracting by manifest.
6100 silly tarball no local data for is-generator-function@https://registry.npmjs.org/is-generator-function/-/is-generator-function-1.1.2.tgz. Extracting by manifest.
6101 silly tarball no local data for which-collection@https://registry.npmjs.org/which-collection/-/which-collection-1.0.2.tgz. Extracting by manifest.
6102 silly tarball no local data for is-async-function@https://registry.npmjs.org/is-async-function/-/is-async-function-2.1.1.tgz. Extracting by manifest.
6103 silly tarball no local data for is-finalizationregistry@https://registry.npmjs.org/is-finalizationregistry/-/is-finalizationregistry-1.1.1.tgz. Extracting by manifest.
6104 silly tarball no local data for isexe@https://registry.npmjs.org/isexe/-/isexe-2.0.0.tgz. Extracting by manifest.
6105 silly tarball no local data for is-bigint@https://registry.npmjs.org/is-bigint/-/is-bigint-1.1.0.tgz. Extracting by manifest.
6106 silly tarball no local data for is-number-object@https://registry.npmjs.org/is-number-object/-/is-number-object-1.1.1.tgz. Extracting by manifest.
6107 silly tarball no local data for is-boolean-object@https://registry.npmjs.org/is-boolean-object/-/is-boolean-object-1.2.2.tgz. Extracting by manifest.
6108 silly tarball no local data for d3-time-format@https://registry.npmjs.org/d3-time-format/-/d3-time-format-4.1.0.tgz. Extracting by manifest.
6109 silly tarball no local data for d3-path@https://registry.npmjs.org/d3-path/-/d3-path-3.1.0.tgz. Extracting by manifest.
6110 silly tarball no local data for d3-color@https://registry.npmjs.org/d3-color/-/d3-color-3.1.0.tgz. Extracting by manifest.
6111 silly tarball no local data for d3-format@https://registry.npmjs.org/d3-format/-/d3-format-3.1.2.tgz. Extracting by manifest.
6112 silly tarball no local data for internmap@https://registry.npmjs.org/internmap/-/internmap-2.0.3.tgz. Extracting by manifest.
6113 silly tarball no local data for @types/d3-path@https://registry.npmjs.org/@types/d3-path/-/d3-path-3.1.1.tgz. Extracting by manifest.
6114 silly tarball no local data for d3-timer@https://registry.npmjs.org/d3-timer/-/d3-timer-3.0.1.tgz. Extracting by manifest.
6115 silly tarball no local data for d3-scale@https://registry.npmjs.org/d3-scale/-/d3-scale-4.0.2.tgz. Extracting by manifest.
6116 silly tarball no local data for d3-time@https://registry.npmjs.org/d3-time/-/d3-time-3.1.0.tgz. Extracting by manifest.
6117 silly tarball no local data for @types/d3-color@https://registry.npmjs.org/@types/d3-color/-/d3-color-3.1.3.tgz. Extracting by manifest.
6118 silly tarball no local data for d3-shape@https://registry.npmjs.org/d3-shape/-/d3-shape-3.2.0.tgz. Extracting by manifest.
6119 silly tarball no local data for d3-interpolate@https://registry.npmjs.org/d3-interpolate/-/d3-interpolate-3.0.1.tgz. Extracting by manifest.
6120 silly tarball no local data for d3-ease@https://registry.npmjs.org/d3-ease/-/d3-ease-3.0.1.tgz. Extracting by manifest.
6121 silly tarball no local data for @types/d3-time@https://registry.npmjs.org/@types/d3-time/-/d3-time-3.0.4.tgz. Extracting by manifest.
6122 silly tarball no local data for @types/d3-timer@https://registry.npmjs.org/@types/d3-timer/-/d3-timer-3.0.2.tgz. Extracting by manifest.
6123 silly tarball no local data for d3-array@https://registry.npmjs.org/d3-array/-/d3-array-3.2.4.tgz. Extracting by manifest.
6124 silly tarball no local data for @types/d3-shape@https://registry.npmjs.org/@types/d3-shape/-/d3-shape-3.1.8.tgz. Extracting by manifest.
6125 silly tarball no local data for @types/d3-scale@https://registry.npmjs.org/@types/d3-scale/-/d3-scale-4.0.9.tgz. Extracting by manifest.
6126 silly tarball no local data for @types/d3-interpolate@https://registry.npmjs.org/@types/d3-interpolate/-/d3-interpolate-3.0.4.tgz. Extracting by manifest.
6127 silly tarball no local data for @types/d3-ease@https://registry.npmjs.org/@types/d3-ease/-/d3-ease-3.0.2.tgz. Extracting by manifest.
6128 silly tarball no local data for @types/d3-array@https://registry.npmjs.org/@types/d3-array/-/d3-array-3.2.2.tgz. Extracting by manifest.
6129 silly tarball no local data for detect-node-es@https://registry.npmjs.org/detect-node-es/-/detect-node-es-1.1.0.tgz. Extracting by manifest.
6130 silly tarball no local data for escalade@https://registry.npmjs.org/escalade/-/escalade-3.2.0.tgz. Extracting by manifest.
6131 silly tarball no local data for napi-postinstall@https://registry.npmjs.org/napi-postinstall/-/napi-postinstall-0.3.4.tgz. Extracting by manifest.
6132 silly tarball no local data for @unrs/resolver-binding-darwin-x64@https://registry.npmjs.org/@unrs/resolver-binding-darwin-x64/-/resolver-binding-darwin-x64-1.11.1.tgz. Extracting by manifest.
6133 silly tarball no local data for trough@https://registry.npmjs.org/trough/-/trough-2.2.0.tgz. Extracting by manifest.
6134 silly tarball no local data for is-plain-obj@https://registry.npmjs.org/is-plain-obj/-/is-plain-obj-4.1.0.tgz. Extracting by manifest.
6135 silly tarball no local data for which-boxed-primitive@https://registry.npmjs.org/which-boxed-primitive/-/which-boxed-primitive-1.1.1.tgz. Extracting by manifest.
6136 silly tarball no local data for extend@https://registry.npmjs.org/extend/-/extend-3.0.2.tgz. Extracting by manifest.
6137 silly tarball no local data for bail@https://registry.npmjs.org/bail/-/bail-2.0.2.tgz. Extracting by manifest.
6138 silly tarball no local data for has-bigints@https://registry.npmjs.org/has-bigints/-/has-bigints-1.1.0.tgz. Extracting by manifest.
6139 silly tarball no local data for @typescript-eslint/tsconfig-utils@https://registry.npmjs.org/@typescript-eslint/tsconfig-utils/-/tsconfig-utils-8.59.3.tgz. Extracting by manifest.
6140 silly tarball no local data for @typescript-eslint/project-service@https://registry.npmjs.org/@typescript-eslint/project-service/-/project-service-8.59.3.tgz. Extracting by manifest.
6141 silly tarball no local data for @typescript-eslint/types@https://registry.npmjs.org/@typescript-eslint/types/-/types-8.59.3.tgz. Extracting by manifest.
6142 silly tarball no local data for ts-api-utils@https://registry.npmjs.org/ts-api-utils/-/ts-api-utils-2.5.0.tgz. Extracting by manifest.
6143 silly tarball no local data for @typescript-eslint/type-utils@https://registry.npmjs.org/@typescript-eslint/type-utils/-/type-utils-8.59.3.tgz. Extracting by manifest.
6144 silly tarball no local data for @typescript-eslint/scope-manager@https://registry.npmjs.org/@typescript-eslint/scope-manager/-/scope-manager-8.59.3.tgz. Extracting by manifest.
6145 silly tarball no local data for @typescript-eslint/utils@https://registry.npmjs.org/@typescript-eslint/utils/-/utils-8.59.3.tgz. Extracting by manifest.
6146 silly tarball no local data for @typescript-eslint/eslint-plugin@https://registry.npmjs.org/@typescript-eslint/eslint-plugin/-/eslint-plugin-8.59.3.tgz. Extracting by manifest.
6147 silly tarball no local data for @typescript-eslint/visitor-keys@https://registry.npmjs.org/@typescript-eslint/visitor-keys/-/visitor-keys-8.59.3.tgz. Extracting by manifest.
6148 silly tarball no local data for @typescript-eslint/parser@https://registry.npmjs.org/@typescript-eslint/parser/-/parser-8.59.3.tgz. Extracting by manifest.
6149 silly tarball no local data for reflect.getprototypeof@https://registry.npmjs.org/reflect.getprototypeof/-/reflect.getprototypeof-1.0.10.tgz. Extracting by manifest.
6150 silly tarball no local data for which-builtin-type@https://registry.npmjs.org/which-builtin-type/-/which-builtin-type-1.2.1.tgz. Extracting by manifest.
6151 silly tarball no local data for for-each@https://registry.npmjs.org/for-each/-/for-each-0.3.5.tgz. Extracting by manifest.
6152 silly tarball no local data for @typescript-eslint/typescript-estree@https://registry.npmjs.org/@typescript-eslint/typescript-estree/-/typescript-estree-8.59.3.tgz. Extracting by manifest.
6153 silly tarball no local data for tagged-tag@https://registry.npmjs.org/tagged-tag/-/tagged-tag-1.0.0.tgz. Extracting by manifest.
6154 silly tarball no local data for fsevents@https://registry.npmjs.org/fsevents/-/fsevents-2.3.3.tgz. Extracting by manifest.
6155 silly tarball no local data for @esbuild/darwin-x64@https://registry.npmjs.org/@esbuild/darwin-x64/-/darwin-x64-0.28.0.tgz. Extracting by manifest.
6156 silly tarball no local data for @types/json5@https://registry.npmjs.org/@types/json5/-/json5-0.0.29.tgz. Extracting by manifest.
6157 silly tarball no local data for esbuild@https://registry.npmjs.org/esbuild/-/esbuild-0.28.0.tgz. Extracting by manifest.
6158 silly tarball no local data for util-deprecate@https://registry.npmjs.org/util-deprecate/-/util-deprecate-1.0.2.tgz. Extracting by manifest.
6159 silly tarball no local data for strip-bom@https://registry.npmjs.org/strip-bom/-/strip-bom-3.0.0.tgz. Extracting by manifest.
6160 silly tarball no local data for is-number@https://registry.npmjs.org/is-number/-/is-number-7.0.0.tgz. Extracting by manifest.
6161 silly tarball no local data for string_decoder@https://registry.npmjs.org/string_decoder/-/string_decoder-1.3.0.tgz. Extracting by manifest.
6162 silly tarball no local data for base64-js@https://registry.npmjs.org/base64-js/-/base64-js-1.5.1.tgz. Extracting by manifest.
6163 silly tarball no local data for readable-stream@https://registry.npmjs.org/readable-stream/-/readable-stream-3.6.2.tgz. Extracting by manifest.
6164 silly tarball no local data for ieee754@https://registry.npmjs.org/ieee754/-/ieee754-1.2.1.tgz. Extracting by manifest.
6165 silly tarball no local data for inherits@https://registry.npmjs.org/inherits/-/inherits-2.0.4.tgz. Extracting by manifest.
6166 silly tarball no local data for fs-constants@https://registry.npmjs.org/fs-constants/-/fs-constants-1.0.0.tgz. Extracting by manifest.
6167 silly tarball no local data for buffer@https://registry.npmjs.org/buffer/-/buffer-5.7.1.tgz. Extracting by manifest.
6168 silly tarball no local data for tar-stream@https://registry.npmjs.org/tar-stream/-/tar-stream-2.2.0.tgz. Extracting by manifest.
6169 silly tarball no local data for bl@https://registry.npmjs.org/bl/-/bl-4.1.0.tgz. Extracting by manifest.
6170 silly tarball no local data for has-flag@https://registry.npmjs.org/has-flag/-/has-flag-4.0.0.tgz. Extracting by manifest.
6171 silly tarball no local data for character-entities-legacy@https://registry.npmjs.org/character-entities-legacy/-/character-entities-legacy-3.0.0.tgz. Extracting by manifest.
6172 silly tarball no local data for chownr@https://registry.npmjs.org/chownr/-/chownr-1.1.4.tgz. Extracting by manifest.
6173 silly tarball no local data for client-only@https://registry.npmjs.org/client-only/-/client-only-0.0.1.tgz. Extracting by manifest.
6174 silly tarball no local data for character-entities-html4@https://registry.npmjs.org/character-entities-html4/-/character-entities-html4-2.1.0.tgz. Extracting by manifest.
6175 silly tarball no local data for @tybys/wasm-util@https://registry.npmjs.org/@tybys/wasm-util/-/wasm-util-0.10.2.tgz. Extracting by manifest.
6176 silly tarball no local data for @emnapi/wasi-threads@https://registry.npmjs.org/@emnapi/wasi-threads/-/wasi-threads-1.2.1.tgz. Extracting by manifest.
6177 silly tarball no local data for @napi-rs/wasm-runtime@https://registry.npmjs.org/@napi-rs/wasm-runtime/-/wasm-runtime-1.1.4.tgz. Extracting by manifest.
6178 silly tarball no local data for @emnapi/core@https://registry.npmjs.org/@emnapi/core/-/core-1.10.0.tgz. Extracting by manifest.
6179 silly tarball no local data for simple-concat@https://registry.npmjs.org/simple-concat/-/simple-concat-1.0.1.tgz. Extracting by manifest.
6180 silly tarball no local data for @napi-rs/snappy-darwin-x64@https://registry.npmjs.org/@napi-rs/snappy-darwin-x64/-/snappy-darwin-x64-7.3.3.tgz. Extracting by manifest.
6181 silly tarball no local data for mimic-response@https://registry.npmjs.org/mimic-response/-/mimic-response-3.1.0.tgz. Extracting by manifest.
6182 silly tarball no local data for side-channel-weakmap@https://registry.npmjs.org/side-channel-weakmap/-/side-channel-weakmap-1.0.2.tgz. Extracting by manifest.
6183 silly tarball no local data for side-channel-map@https://registry.npmjs.org/side-channel-map/-/side-channel-map-1.0.1.tgz. Extracting by manifest.
6184 silly tarball no local data for decompress-response@https://registry.npmjs.org/decompress-response/-/decompress-response-6.0.0.tgz. Extracting by manifest.
6185 silly tarball no local data for side-channel-list@https://registry.npmjs.org/side-channel-list/-/side-channel-list-1.0.1.tgz. Extracting by manifest.
6186 silly tarball no local data for @emnapi/runtime@https://registry.npmjs.org/@emnapi/runtime/-/runtime-1.10.0.tgz. Extracting by manifest.
6187 silly tarball no local data for shebang-regex@https://registry.npmjs.org/shebang-regex/-/shebang-regex-3.0.0.tgz. Extracting by manifest.
6188 silly tarball no local data for @img/sharp-darwin-x64@https://registry.npmjs.org/@img/sharp-darwin-x64/-/sharp-darwin-x64-0.34.5.tgz. Extracting by manifest.
6189 silly tarball no local data for @img/sharp-libvips-darwin-x64@https://registry.npmjs.org/@img/sharp-libvips-darwin-x64/-/sharp-libvips-darwin-x64-1.2.4.tgz. Extracting by manifest.
6190 silly tarball no local data for @img/colour@https://registry.npmjs.org/@img/colour/-/colour-1.1.0.tgz. Extracting by manifest.
6191 silly tarball no local data for isarray@https://registry.npmjs.org/isarray/-/isarray-2.0.5.tgz. Extracting by manifest.
6192 silly tarball no local data for node-exports-info@https://registry.npmjs.org/node-exports-info/-/node-exports-info-1.6.0.tgz. Extracting by manifest.
6193 silly tarball no local data for path-parse@https://registry.npmjs.org/path-parse/-/path-parse-1.0.7.tgz. Extracting by manifest.
6194 silly tarball no local data for queue-microtask@https://registry.npmjs.org/queue-microtask/-/queue-microtask-1.2.3.tgz. Extracting by manifest.
6195 silly tarball no local data for supports-preserve-symlinks-flag@https://registry.npmjs.org/supports-preserve-symlinks-flag/-/supports-preserve-symlinks-flag-1.0.0.tgz. Extracting by manifest.
6196 silly tarball no local data for micromark-extension-gfm-task-list-item@https://registry.npmjs.org/micromark-extension-gfm-task-list-item/-/micromark-extension-gfm-task-list-item-2.1.0.tgz. Extracting by manifest.
6197 silly tarball no local data for micromark-extension-gfm-tagfilter@https://registry.npmjs.org/micromark-extension-gfm-tagfilter/-/micromark-extension-gfm-tagfilter-2.0.0.tgz. Extracting by manifest.
6198 silly tarball no local data for micromark-extension-gfm-table@https://registry.npmjs.org/micromark-extension-gfm-table/-/micromark-extension-gfm-table-2.1.1.tgz. Extracting by manifest.
6199 silly tarball no local data for micromark-extension-gfm-footnote@https://registry.npmjs.org/micromark-extension-gfm-footnote/-/micromark-extension-gfm-footnote-2.1.0.tgz. Extracting by manifest.
6200 silly tarball no local data for micromark-extension-gfm-strikethrough@https://registry.npmjs.org/micromark-extension-gfm-strikethrough/-/micromark-extension-gfm-strikethrough-2.1.0.tgz. Extracting by manifest.
6201 silly tarball no local data for micromark-util-html-tag-name@https://registry.npmjs.org/micromark-util-html-tag-name/-/micromark-util-html-tag-name-2.0.1.tgz. Extracting by manifest.
6202 silly tarball no local data for micromark-extension-gfm-autolink-literal@https://registry.npmjs.org/micromark-extension-gfm-autolink-literal/-/micromark-extension-gfm-autolink-literal-2.1.0.tgz. Extracting by manifest.
6203 silly tarball no local data for micromark-factory-whitespace@https://registry.npmjs.org/micromark-factory-whitespace/-/micromark-factory-whitespace-2.0.1.tgz. Extracting by manifest.
6204 silly tarball no local data for micromark-factory-label@https://registry.npmjs.org/micromark-factory-label/-/micromark-factory-label-2.0.1.tgz. Extracting by manifest.
6205 silly tarball no local data for micromark-factory-title@https://registry.npmjs.org/micromark-factory-title/-/micromark-factory-title-2.0.1.tgz. Extracting by manifest.
6206 silly tarball no local data for micromark-factory-destination@https://registry.npmjs.org/micromark-factory-destination/-/micromark-factory-destination-2.0.1.tgz. Extracting by manifest.
6207 silly tarball no local data for micromark-util-subtokenize@https://registry.npmjs.org/micromark-util-subtokenize/-/micromark-util-subtokenize-2.1.0.tgz. Extracting by manifest.
6208 silly tarball no local data for micromark-factory-space@https://registry.npmjs.org/micromark-factory-space/-/micromark-factory-space-2.0.1.tgz. Extracting by manifest.
6209 silly tarball no local data for micromark-util-combine-extensions@https://registry.npmjs.org/micromark-util-combine-extensions/-/micromark-util-combine-extensions-2.0.1.tgz. Extracting by manifest.
6210 silly tarball no local data for micromark-util-resolve-all@https://registry.npmjs.org/micromark-util-resolve-all/-/micromark-util-resolve-all-2.0.1.tgz. Extracting by manifest.
6211 silly tarball no local data for micromark-util-chunked@https://registry.npmjs.org/micromark-util-chunked/-/micromark-util-chunked-2.0.1.tgz. Extracting by manifest.
6212 silly tarball no local data for micromark-core-commonmark@https://registry.npmjs.org/micromark-core-commonmark/-/micromark-core-commonmark-2.0.3.tgz. Extracting by manifest.
6213 silly tarball no local data for longest-streak@https://registry.npmjs.org/longest-streak/-/longest-streak-3.1.0.tgz. Extracting by manifest.
6214 silly tarball no local data for @types/debug@https://registry.npmjs.org/@types/debug/-/debug-4.1.13.tgz. Extracting by manifest.
6215 silly tarball no local data for micromark-util-classify-character@https://registry.npmjs.org/micromark-util-classify-character/-/micromark-util-classify-character-2.0.1.tgz. Extracting by manifest.
6216 silly tarball no local data for markdown-table@https://registry.npmjs.org/markdown-table/-/markdown-table-3.0.4.tgz. Extracting by manifest.
6217 silly tarball no local data for mdast-util-find-and-replace@https://registry.npmjs.org/mdast-util-find-and-replace/-/mdast-util-find-and-replace-3.0.2.tgz. Extracting by manifest.
6218 silly tarball no local data for character-entities@https://registry.npmjs.org/character-entities/-/character-entities-2.0.2.tgz. Extracting by manifest.
6219 silly tarball no local data for micromark-util-normalize-identifier@https://registry.npmjs.org/micromark-util-normalize-identifier/-/micromark-util-normalize-identifier-2.0.1.tgz. Extracting by manifest.
6220 silly tarball no local data for unist-util-stringify-position@https://registry.npmjs.org/unist-util-stringify-position/-/unist-util-stringify-position-4.0.0.tgz. Extracting by manifest.
6221 silly tarball no local data for micromark-util-decode-numeric-character-reference@https://registry.npmjs.org/micromark-util-decode-numeric-character-reference/-/micromark-util-decode-numeric-character-reference-2.0.2.tgz. Extracting by manifest.
6222 silly tarball no local data for decode-named-character-reference@https://registry.npmjs.org/decode-named-character-reference/-/decode-named-character-reference-1.3.0.tgz. Extracting by manifest.
6223 silly tarball no local data for micromark-util-decode-string@https://registry.npmjs.org/micromark-util-decode-string/-/micromark-util-decode-string-2.0.1.tgz. Extracting by manifest.
6224 silly tarball no local data for micromark@https://registry.npmjs.org/micromark/-/micromark-4.0.2.tgz. Extracting by manifest.
6225 silly tarball no local data for mdast-util-to-markdown@https://registry.npmjs.org/mdast-util-to-markdown/-/mdast-util-to-markdown-2.1.2.tgz. Extracting by manifest.
6226 silly tarball no local data for mdast-util-gfm-task-list-item@https://registry.npmjs.org/mdast-util-gfm-task-list-item/-/mdast-util-gfm-task-list-item-2.0.0.tgz. Extracting by manifest.
6227 silly tarball no local data for mdast-util-gfm-table@https://registry.npmjs.org/mdast-util-gfm-table/-/mdast-util-gfm-table-2.0.0.tgz. Extracting by manifest.
6228 silly tarball no local data for mdast-util-gfm-strikethrough@https://registry.npmjs.org/mdast-util-gfm-strikethrough/-/mdast-util-gfm-strikethrough-2.0.0.tgz. Extracting by manifest.
6229 silly tarball no local data for mdast-util-gfm-footnote@https://registry.npmjs.org/mdast-util-gfm-footnote/-/mdast-util-gfm-footnote-2.1.0.tgz. Extracting by manifest.
6230 silly tarball no local data for micromark-extension-gfm@https://registry.npmjs.org/micromark-extension-gfm/-/micromark-extension-gfm-3.0.0.tgz. Extracting by manifest.
6231 silly tarball no local data for mdast-util-from-markdown@https://registry.npmjs.org/mdast-util-from-markdown/-/mdast-util-from-markdown-2.0.3.tgz. Extracting by manifest.
6232 silly tarball no local data for mdast-util-gfm@https://registry.npmjs.org/mdast-util-gfm/-/mdast-util-gfm-3.1.0.tgz. Extracting by manifest.
6233 silly tarball no local data for mdast-util-gfm-autolink-literal@https://registry.npmjs.org/mdast-util-gfm-autolink-literal/-/mdast-util-gfm-autolink-literal-2.0.1.tgz. Extracting by manifest.
6234 silly tarball no local data for micromark-util-types@https://registry.npmjs.org/micromark-util-types/-/micromark-util-types-2.0.2.tgz. Extracting by manifest.
6235 silly tarball no local data for micromark-util-symbol@https://registry.npmjs.org/micromark-util-symbol/-/micromark-util-symbol-2.0.1.tgz. Extracting by manifest.
6236 silly tarball no local data for micromark-util-character@https://registry.npmjs.org/micromark-util-character/-/micromark-util-character-2.1.1.tgz. Extracting by manifest.
6237 silly tarball no local data for micromark-util-encode@https://registry.npmjs.org/micromark-util-encode/-/micromark-util-encode-2.0.1.tgz. Extracting by manifest.
6238 silly tarball no local data for trim-lines@https://registry.npmjs.org/trim-lines/-/trim-lines-3.0.1.tgz. Extracting by manifest.
6239 silly tarball no local data for micromark-util-sanitize-uri@https://registry.npmjs.org/micromark-util-sanitize-uri/-/micromark-util-sanitize-uri-2.0.1.tgz. Extracting by manifest.
6240 silly tarball no local data for unist-util-find-after@https://registry.npmjs.org/unist-util-find-after/-/unist-util-find-after-5.0.0.tgz. Extracting by manifest.
6241 silly tarball no local data for zwitch@https://registry.npmjs.org/zwitch/-/zwitch-2.0.4.tgz. Extracting by manifest.
6242 silly tarball no local data for stringify-entities@https://registry.npmjs.org/stringify-entities/-/stringify-entities-4.0.4.tgz. Extracting by manifest.
6243 silly tarball no local data for unist-util-position@https://registry.npmjs.org/unist-util-position/-/unist-util-position-5.0.0.tgz. Extracting by manifest.
6244 silly tarball no local data for trim-trailing-lines@https://registry.npmjs.org/trim-trailing-lines/-/trim-trailing-lines-2.1.0.tgz. Extracting by manifest.
6245 silly tarball no local data for ccount@https://registry.npmjs.org/ccount/-/ccount-2.0.1.tgz. Extracting by manifest.
6246 silly tarball no local data for html-void-elements@https://registry.npmjs.org/html-void-elements/-/html-void-elements-3.0.0.tgz. Extracting by manifest.
6247 silly tarball no local data for rehype-minify-whitespace@https://registry.npmjs.org/rehype-minify-whitespace/-/rehype-minify-whitespace-6.0.2.tgz. Extracting by manifest.
6248 silly tarball no local data for mdast-util-to-string@https://registry.npmjs.org/mdast-util-to-string/-/mdast-util-to-string-4.0.0.tgz. Extracting by manifest.
6249 silly tarball no local data for mdast-util-to-hast@https://registry.npmjs.org/mdast-util-to-hast/-/mdast-util-to-hast-13.2.1.tgz. Extracting by manifest.
6250 silly tarball no local data for mdast-util-phrasing@https://registry.npmjs.org/mdast-util-phrasing/-/mdast-util-phrasing-4.1.0.tgz. Extracting by manifest.
6251 silly tarball no local data for hast-util-to-text@https://registry.npmjs.org/hast-util-to-text/-/hast-util-to-text-4.0.2.tgz. Extracting by manifest.
6252 silly tarball no local data for hast-util-to-html@https://registry.npmjs.org/hast-util-to-html/-/hast-util-to-html-9.0.5.tgz. Extracting by manifest.
6253 silly tarball no local data for @ungap/structured-clone@https://registry.npmjs.org/@ungap/structured-clone/-/structured-clone-1.3.1.tgz. Extracting by manifest.
6254 silly tarball no local data for hast-util-to-mdast@https://registry.npmjs.org/hast-util-to-mdast/-/hast-util-to-mdast-10.1.2.tgz. Extracting by manifest.
6255 silly tarball no local data for entities@https://registry.npmjs.org/entities/-/entities-6.0.1.tgz. Extracting by manifest.
6256 silly tarball no local data for vfile-location@https://registry.npmjs.org/vfile-location/-/vfile-location-5.0.3.tgz. Extracting by manifest.
6257 silly tarball no local data for @types/mdast@https://registry.npmjs.org/@types/mdast/-/mdast-4.0.4.tgz. Extracting by manifest.
6258 silly tarball no local data for dequal@https://registry.npmjs.org/dequal/-/dequal-2.0.3.tgz. Extracting by manifest.
6259 silly tarball no local data for vfile-message@https://registry.npmjs.org/vfile-message/-/vfile-message-4.0.3.tgz. Extracting by manifest.
6260 silly tarball no local data for hast-util-from-parse5@https://registry.npmjs.org/hast-util-from-parse5/-/hast-util-from-parse5-8.0.3.tgz. Extracting by manifest.
6261 silly tarball no local data for vfile@https://registry.npmjs.org/vfile/-/vfile-6.0.3.tgz. Extracting by manifest.
6262 silly tarball no local data for parse5@https://registry.npmjs.org/parse5/-/parse5-7.3.0.tgz. Extracting by manifest.
6263 silly tarball no local data for devlop@https://registry.npmjs.org/devlop/-/devlop-1.1.0.tgz. Extracting by manifest.
6264 silly tarball no local data for hast-util-from-html@https://registry.npmjs.org/hast-util-from-html/-/hast-util-from-html-2.0.3.tgz. Extracting by manifest.
6265 silly tarball no local data for hast-util-is-body-ok-link@https://registry.npmjs.org/hast-util-is-body-ok-link/-/hast-util-is-body-ok-link-3.0.1.tgz. Extracting by manifest.
6266 silly tarball no local data for hast-util-has-property@https://registry.npmjs.org/hast-util-has-property/-/hast-util-has-property-3.0.0.tgz. Extracting by manifest.
6267 silly tarball no local data for hast-util-is-element@https://registry.npmjs.org/hast-util-is-element/-/hast-util-is-element-3.0.0.tgz. Extracting by manifest.
6268 silly tarball no local data for unist-util-visit-parents@https://registry.npmjs.org/unist-util-visit-parents/-/unist-util-visit-parents-6.0.2.tgz. Extracting by manifest.
6269 silly tarball no local data for unist-util-is@https://registry.npmjs.org/unist-util-is/-/unist-util-is-6.0.1.tgz. Extracting by manifest.
6270 silly tarball no local data for html-whitespace-sensitive-tag-names@https://registry.npmjs.org/html-whitespace-sensitive-tag-names/-/html-whitespace-sensitive-tag-names-3.0.1.tgz. Extracting by manifest.
6271 silly tarball no local data for hast-util-whitespace@https://registry.npmjs.org/hast-util-whitespace/-/hast-util-whitespace-3.0.0.tgz. Extracting by manifest.
6272 silly tarball no local data for hast-util-phrasing@https://registry.npmjs.org/hast-util-phrasing/-/hast-util-phrasing-3.0.1.tgz. Extracting by manifest.
6273 silly tarball no local data for hast-util-minify-whitespace@https://registry.npmjs.org/hast-util-minify-whitespace/-/hast-util-minify-whitespace-1.0.1.tgz. Extracting by manifest.
6274 silly tarball no local data for redux-thunk@https://registry.npmjs.org/redux-thunk/-/redux-thunk-3.1.0.tgz. Extracting by manifest.
6275 silly tarball no local data for hast-util-embedded@https://registry.npmjs.org/hast-util-embedded/-/hast-util-embedded-3.0.0.tgz. Extracting by manifest.
6276 silly tarball no local data for redux@https://registry.npmjs.org/redux/-/redux-5.0.1.tgz. Extracting by manifest.
6277 silly tarball no local data for victory-vendor@https://registry.npmjs.org/victory-vendor/-/victory-vendor-37.3.6.tgz. Extracting by manifest.
6278 silly tarball no local data for hast-util-format@https://registry.npmjs.org/hast-util-format/-/hast-util-format-1.1.0.tgz. Extracting by manifest.
6279 silly tarball no local data for @standard-schema/utils@https://registry.npmjs.org/@standard-schema/utils/-/utils-0.3.0.tgz. Extracting by manifest.
6280 silly tarball no local data for tiny-invariant@https://registry.npmjs.org/tiny-invariant/-/tiny-invariant-1.3.3.tgz. Extracting by manifest.
6281 silly tarball no local data for reselect@https://registry.npmjs.org/reselect/-/reselect-5.1.1.tgz. Extracting by manifest.
6282 silly tarball no local data for react-redux@https://registry.npmjs.org/react-redux/-/react-redux-9.3.0.tgz. Extracting by manifest.
6283 silly tarball no local data for immer@https://registry.npmjs.org/immer/-/immer-10.2.0.tgz. Extracting by manifest.
6284 silly tarball no local data for eventemitter3@https://registry.npmjs.org/eventemitter3/-/eventemitter3-5.0.4.tgz. Extracting by manifest.
6285 silly tarball no local data for es-toolkit@https://registry.npmjs.org/es-toolkit/-/es-toolkit-1.46.1.tgz. Extracting by manifest.
6286 silly tarball no local data for decimal.js-light@https://registry.npmjs.org/decimal.js-light/-/decimal.js-light-2.5.1.tgz. Extracting by manifest.
6287 silly tarball no local data for use-sidecar@https://registry.npmjs.org/use-sidecar/-/use-sidecar-1.1.3.tgz. Extracting by manifest.
6288 silly tarball no local data for get-nonce@https://registry.npmjs.org/get-nonce/-/get-nonce-1.0.1.tgz. Extracting by manifest.
6289 silly tarball no local data for @reduxjs/toolkit@https://registry.npmjs.org/@reduxjs/toolkit/-/toolkit-2.12.0.tgz. Extracting by manifest.
6290 silly tarball no local data for use-callback-ref@https://registry.npmjs.org/use-callback-ref/-/use-callback-ref-1.3.3.tgz. Extracting by manifest.
6291 silly tarball no local data for react-style-singleton@https://registry.npmjs.org/react-style-singleton/-/react-style-singleton-2.2.3.tgz. Extracting by manifest.
6292 silly tarball no local data for scheduler@https://registry.npmjs.org/scheduler/-/scheduler-0.27.0.tgz. Extracting by manifest.
6293 silly tarball no local data for react-remove-scroll-bar@https://registry.npmjs.org/react-remove-scroll-bar/-/react-remove-scroll-bar-2.3.8.tgz. Extracting by manifest.
6294 silly tarball no local data for @date-fns/tz@https://registry.npmjs.org/@date-fns/tz/-/tz-1.4.1.tgz. Extracting by manifest.
6295 silly tarball no local data for destr@https://registry.npmjs.org/destr/-/destr-2.0.5.tgz. Extracting by manifest.
6296 silly tarball no local data for deep-extend@https://registry.npmjs.org/deep-extend/-/deep-extend-0.6.0.tgz. Extracting by manifest.
6297 silly tarball no local data for wrappy@https://registry.npmjs.org/wrappy/-/wrappy-1.0.2.tgz. Extracting by manifest.
6298 silly tarball no local data for ini@https://registry.npmjs.org/ini/-/ini-1.3.8.tgz. Extracting by manifest.
6299 silly tarball no local data for once@https://registry.npmjs.org/once/-/once-1.4.0.tgz. Extracting by manifest.
6300 silly tarball no local data for end-of-stream@https://registry.npmjs.org/end-of-stream/-/end-of-stream-1.4.5.tgz. Extracting by manifest.
6301 silly tarball no local data for orderedmap@https://registry.npmjs.org/orderedmap/-/orderedmap-2.1.1.tgz. Extracting by manifest.
6302 silly tarball no local data for w3c-keyname@https://registry.npmjs.org/w3c-keyname/-/w3c-keyname-2.2.8.tgz. Extracting by manifest.
6303 silly tarball no local data for retry@https://registry.npmjs.org/retry/-/retry-0.12.0.tgz. Extracting by manifest.
6304 silly tarball no local data for rope-sequence@https://registry.npmjs.org/rope-sequence/-/rope-sequence-1.3.4.tgz. Extracting by manifest.
6305 silly tarball no local data for object-assign@https://registry.npmjs.org/object-assign/-/object-assign-4.1.1.tgz. Extracting by manifest.
6306 silly tarball no local data for loose-envify@https://registry.npmjs.org/loose-envify/-/loose-envify-1.4.0.tgz. Extracting by manifest.
6307 silly tarball no local data for is-property@https://registry.npmjs.org/is-property/-/is-property-1.0.2.tgz. Extracting by manifest.
6308 silly tarball no local data for named-placeholders@https://registry.npmjs.org/named-placeholders/-/named-placeholders-1.1.6.tgz. Extracting by manifest.
6309 silly tarball no local data for seq-queue@https://registry.npmjs.org/seq-queue/-/seq-queue-0.0.5.tgz. Extracting by manifest.
6310 silly tarball no local data for sqlstring@https://registry.npmjs.org/sqlstring/-/sqlstring-2.3.3.tgz. Extracting by manifest.
6311 silly tarball no local data for lru.min@https://registry.npmjs.org/lru.min/-/lru.min-1.1.4.tgz. Extracting by manifest.
6312 silly tarball no local data for long@https://registry.npmjs.org/long/-/long-5.3.2.tgz. Extracting by manifest.
6313 silly tarball no local data for generate-function@https://registry.npmjs.org/generate-function/-/generate-function-2.3.1.tgz. Extracting by manifest.
6314 silly tarball no local data for aws-ssl-profiles@https://registry.npmjs.org/aws-ssl-profiles/-/aws-ssl-profiles-1.1.2.tgz. Extracting by manifest.
6315 silly tarball no local data for signal-exit@https://registry.npmjs.org/signal-exit/-/signal-exit-4.1.0.tgz. Extracting by manifest.
6316 silly tarball no local data for pure-rand@https://registry.npmjs.org/pure-rand/-/pure-rand-6.1.0.tgz. Extracting by manifest.
6317 silly tarball no local data for fast-check@https://registry.npmjs.org/fast-check/-/fast-check-3.23.2.tgz. Extracting by manifest.
6318 silly tarball no local data for @standard-schema/spec@https://registry.npmjs.org/@standard-schema/spec/-/spec-1.1.0.tgz. Extracting by manifest.
6319 silly tarball no local data for @kurkle/color@https://registry.npmjs.org/@kurkle/color/-/color-0.3.4.tgz. Extracting by manifest.
6320 silly tarball no local data for rc9@https://registry.npmjs.org/rc9/-/rc9-3.0.1.tgz. Extracting by manifest.
6321 silly tarball no local data for readdirp@https://registry.npmjs.org/readdirp/-/readdirp-5.0.0.tgz. Extracting by manifest.
6322 silly tarball no local data for pkg-types@https://registry.npmjs.org/pkg-types/-/pkg-types-2.3.1.tgz. Extracting by manifest.
6323 silly tarball no local data for perfect-debounce@https://registry.npmjs.org/perfect-debounce/-/perfect-debounce-2.1.0.tgz. Extracting by manifest.
6324 silly tarball no local data for ohash@https://registry.npmjs.org/ohash/-/ohash-2.0.11.tgz. Extracting by manifest.
6325 silly tarball no local data for defu@https://registry.npmjs.org/defu/-/defu-6.1.7.tgz. Extracting by manifest.
6326 silly tarball no local data for exsolve@https://registry.npmjs.org/exsolve/-/exsolve-1.0.8.tgz. Extracting by manifest.
6327 silly tarball no local data for chokidar@https://registry.npmjs.org/chokidar/-/chokidar-5.0.0.tgz. Extracting by manifest.
6328 silly tarball no local data for confbox@https://registry.npmjs.org/confbox/-/confbox-0.2.4.tgz. Extracting by manifest.
6329 silly tarball no local data for giget@https://registry.npmjs.org/giget/-/giget-3.2.0.tgz. Extracting by manifest.
6330 silly tarball no local data for chart.js@https://registry.npmjs.org/chart.js/-/chart.js-4.5.1.tgz. Extracting by manifest.
6331 silly tarball no local data for @radix-ui/react-toggle@https://registry.npmjs.org/@radix-ui/react-toggle/-/react-toggle-1.1.10.tgz. Extracting by manifest.
6332 silly tarball no local data for env-paths@https://registry.npmjs.org/env-paths/-/env-paths-3.0.0.tgz. Extracting by manifest.
6333 silly tarball no local data for @prisma/fetch-engine@https://registry.npmjs.org/@prisma/fetch-engine/-/fetch-engine-7.8.0.tgz. Extracting by manifest.
6334 silly tarball no local data for better-result@https://registry.npmjs.org/better-result/-/better-result-2.9.2.tgz. Extracting by manifest.
6335 silly tarball no local data for @prisma/engines-version@https://registry.npmjs.org/@prisma/engines-version/-/engines-version-7.8.0-6.3c6e192761c0362d496ed980de936e2f3cebcd3a.tgz. Extracting by manifest.
6336 silly tarball no local data for zeptomatch@https://registry.npmjs.org/zeptomatch/-/zeptomatch-2.1.0.tgz. Extracting by manifest.
6337 silly tarball no local data for valibot@https://registry.npmjs.org/valibot/-/valibot-1.2.0.tgz. Extracting by manifest.
6338 silly tarball no local data for remeda@https://registry.npmjs.org/remeda/-/remeda-2.33.4.tgz. Extracting by manifest.
6339 silly tarball no local data for proper-lockfile@https://registry.npmjs.org/proper-lockfile/-/proper-lockfile-4.1.2.tgz. Extracting by manifest.
6340 silly tarball no local data for std-env@https://registry.npmjs.org/std-env/-/std-env-3.10.0.tgz. Extracting by manifest.
6341 silly tarball no local data for pathe@https://registry.npmjs.org/pathe/-/pathe-2.0.3.tgz. Extracting by manifest.
6342 silly tarball no local data for http-status-codes@https://registry.npmjs.org/http-status-codes/-/http-status-codes-2.3.0.tgz. Extracting by manifest.
6343 silly tarball no local data for foreground-child@https://registry.npmjs.org/foreground-child/-/foreground-child-3.3.1.tgz. Extracting by manifest.
6344 silly tarball no local data for @prisma/streams-local@https://registry.npmjs.org/@prisma/streams-local/-/streams-local-0.1.2.tgz. Extracting by manifest.
6345 silly tarball no local data for get-port-please@https://registry.npmjs.org/get-port-please/-/get-port-please-3.2.0.tgz. Extracting by manifest.
6346 silly tarball no local data for @prisma/query-plan-executor@https://registry.npmjs.org/@prisma/query-plan-executor/-/query-plan-executor-7.2.0.tgz. Extracting by manifest.
6347 silly tarball no local data for @prisma/get-platform@https://registry.npmjs.org/@prisma/get-platform/-/get-platform-7.2.0.tgz. Extracting by manifest.
6348 silly tarball no local data for hono@https://registry.npmjs.org/hono/-/hono-4.12.19.tgz. Extracting by manifest.
6349 silly tarball no local data for @hono/node-server@https://registry.npmjs.org/@hono/node-server/-/node-server-1.19.11.tgz. Extracting by manifest.
6350 silly tarball no local data for @electric-sql/pglite-socket@https://registry.npmjs.org/@electric-sql/pglite-socket/-/pglite-socket-0.1.1.tgz. Extracting by manifest.
6351 silly tarball no local data for @electric-sql/pglite-tools@https://registry.npmjs.org/@electric-sql/pglite-tools/-/pglite-tools-0.3.1.tgz. Extracting by manifest.
6352 silly tarball no local data for @electric-sql/pglite@https://registry.npmjs.org/@electric-sql/pglite/-/pglite-0.4.1.tgz. Extracting by manifest.
6353 silly tarball no local data for empathic@https://registry.npmjs.org/empathic/-/empathic-2.0.0.tgz. Extracting by manifest.
6354 silly tarball no local data for effect@https://registry.npmjs.org/effect/-/effect-3.20.0.tgz. Extracting by manifest.
6355 silly tarball no local data for deepmerge-ts@https://registry.npmjs.org/deepmerge-ts/-/deepmerge-ts-7.1.5.tgz. Extracting by manifest.
6356 silly tarball no local data for c12@https://registry.npmjs.org/c12/-/c12-3.3.4.tgz. Extracting by manifest.
6357 silly tarball no local data for postgres@https://registry.npmjs.org/postgres/-/postgres-3.4.7.tgz. Extracting by manifest.
6358 silly tarball no local data for mysql2@https://registry.npmjs.org/mysql2/-/mysql2-3.15.3.tgz. Extracting by manifest.
6359 silly tarball no local data for @prisma/studio-core@https://registry.npmjs.org/@prisma/studio-core/-/studio-core-0.27.3.tgz. Extracting by manifest.
6360 silly tarball no local data for @prisma/engines@https://registry.npmjs.org/@prisma/engines/-/engines-7.8.0.tgz. Extracting by manifest.
6361 silly tarball no local data for @prisma/config@https://registry.npmjs.org/@prisma/config/-/config-7.8.0.tgz. Extracting by manifest.
6362 silly tarball no local data for tunnel-agent@https://registry.npmjs.org/tunnel-agent/-/tunnel-agent-0.6.0.tgz. Extracting by manifest.
6363 silly tarball no local data for @prisma/dev@https://registry.npmjs.org/@prisma/dev/-/dev-0.24.3.tgz. Extracting by manifest.
6364 silly tarball no local data for tar-fs@https://registry.npmjs.org/tar-fs/-/tar-fs-2.1.4.tgz. Extracting by manifest.
6365 silly tarball no local data for simple-get@https://registry.npmjs.org/simple-get/-/simple-get-4.0.1.tgz. Extracting by manifest.
6366 silly tarball no local data for rc@https://registry.npmjs.org/rc/-/rc-1.2.8.tgz. Extracting by manifest.
6367 silly tarball no local data for node-abi@https://registry.npmjs.org/node-abi/-/node-abi-3.92.0.tgz. Extracting by manifest.
6368 silly tarball no local data for napi-build-utils@https://registry.npmjs.org/napi-build-utils/-/napi-build-utils-2.0.0.tgz. Extracting by manifest.
6369 silly tarball no local data for mkdirp-classic@https://registry.npmjs.org/mkdirp-classic/-/mkdirp-classic-0.5.3.tgz. Extracting by manifest.
6370 silly tarball no local data for pump@https://registry.npmjs.org/pump/-/pump-3.0.4.tgz. Extracting by manifest.
6371 silly tarball no local data for expand-template@https://registry.npmjs.org/expand-template/-/expand-template-2.0.3.tgz. Extracting by manifest.
6372 silly tarball no local data for github-from-package@https://registry.npmjs.org/github-from-package/-/github-from-package-0.0.0.tgz. Extracting by manifest.
6373 silly tarball no local data for nanoid@https://registry.npmjs.org/nanoid/-/nanoid-3.3.12.tgz. Extracting by manifest.
6374 silly tarball no local data for minimist@https://registry.npmjs.org/minimist/-/minimist-1.2.8.tgz. Extracting by manifest.
6375 silly tarball no local data for word-wrap@https://registry.npmjs.org/word-wrap/-/word-wrap-1.2.5.tgz. Extracting by manifest.
6376 silly tarball no local data for p-limit@https://registry.npmjs.org/p-limit/-/p-limit-3.1.0.tgz. Extracting by manifest.
6377 silly tarball no local data for callsites@https://registry.npmjs.org/callsites/-/callsites-3.1.0.tgz. Extracting by manifest.
6378 silly tarball no local data for fast-levenshtein@https://registry.npmjs.org/fast-levenshtein/-/fast-levenshtein-2.0.6.tgz. Extracting by manifest.
6379 silly tarball no local data for yocto-queue@https://registry.npmjs.org/yocto-queue/-/yocto-queue-0.1.0.tgz. Extracting by manifest.
6380 silly tarball no local data for sharp@https://registry.npmjs.org/sharp/-/sharp-0.34.5.tgz. Extracting by manifest.
6381 silly tarball no local data for deep-is@https://registry.npmjs.org/deep-is/-/deep-is-0.1.4.tgz. Extracting by manifest.
6382 silly tarball no local data for styled-jsx@https://registry.npmjs.org/styled-jsx/-/styled-jsx-5.1.6.tgz. Extracting by manifest.
6383 silly tarball no local data for @next/swc-darwin-x64@https://registry.npmjs.org/@next/swc-darwin-x64/-/swc-darwin-x64-16.2.4.tgz. Extracting by manifest.
6384 silly tarball no local data for @swc/helpers@https://registry.npmjs.org/@swc/helpers/-/helpers-0.5.15.tgz. Extracting by manifest.
6385 silly tarball no local data for concat-map@https://registry.npmjs.org/concat-map/-/concat-map-0.0.1.tgz. Extracting by manifest.
6386 silly tarball no local data for balanced-match@https://registry.npmjs.org/balanced-match/-/balanced-match-1.0.2.tgz. Extracting by manifest.
6387 silly tarball no local data for @next/env@https://registry.npmjs.org/@next/env/-/env-16.2.4.tgz. Extracting by manifest.
6388 silly tarball no local data for brace-expansion@https://registry.npmjs.org/brace-expansion/-/brace-expansion-1.1.14.tgz. Extracting by manifest.
6389 silly tarball no local data for to-regex-range@https://registry.npmjs.org/to-regex-range/-/to-regex-range-5.0.1.tgz. Extracting by manifest.
6390 silly tarball no local data for fill-range@https://registry.npmjs.org/fill-range/-/fill-range-7.1.1.tgz. Extracting by manifest.
6391 silly tarball no local data for picomatch@https://registry.npmjs.org/picomatch/-/picomatch-2.3.2.tgz. Extracting by manifest.
6392 silly tarball no local data for safer-buffer@https://registry.npmjs.org/safer-buffer/-/safer-buffer-2.1.2.tgz. Extracting by manifest.
6393 silly tarball no local data for braces@https://registry.npmjs.org/braces/-/braces-3.0.3.tgz. Extracting by manifest.
6394 silly tarball no local data for iconv-lite@https://registry.npmjs.org/iconv-lite/-/iconv-lite-0.6.3.tgz. Extracting by manifest.
6395 silly tarball no local data for denque@https://registry.npmjs.org/denque/-/denque-2.1.0.tgz. Extracting by manifest.
6396 silly tarball no local data for @napi-rs/triples@https://registry.npmjs.org/@napi-rs/triples/-/triples-1.2.0.tgz. Extracting by manifest.
6397 silly tarball no local data for @antoniomuso/lz4-napi-darwin-x64@https://registry.npmjs.org/@antoniomuso/lz4-napi-darwin-x64/-/lz4-napi-darwin-x64-2.9.0.tgz. Extracting by manifest.
6398 silly tarball no local data for @types/geojson@https://registry.npmjs.org/@types/geojson/-/geojson-7946.0.16.tgz. Extracting by manifest.
6399 silly tarball no local data for p-locate@https://registry.npmjs.org/p-locate/-/p-locate-5.0.0.tgz. Extracting by manifest.
6400 silly tarball no local data for lightningcss-darwin-x64@https://registry.npmjs.org/lightningcss-darwin-x64/-/lightningcss-darwin-x64-1.32.0.tgz. Extracting by manifest.
6401 silly tarball no local data for detect-libc@https://registry.npmjs.org/detect-libc/-/detect-libc-2.1.2.tgz. Extracting by manifest.
6402 silly tarball no local data for yallist@https://registry.npmjs.org/yallist/-/yallist-3.1.1.tgz. Extracting by manifest.
6403 silly tarball no local data for @node-rs/helper@https://registry.npmjs.org/@node-rs/helper/-/helper-1.6.0.tgz. Extracting by manifest.
6404 silly tarball no local data for isomorphic.js@https://registry.npmjs.org/isomorphic.js/-/isomorphic.js-0.2.5.tgz. Extracting by manifest.
6405 silly tarball no local data for type-check@https://registry.npmjs.org/type-check/-/type-check-0.4.0.tgz. Extracting by manifest.
6406 silly tarball no local data for prelude-ls@https://registry.npmjs.org/prelude-ls/-/prelude-ls-1.2.1.tgz. Extracting by manifest.
6407 silly tarball no local data for json-buffer@https://registry.npmjs.org/json-buffer/-/json-buffer-3.0.1.tgz. Extracting by manifest.
6408 silly tarball no local data for language-subtag-registry@https://registry.npmjs.org/language-subtag-registry/-/language-subtag-registry-0.3.23.tgz. Extracting by manifest.
6409 silly tarball no local data for ecdsa-sig-formatter@https://registry.npmjs.org/ecdsa-sig-formatter/-/ecdsa-sig-formatter-1.0.11.tgz. Extracting by manifest.
6410 silly tarball no local data for buffer-equal-constant-time@https://registry.npmjs.org/buffer-equal-constant-time/-/buffer-equal-constant-time-1.0.1.tgz. Extracting by manifest.
6411 silly tarball no local data for safe-buffer@https://registry.npmjs.org/safe-buffer/-/safe-buffer-5.2.1.tgz. Extracting by manifest.
6412 silly tarball no local data for jwa@https://registry.npmjs.org/jwa/-/jwa-2.0.1.tgz. Extracting by manifest.
6413 silly tarball no local data for lodash.isstring@https://registry.npmjs.org/lodash.isstring/-/lodash.isstring-4.0.1.tgz. Extracting by manifest.
6414 silly tarball no local data for lodash.once@https://registry.npmjs.org/lodash.once/-/lodash.once-4.1.1.tgz. Extracting by manifest.
6415 silly tarball no local data for lodash.isnumber@https://registry.npmjs.org/lodash.isnumber/-/lodash.isnumber-3.0.3.tgz. Extracting by manifest.
6416 silly tarball no local data for lodash.isboolean@https://registry.npmjs.org/lodash.isboolean/-/lodash.isboolean-3.0.3.tgz. Extracting by manifest.
6417 silly tarball no local data for lodash.isinteger@https://registry.npmjs.org/lodash.isinteger/-/lodash.isinteger-4.0.4.tgz. Extracting by manifest.
6418 silly tarball no local data for lodash.includes@https://registry.npmjs.org/lodash.includes/-/lodash.includes-4.3.0.tgz. Extracting by manifest.
6419 silly tarball no local data for jws@https://registry.npmjs.org/jws/-/jws-4.0.1.tgz. Extracting by manifest.
6420 silly tarball no local data for lodash.isplainobject@https://registry.npmjs.org/lodash.isplainobject/-/lodash.isplainobject-4.0.6.tgz. Extracting by manifest.
6421 silly tarball no local data for bignumber.js@https://registry.npmjs.org/bignumber.js/-/bignumber.js-9.3.1.tgz. Extracting by manifest.
6422 silly tarball no local data for set-function-name@https://registry.npmjs.org/set-function-name/-/set-function-name-2.0.2.tgz. Extracting by manifest.
6423 silly tarball no local data for argparse@https://registry.npmjs.org/argparse/-/argparse-2.0.1.tgz. Extracting by manifest.
6424 silly tarball no local data for is-extglob@https://registry.npmjs.org/is-extglob/-/is-extglob-2.1.1.tgz. Extracting by manifest.
6425 silly tarball no local data for resolve-from@https://registry.npmjs.org/resolve-from/-/resolve-from-4.0.0.tgz. Extracting by manifest.
6426 silly tarball no local data for parent-module@https://registry.npmjs.org/parent-module/-/parent-module-1.0.1.tgz. Extracting by manifest.
6427 silly tarball no local data for space-separated-tokens@https://registry.npmjs.org/space-separated-tokens/-/space-separated-tokens-2.0.2.tgz. Extracting by manifest.
6428 silly tarball no local data for side-channel@https://registry.npmjs.org/side-channel/-/side-channel-1.1.0.tgz. Extracting by manifest.
6429 silly tarball no local data for hermes-estree@https://registry.npmjs.org/hermes-estree/-/hermes-estree-0.25.1.tgz. Extracting by manifest.
6430 silly tarball no local data for property-information@https://registry.npmjs.org/property-information/-/property-information-7.1.0.tgz. Extracting by manifest.
6431 silly tarball no local data for hast-util-parse-selector@https://registry.npmjs.org/hast-util-parse-selector/-/hast-util-parse-selector-4.0.0.tgz. Extracting by manifest.
6432 silly tarball no local data for web-namespaces@https://registry.npmjs.org/web-namespaces/-/web-namespaces-2.0.1.tgz. Extracting by manifest.
6433 silly tarball no local data for resolve-pkg-maps@https://registry.npmjs.org/resolve-pkg-maps/-/resolve-pkg-maps-1.0.0.tgz. Extracting by manifest.
6434 silly tarball no local data for comma-separated-tokens@https://registry.npmjs.org/comma-separated-tokens/-/comma-separated-tokens-2.0.3.tgz. Extracting by manifest.
6435 silly tarball no local data for hastscript@https://registry.npmjs.org/hastscript/-/hastscript-9.0.1.tgz. Extracting by manifest.
6436 silly tarball no local data for dunder-proto@https://registry.npmjs.org/dunder-proto/-/dunder-proto-1.0.1.tgz. Extracting by manifest.
6437 silly tarball no local data for functions-have-names@https://registry.npmjs.org/functions-have-names/-/functions-have-names-1.2.3.tgz. Extracting by manifest.
6438 silly tarball no local data for flat-cache@https://registry.npmjs.org/flat-cache/-/flat-cache-4.0.1.tgz. Extracting by manifest.
6439 silly tarball no local data for path-exists@https://registry.npmjs.org/path-exists/-/path-exists-4.0.0.tgz. Extracting by manifest.
6440 silly tarball no local data for keyv@https://registry.npmjs.org/keyv/-/keyv-4.5.4.tgz. Extracting by manifest.
6441 silly tarball no local data for flatted@https://registry.npmjs.org/flatted/-/flatted-3.4.2.tgz. Extracting by manifest.
6442 silly tarball no local data for reusify@https://registry.npmjs.org/reusify/-/reusify-1.1.0.tgz. Extracting by manifest.
6443 silly tarball no local data for fastq@https://registry.npmjs.org/fastq/-/fastq-1.20.1.tgz. Extracting by manifest.
6444 silly tarball no local data for run-parallel@https://registry.npmjs.org/run-parallel/-/run-parallel-1.2.0.tgz. Extracting by manifest.
6445 silly tarball no local data for locate-path@https://registry.npmjs.org/locate-path/-/locate-path-6.0.0.tgz. Extracting by manifest.
6446 silly tarball no local data for @nodelib/fs.scandir@https://registry.npmjs.org/@nodelib/fs.scandir/-/fs.scandir-2.1.5.tgz. Extracting by manifest.
6447 silly tarball no local data for micromatch@https://registry.npmjs.org/micromatch/-/micromatch-4.0.8.tgz. Extracting by manifest.
6448 silly tarball no local data for @nodelib/fs.stat@https://registry.npmjs.org/@nodelib/fs.stat/-/fs.stat-2.0.5.tgz. Extracting by manifest.
6449 silly tarball no local data for merge2@https://registry.npmjs.org/merge2/-/merge2-1.4.1.tgz. Extracting by manifest.
6450 silly tarball no local data for @nodelib/fs.walk@https://registry.npmjs.org/@nodelib/fs.walk/-/fs.walk-1.2.8.tgz. Extracting by manifest.
6451 silly tarball no local data for acorn@https://registry.npmjs.org/acorn/-/acorn-8.16.0.tgz. Extracting by manifest.
6452 silly tarball no local data for update-browserslist-db@https://registry.npmjs.org/update-browserslist-db/-/update-browserslist-db-1.2.3.tgz. Extracting by manifest.
6453 silly tarball no local data for esrecurse@https://registry.npmjs.org/esrecurse/-/esrecurse-4.3.0.tgz. Extracting by manifest.
6454 silly tarball no local data for electron-to-chromium@https://registry.npmjs.org/electron-to-chromium/-/electron-to-chromium-1.5.357.tgz. Extracting by manifest.
6455 silly tarball no local data for node-releases@https://registry.npmjs.org/node-releases/-/node-releases-2.0.44.tgz. Extracting by manifest.
6456 silly tarball no local data for caniuse-lite@https://registry.npmjs.org/caniuse-lite/-/caniuse-lite-1.0.30001792.tgz. Extracting by manifest.
6457 silly tarball no local data for baseline-browser-mapping@https://registry.npmjs.org/baseline-browser-mapping/-/baseline-browser-mapping-2.10.29.tgz. Extracting by manifest.
6458 silly tarball no local data for @babel/helper-string-parser@https://registry.npmjs.org/@babel/helper-string-parser/-/helper-string-parser-7.27.1.tgz. Extracting by manifest.
6459 silly tarball no local data for @babel/helper-globals@https://registry.npmjs.org/@babel/helper-globals/-/helper-globals-7.28.0.tgz. Extracting by manifest.
6460 silly tarball no local data for @babel/helper-module-imports@https://registry.npmjs.org/@babel/helper-module-imports/-/helper-module-imports-7.28.6.tgz. Extracting by manifest.
6461 silly tarball no local data for lru-cache@https://registry.npmjs.org/lru-cache/-/lru-cache-5.1.1.tgz. Extracting by manifest.
6462 silly tarball no local data for @babel/helper-validator-option@https://registry.npmjs.org/@babel/helper-validator-option/-/helper-validator-option-7.27.1.tgz. Extracting by manifest.
6463 silly tarball no local data for browserslist@https://registry.npmjs.org/browserslist/-/browserslist-4.28.2.tgz. Extracting by manifest.
6464 silly tarball no local data for @babel/compat-data@https://registry.npmjs.org/@babel/compat-data/-/compat-data-7.29.3.tgz. Extracting by manifest.
6465 silly tarball no local data for picocolors@https://registry.npmjs.org/picocolors/-/picocolors-1.1.1.tgz. Extracting by manifest.
6466 silly tarball no local data for js-tokens@https://registry.npmjs.org/js-tokens/-/js-tokens-4.0.0.tgz. Extracting by manifest.
6467 silly tarball no local data for @babel/helper-validator-identifier@https://registry.npmjs.org/@babel/helper-validator-identifier/-/helper-validator-identifier-7.28.5.tgz. Extracting by manifest.
6468 silly tarball no local data for jsesc@https://registry.npmjs.org/jsesc/-/jsesc-3.1.0.tgz. Extracting by manifest.
6469 silly tarball no local data for json5@https://registry.npmjs.org/json5/-/json5-2.2.3.tgz. Extracting by manifest.
6470 silly tarball no local data for gensync@https://registry.npmjs.org/gensync/-/gensync-1.0.0-beta.2.tgz. Extracting by manifest.
6471 silly tarball no local data for convert-source-map@https://registry.npmjs.org/convert-source-map/-/convert-source-map-2.0.0.tgz. Extracting by manifest.
6472 silly tarball no local data for @babel/types@https://registry.npmjs.org/@babel/types/-/types-7.29.0.tgz. Extracting by manifest.
6473 silly tarball no local data for @babel/traverse@https://registry.npmjs.org/@babel/traverse/-/traverse-7.29.0.tgz. Extracting by manifest.
6474 silly tarball no local data for @babel/helpers@https://registry.npmjs.org/@babel/helpers/-/helpers-7.29.2.tgz. Extracting by manifest.
6475 silly tarball no local data for @babel/helper-module-transforms@https://registry.npmjs.org/@babel/helper-module-transforms/-/helper-module-transforms-7.28.6.tgz. Extracting by manifest.
6476 silly tarball no local data for @babel/template@https://registry.npmjs.org/@babel/template/-/template-7.28.6.tgz. Extracting by manifest.
6477 silly tarball no local data for @babel/helper-compilation-targets@https://registry.npmjs.org/@babel/helper-compilation-targets/-/helper-compilation-targets-7.28.6.tgz. Extracting by manifest.
6478 silly tarball no local data for @babel/generator@https://registry.npmjs.org/@babel/generator/-/generator-7.29.1.tgz. Extracting by manifest.
6479 silly tarball no local data for @babel/code-frame@https://registry.npmjs.org/@babel/code-frame/-/code-frame-7.29.0.tgz. Extracting by manifest.
6480 silly tarball no local data for zod-validation-error@https://registry.npmjs.org/zod-validation-error/-/zod-validation-error-4.0.2.tgz. Extracting by manifest.
6481 silly tarball no local data for hermes-parser@https://registry.npmjs.org/hermes-parser/-/hermes-parser-0.25.1.tgz. Extracting by manifest.
6482 silly tarball no local data for @babel/core@https://registry.npmjs.org/@babel/core/-/core-7.29.0.tgz. Extracting by manifest.
6483 silly tarball no local data for @babel/parser@https://registry.npmjs.org/@babel/parser/-/parser-7.29.3.tgz. Extracting by manifest.
6484 silly tarball no local data for string.prototype.repeat@https://registry.npmjs.org/string.prototype.repeat/-/string.prototype.repeat-1.0.0.tgz. Extracting by manifest.
6485 silly tarball no local data for string.prototype.matchall@https://registry.npmjs.org/string.prototype.matchall/-/string.prototype.matchall-4.0.12.tgz. Extracting by manifest.
6486 silly tarball no local data for prop-types@https://registry.npmjs.org/prop-types/-/prop-types-15.8.1.tgz. Extracting by manifest.
6487 silly tarball no local data for object.entries@https://registry.npmjs.org/object.entries/-/object.entries-1.1.9.tgz. Extracting by manifest.
6488 silly tarball no local data for estraverse@https://registry.npmjs.org/estraverse/-/estraverse-5.3.0.tgz. Extracting by manifest.
6489 silly tarball no local data for iterator.prototype@https://registry.npmjs.org/iterator.prototype/-/iterator.prototype-1.1.5.tgz. Extracting by manifest.
6490 silly tarball no local data for es-iterator-helpers@https://registry.npmjs.org/es-iterator-helpers/-/es-iterator-helpers-1.3.2.tgz. Extracting by manifest.
6491 silly tarball no local data for array.prototype.tosorted@https://registry.npmjs.org/array.prototype.tosorted/-/array.prototype.tosorted-1.1.4.tgz. Extracting by manifest.
6492 silly tarball no local data for string.prototype.includes@https://registry.npmjs.org/string.prototype.includes/-/string.prototype.includes-2.0.1.tgz. Extracting by manifest.
6493 silly tarball no local data for array.prototype.findlast@https://registry.npmjs.org/array.prototype.findlast/-/array.prototype.findlast-1.2.5.tgz. Extracting by manifest.
6494 silly tarball no local data for jsx-ast-utils@https://registry.npmjs.org/jsx-ast-utils/-/jsx-ast-utils-3.3.5.tgz. Extracting by manifest.
6495 silly tarball no local data for language-tags@https://registry.npmjs.org/language-tags/-/language-tags-1.0.9.tgz. Extracting by manifest.
6496 silly tarball no local data for emoji-regex@https://registry.npmjs.org/emoji-regex/-/emoji-regex-9.2.2.tgz. Extracting by manifest.
6497 silly tarball no local data for damerau-levenshtein@https://registry.npmjs.org/damerau-levenshtein/-/damerau-levenshtein-1.0.8.tgz. Extracting by manifest.
6498 silly tarball no local data for axe-core@https://registry.npmjs.org/axe-core/-/axe-core-4.11.4.tgz. Extracting by manifest.
6499 silly tarball no local data for axobject-query@https://registry.npmjs.org/axobject-query/-/axobject-query-4.1.0.tgz. Extracting by manifest.
6500 silly tarball no local data for ast-types-flow@https://registry.npmjs.org/ast-types-flow/-/ast-types-flow-0.0.8.tgz. Extracting by manifest.
6501 silly tarball no local data for aria-query@https://registry.npmjs.org/aria-query/-/aria-query-5.3.2.tgz. Extracting by manifest.
6502 silly tarball no local data for is-date-object@https://registry.npmjs.org/is-date-object/-/is-date-object-1.1.0.tgz. Extracting by manifest.
6503 silly tarball no local data for is-symbol@https://registry.npmjs.org/is-symbol/-/is-symbol-1.1.1.tgz. Extracting by manifest.
6504 silly tarball no local data for has-tostringtag@https://registry.npmjs.org/has-tostringtag/-/has-tostringtag-1.0.2.tgz. Extracting by manifest.
6505 silly tarball no local data for possible-typed-array-names@https://registry.npmjs.org/possible-typed-array-names/-/possible-typed-array-names-1.1.0.tgz. Extracting by manifest.
6506 silly tarball no local data for unbox-primitive@https://registry.npmjs.org/unbox-primitive/-/unbox-primitive-1.1.0.tgz. Extracting by manifest.
6507 silly tarball no local data for typed-array-length@https://registry.npmjs.org/typed-array-length/-/typed-array-length-1.0.7.tgz. Extracting by manifest.
6508 silly tarball no local data for which-typed-array@https://registry.npmjs.org/which-typed-array/-/which-typed-array-1.1.20.tgz. Extracting by manifest.
6509 silly tarball no local data for typed-array-byte-offset@https://registry.npmjs.org/typed-array-byte-offset/-/typed-array-byte-offset-1.0.4.tgz. Extracting by manifest.
6510 silly tarball no local data for typed-array-byte-length@https://registry.npmjs.org/typed-array-byte-length/-/typed-array-byte-length-1.0.3.tgz. Extracting by manifest.
6511 silly tarball no local data for acorn-jsx@https://registry.npmjs.org/acorn-jsx/-/acorn-jsx-5.3.2.tgz. Extracting by manifest.
6512 silly tarball no local data for string.prototype.trimstart@https://registry.npmjs.org/string.prototype.trimstart/-/string.prototype.trimstart-1.0.8.tgz. Extracting by manifest.
6513 silly tarball no local data for typed-array-buffer@https://registry.npmjs.org/typed-array-buffer/-/typed-array-buffer-1.0.3.tgz. Extracting by manifest.
6514 silly tarball no local data for stop-iteration-iterator@https://registry.npmjs.org/stop-iteration-iterator/-/stop-iteration-iterator-1.1.0.tgz. Extracting by manifest.
6515 silly tarball no local data for safe-regex-test@https://registry.npmjs.org/safe-regex-test/-/safe-regex-test-1.1.0.tgz. Extracting by manifest.
6516 silly tarball no local data for safe-push-apply@https://registry.npmjs.org/safe-push-apply/-/safe-push-apply-1.0.0.tgz. Extracting by manifest.
6517 silly tarball no local data for set-proto@https://registry.npmjs.org/set-proto/-/set-proto-1.0.0.tgz. Extracting by manifest.
6518 silly tarball no local data for safe-array-concat@https://registry.npmjs.org/safe-array-concat/-/safe-array-concat-1.1.4.tgz. Extracting by manifest.
6519 silly tarball no local data for own-keys@https://registry.npmjs.org/own-keys/-/own-keys-1.0.1.tgz. Extracting by manifest.
6520 silly tarball no local data for object.assign@https://registry.npmjs.org/object.assign/-/object.assign-4.1.7.tgz. Extracting by manifest.
6521 silly tarball no local data for object-inspect@https://registry.npmjs.org/object-inspect/-/object-inspect-1.13.4.tgz. Extracting by manifest.
6522 silly tarball no local data for regexp.prototype.flags@https://registry.npmjs.org/regexp.prototype.flags/-/regexp.prototype.flags-1.5.4.tgz. Extracting by manifest.
6523 silly tarball no local data for is-weakref@https://registry.npmjs.org/is-weakref/-/is-weakref-1.1.1.tgz. Extracting by manifest.
6524 silly tarball no local data for is-typed-array@https://registry.npmjs.org/is-typed-array/-/is-typed-array-1.1.15.tgz. Extracting by manifest.
6525 silly tarball no local data for is-set@https://registry.npmjs.org/is-set/-/is-set-2.0.3.tgz. Extracting by manifest.
6526 silly tarball no local data for is-shared-array-buffer@https://registry.npmjs.org/is-shared-array-buffer/-/is-shared-array-buffer-1.0.4.tgz. Extracting by manifest.
6527 silly tarball no local data for is-negative-zero@https://registry.npmjs.org/is-negative-zero/-/is-negative-zero-2.0.3.tgz. Extracting by manifest.
6528 silly tarball no local data for string.prototype.trim@https://registry.npmjs.org/string.prototype.trim/-/string.prototype.trim-1.2.10.tgz. Extracting by manifest.
6529 silly tarball no local data for is-data-view@https://registry.npmjs.org/is-data-view/-/is-data-view-1.0.2.tgz. Extracting by manifest.
6530 silly tarball no local data for is-callable@https://registry.npmjs.org/is-callable/-/is-callable-1.2.7.tgz. Extracting by manifest.
6531 silly tarball no local data for is-regex@https://registry.npmjs.org/is-regex/-/is-regex-1.2.1.tgz. Extracting by manifest.
6532 silly tarball no local data for has-proto@https://registry.npmjs.org/has-proto/-/has-proto-1.2.0.tgz. Extracting by manifest.
6533 silly tarball no local data for internal-slot@https://registry.npmjs.org/internal-slot/-/internal-slot-1.1.0.tgz. Extracting by manifest.
6534 silly tarball no local data for has-symbols@https://registry.npmjs.org/has-symbols/-/has-symbols-1.1.0.tgz. Extracting by manifest.
6535 silly tarball no local data for is-array-buffer@https://registry.npmjs.org/is-array-buffer/-/is-array-buffer-3.0.5.tgz. Extracting by manifest.
6536 silly tarball no local data for globalthis@https://registry.npmjs.org/globalthis/-/globalthis-1.0.4.tgz. Extracting by manifest.
6537 silly tarball no local data for es-to-primitive@https://registry.npmjs.org/es-to-primitive/-/es-to-primitive-1.3.0.tgz. Extracting by manifest.
6538 silly tarball no local data for get-proto@https://registry.npmjs.org/get-proto/-/get-proto-1.0.1.tgz. Extracting by manifest.
6539 silly tarball no local data for function.prototype.name@https://registry.npmjs.org/function.prototype.name/-/function.prototype.name-1.1.8.tgz. Extracting by manifest.
6540 silly tarball no local data for data-view-byte-offset@https://registry.npmjs.org/data-view-byte-offset/-/data-view-byte-offset-1.0.1.tgz. Extracting by manifest.
6541 silly tarball no local data for data-view-byte-length@https://registry.npmjs.org/data-view-byte-length/-/data-view-byte-length-1.0.2.tgz. Extracting by manifest.
6542 silly tarball no local data for data-view-buffer@https://registry.npmjs.org/data-view-buffer/-/data-view-buffer-1.0.2.tgz. Extracting by manifest.
6543 silly tarball no local data for get-symbol-description@https://registry.npmjs.org/get-symbol-description/-/get-symbol-description-1.1.0.tgz. Extracting by manifest.
6544 silly tarball no local data for arraybuffer.prototype.slice@https://registry.npmjs.org/arraybuffer.prototype.slice/-/arraybuffer.prototype.slice-1.0.4.tgz. Extracting by manifest.
6545 silly tarball no local data for array-buffer-byte-length@https://registry.npmjs.org/array-buffer-byte-length/-/array-buffer-byte-length-1.0.2.tgz. Extracting by manifest.
6546 silly tarball no local data for gopd@https://registry.npmjs.org/gopd/-/gopd-1.2.0.tgz. Extracting by manifest.
6547 silly tarball no local data for object-keys@https://registry.npmjs.org/object-keys/-/object-keys-1.1.1.tgz. Extracting by manifest.
6548 silly tarball no local data for has-property-descriptors@https://registry.npmjs.org/has-property-descriptors/-/has-property-descriptors-1.0.2.tgz. Extracting by manifest.
6549 silly tarball no local data for define-data-property@https://registry.npmjs.org/define-data-property/-/define-data-property-1.1.4.tgz. Extracting by manifest.
6550 silly tarball no local data for function-bind@https://registry.npmjs.org/function-bind/-/function-bind-1.1.2.tgz. Extracting by manifest.
6551 silly tarball no local data for set-function-length@https://registry.npmjs.org/set-function-length/-/set-function-length-1.2.2.tgz. Extracting by manifest.
6552 silly tarball no local data for call-bind-apply-helpers@https://registry.npmjs.org/call-bind-apply-helpers/-/call-bind-apply-helpers-1.0.2.tgz. Extracting by manifest.
6553 silly tarball no local data for es-define-property@https://registry.npmjs.org/es-define-property/-/es-define-property-1.0.1.tgz. Extracting by manifest.
6554 silly tarball no local data for es-shim-unscopables@https://registry.npmjs.org/es-shim-unscopables/-/es-shim-unscopables-1.1.0.tgz. Extracting by manifest.
6555 silly tarball no local data for es-errors@https://registry.npmjs.org/es-errors/-/es-errors-1.3.0.tgz. Extracting by manifest.
6556 silly tarball no local data for math-intrinsics@https://registry.npmjs.org/math-intrinsics/-/math-intrinsics-1.1.0.tgz. Extracting by manifest.
6557 silly tarball no local data for is-string@https://registry.npmjs.org/is-string/-/is-string-1.1.1.tgz. Extracting by manifest.
6558 silly tarball no local data for get-intrinsic@https://registry.npmjs.org/get-intrinsic/-/get-intrinsic-1.3.0.tgz. Extracting by manifest.
6559 silly tarball no local data for es-object-atoms@https://registry.npmjs.org/es-object-atoms/-/es-object-atoms-1.1.1.tgz. Extracting by manifest.
6560 silly tarball no local data for es-set-tostringtag@https://registry.npmjs.org/es-set-tostringtag/-/es-set-tostringtag-2.1.0.tgz. Extracting by manifest.
6561 silly tarball no local data for es-abstract@https://registry.npmjs.org/es-abstract/-/es-abstract-1.24.2.tgz. Extracting by manifest.
6562 silly tarball no local data for available-typed-arrays@https://registry.npmjs.org/available-typed-arrays/-/available-typed-arrays-1.0.7.tgz. Extracting by manifest.
6563 silly tarball no local data for define-properties@https://registry.npmjs.org/define-properties/-/define-properties-1.2.1.tgz. Extracting by manifest.
6564 silly tarball no local data for call-bound@https://registry.npmjs.org/call-bound/-/call-bound-1.0.4.tgz. Extracting by manifest.
6565 silly tarball no local data for call-bind@https://registry.npmjs.org/call-bind/-/call-bind-1.0.9.tgz. Extracting by manifest.
6566 silly tarball no local data for tsconfig-paths@https://registry.npmjs.org/tsconfig-paths/-/tsconfig-paths-3.15.0.tgz. Extracting by manifest.
6567 silly tarball no local data for string.prototype.trimend@https://registry.npmjs.org/string.prototype.trimend/-/string.prototype.trimend-1.0.9.tgz. Extracting by manifest.
6568 silly tarball no local data for semver@https://registry.npmjs.org/semver/-/semver-6.3.1.tgz. Extracting by manifest.
6569 silly tarball no local data for object.values@https://registry.npmjs.org/object.values/-/object.values-1.2.1.tgz. Extracting by manifest.
6570 silly tarball no local data for object.groupby@https://registry.npmjs.org/object.groupby/-/object.groupby-1.0.3.tgz. Extracting by manifest.
6571 silly tarball no local data for object.fromentries@https://registry.npmjs.org/object.fromentries/-/object.fromentries-2.0.8.tgz. Extracting by manifest.
6572 silly tarball no local data for hasown@https://registry.npmjs.org/hasown/-/hasown-2.0.3.tgz. Extracting by manifest.
6573 silly tarball no local data for eslint-module-utils@https://registry.npmjs.org/eslint-module-utils/-/eslint-module-utils-2.12.1.tgz. Extracting by manifest.
6574 silly tarball no local data for doctrine@https://registry.npmjs.org/doctrine/-/doctrine-2.1.0.tgz. Extracting by manifest.
6575 silly tarball no local data for array.prototype.flat@https://registry.npmjs.org/array.prototype.flat/-/array.prototype.flat-1.3.3.tgz. Extracting by manifest.
6576 silly tarball no local data for array.prototype.flatmap@https://registry.npmjs.org/array.prototype.flatmap/-/array.prototype.flatmap-1.3.3.tgz. Extracting by manifest.
6577 silly tarball no local data for array-includes@https://registry.npmjs.org/array-includes/-/array-includes-3.1.9.tgz. Extracting by manifest.
6578 silly tarball no local data for array.prototype.findlastindex@https://registry.npmjs.org/array.prototype.findlastindex/-/array.prototype.findlastindex-1.2.6.tgz. Extracting by manifest.
6579 silly tarball no local data for unrs-resolver@https://registry.npmjs.org/unrs-resolver/-/unrs-resolver-1.11.1.tgz. Extracting by manifest.
6580 silly tarball no local data for @rtsao/scc@https://registry.npmjs.org/@rtsao/scc/-/scc-1.1.0.tgz. Extracting by manifest.
6581 silly tarball no local data for stable-hash@https://registry.npmjs.org/stable-hash/-/stable-hash-0.0.5.tgz. Extracting by manifest.
6582 silly tarball no local data for tinyglobby@https://registry.npmjs.org/tinyglobby/-/tinyglobby-0.2.16.tgz. Extracting by manifest.
6583 silly tarball no local data for is-bun-module@https://registry.npmjs.org/is-bun-module/-/is-bun-module-2.0.0.tgz. Extracting by manifest.
6584 silly tarball no local data for get-tsconfig@https://registry.npmjs.org/get-tsconfig/-/get-tsconfig-4.14.0.tgz. Extracting by manifest.
6585 silly tarball no local data for @nolyfill/is-core-module@https://registry.npmjs.org/@nolyfill/is-core-module/-/is-core-module-1.0.39.tgz. Extracting by manifest.
6586 silly tarball no local data for is-core-module@https://registry.npmjs.org/is-core-module/-/is-core-module-2.16.2.tgz. Extracting by manifest.
6587 silly tarball no local data for eslint-plugin-react-hooks@https://registry.npmjs.org/eslint-plugin-react-hooks/-/eslint-plugin-react-hooks-7.1.1.tgz. Extracting by manifest.
6588 silly tarball no local data for resolve@https://registry.npmjs.org/resolve/-/resolve-2.0.0-next.7.tgz. Extracting by manifest.
6589 silly tarball no local data for eslint-plugin-react@https://registry.npmjs.org/eslint-plugin-react/-/eslint-plugin-react-7.37.5.tgz. Extracting by manifest.
6590 silly tarball no local data for fast-glob@https://registry.npmjs.org/fast-glob/-/fast-glob-3.3.1.tgz. Extracting by manifest.
6591 silly tarball no local data for typescript-eslint@https://registry.npmjs.org/typescript-eslint/-/typescript-eslint-8.59.3.tgz. Extracting by manifest.
6592 silly tarball no local data for eslint-plugin-import@https://registry.npmjs.org/eslint-plugin-import/-/eslint-plugin-import-2.32.0.tgz. Extracting by manifest.
6593 silly tarball no local data for eslint-plugin-jsx-a11y@https://registry.npmjs.org/eslint-plugin-jsx-a11y/-/eslint-plugin-jsx-a11y-6.10.2.tgz. Extracting by manifest.
6594 silly tarball no local data for eslint-import-resolver-typescript@https://registry.npmjs.org/eslint-import-resolver-typescript/-/eslint-import-resolver-typescript-3.10.1.tgz. Extracting by manifest.
6595 silly tarball no local data for eslint-import-resolver-node@https://registry.npmjs.org/eslint-import-resolver-node/-/eslint-import-resolver-node-0.3.10.tgz. Extracting by manifest.
6596 silly tarball no local data for @next/eslint-plugin-next@https://registry.npmjs.org/@next/eslint-plugin-next/-/eslint-plugin-next-16.2.4.tgz. Extracting by manifest.
6597 silly tarball no local data for ms@https://registry.npmjs.org/ms/-/ms-2.1.3.tgz. Extracting by manifest.
6598 silly tarball no local data for shebang-command@https://registry.npmjs.org/shebang-command/-/shebang-command-2.0.0.tgz. Extracting by manifest.
6599 silly tarball no local data for path-key@https://registry.npmjs.org/path-key/-/path-key-3.1.1.tgz. Extracting by manifest.
6600 silly tarball no local data for color-name@https://registry.npmjs.org/color-name/-/color-name-1.1.4.tgz. Extracting by manifest.
6601 silly tarball no local data for which@https://registry.npmjs.org/which/-/which-2.0.2.tgz. Extracting by manifest.
6602 silly tarball no local data for color-convert@https://registry.npmjs.org/color-convert/-/color-convert-2.0.1.tgz. Extracting by manifest.
6603 silly tarball no local data for supports-color@https://registry.npmjs.org/supports-color/-/supports-color-7.2.0.tgz. Extracting by manifest.
6604 silly tarball no local data for ansi-styles@https://registry.npmjs.org/ansi-styles/-/ansi-styles-4.3.0.tgz. Extracting by manifest.
6605 silly tarball no local data for @humanfs/types@https://registry.npmjs.org/@humanfs/types/-/types-0.15.0.tgz. Extracting by manifest.
6606 silly tarball no local data for @humanfs/core@https://registry.npmjs.org/@humanfs/core/-/core-0.19.2.tgz. Extracting by manifest.
6607 silly tarball no local data for strip-json-comments@https://registry.npmjs.org/strip-json-comments/-/strip-json-comments-3.1.1.tgz. Extracting by manifest.
6608 silly tarball no local data for js-yaml@https://registry.npmjs.org/js-yaml/-/js-yaml-4.1.1.tgz. Extracting by manifest.
6609 silly tarball no local data for import-fresh@https://registry.npmjs.org/import-fresh/-/import-fresh-3.3.1.tgz. Extracting by manifest.
6610 silly tarball no local data for globals@https://registry.npmjs.org/globals/-/globals-14.0.0.tgz. Extracting by manifest.
6611 silly tarball no local data for @eslint/object-schema@https://registry.npmjs.org/@eslint/object-schema/-/object-schema-2.1.7.tgz. Extracting by manifest.
6612 silly tarball no local data for @types/json-schema@https://registry.npmjs.org/@types/json-schema/-/json-schema-7.0.15.tgz. Extracting by manifest.
6613 silly tarball no local data for levn@https://registry.npmjs.org/levn/-/levn-0.4.1.tgz. Extracting by manifest.
6614 silly tarball no local data for optionator@https://registry.npmjs.org/optionator/-/optionator-0.9.4.tgz. Extracting by manifest.
6615 silly tarball no local data for minimatch@https://registry.npmjs.org/minimatch/-/minimatch-3.1.5.tgz. Extracting by manifest.
6616 silly tarball no local data for is-glob@https://registry.npmjs.org/is-glob/-/is-glob-4.0.3.tgz. Extracting by manifest.
6617 silly tarball no local data for json-stable-stringify-without-jsonify@https://registry.npmjs.org/json-stable-stringify-without-jsonify/-/json-stable-stringify-without-jsonify-1.0.1.tgz. Extracting by manifest.
6618 silly tarball no local data for imurmurhash@https://registry.npmjs.org/imurmurhash/-/imurmurhash-0.1.4.tgz. Extracting by manifest.
6619 silly tarball no local data for ignore@https://registry.npmjs.org/ignore/-/ignore-5.3.2.tgz. Extracting by manifest.
6620 silly tarball no local data for esquery@https://registry.npmjs.org/esquery/-/esquery-1.7.0.tgz. Extracting by manifest.
6621 silly tarball no local data for glob-parent@https://registry.npmjs.org/glob-parent/-/glob-parent-6.0.2.tgz. Extracting by manifest.
6622 silly tarball no local data for file-entry-cache@https://registry.npmjs.org/file-entry-cache/-/file-entry-cache-8.0.0.tgz. Extracting by manifest.
6623 silly tarball no local data for find-up@https://registry.npmjs.org/find-up/-/find-up-5.0.0.tgz. Extracting by manifest.
6624 silly tarball no local data for esutils@https://registry.npmjs.org/esutils/-/esutils-2.0.3.tgz. Extracting by manifest.
6625 silly tarball no local data for espree@https://registry.npmjs.org/espree/-/espree-10.4.0.tgz. Extracting by manifest.
6626 silly tarball no local data for eslint-visitor-keys@https://registry.npmjs.org/eslint-visitor-keys/-/eslint-visitor-keys-4.2.1.tgz. Extracting by manifest.
6627 silly tarball no local data for eslint-scope@https://registry.npmjs.org/eslint-scope/-/eslint-scope-8.4.0.tgz. Extracting by manifest.
6628 silly tarball no local data for escape-string-regexp@https://registry.npmjs.org/escape-string-regexp/-/escape-string-regexp-4.0.0.tgz. Extracting by manifest.
6629 silly tarball no local data for debug@https://registry.npmjs.org/debug/-/debug-4.4.3.tgz. Extracting by manifest.
6630 silly tarball no local data for cross-spawn@https://registry.npmjs.org/cross-spawn/-/cross-spawn-7.0.6.tgz. Extracting by manifest.
6631 silly tarball no local data for @types/estree@https://registry.npmjs.org/@types/estree/-/estree-1.0.9.tgz. Extracting by manifest.
6632 silly tarball no local data for @humanwhocodes/retry@https://registry.npmjs.org/@humanwhocodes/retry/-/retry-0.4.3.tgz. Extracting by manifest.
6633 silly tarball no local data for chalk@https://registry.npmjs.org/chalk/-/chalk-4.1.2.tgz. Extracting by manifest.
6634 silly tarball no local data for @eslint/plugin-kit@https://registry.npmjs.org/@eslint/plugin-kit/-/plugin-kit-0.4.1.tgz. Extracting by manifest.
6635 silly tarball no local data for @humanfs/node@https://registry.npmjs.org/@humanfs/node/-/node-0.16.8.tgz. Extracting by manifest.
6636 silly tarball no local data for natural-compare@https://registry.npmjs.org/natural-compare/-/natural-compare-1.4.0.tgz. Extracting by manifest.
6637 silly tarball no local data for @humanwhocodes/module-importer@https://registry.npmjs.org/@humanwhocodes/module-importer/-/module-importer-1.0.1.tgz. Extracting by manifest.
6638 silly tarball no local data for @eslint/js@https://registry.npmjs.org/@eslint/js/-/js-9.39.4.tgz. Extracting by manifest.
6639 silly tarball no local data for @eslint/core@https://registry.npmjs.org/@eslint/core/-/core-0.17.0.tgz. Extracting by manifest.
6640 silly tarball no local data for @eslint/eslintrc@https://registry.npmjs.org/@eslint/eslintrc/-/eslintrc-3.3.5.tgz. Extracting by manifest.
6641 silly tarball no local data for @eslint/config-helpers@https://registry.npmjs.org/@eslint/config-helpers/-/config-helpers-0.4.2.tgz. Extracting by manifest.
6642 silly tarball no local data for @eslint/config-array@https://registry.npmjs.org/@eslint/config-array/-/config-array-0.21.2.tgz. Extracting by manifest.
6643 silly tarball no local data for @eslint-community/regexpp@https://registry.npmjs.org/@eslint-community/regexpp/-/regexpp-4.12.2.tgz. Extracting by manifest.
6644 silly tarball no local data for graceful-fs@https://registry.npmjs.org/graceful-fs/-/graceful-fs-4.2.11.tgz. Extracting by manifest.
6645 silly tarball no local data for tapable@https://registry.npmjs.org/tapable/-/tapable-2.3.3.tgz. Extracting by manifest.
6646 silly tarball no local data for file-uri-to-path@https://registry.npmjs.org/file-uri-to-path/-/file-uri-to-path-1.0.0.tgz. Extracting by manifest.
6647 silly tarball no local data for @eslint-community/eslint-utils@https://registry.npmjs.org/@eslint-community/eslint-utils/-/eslint-utils-4.9.1.tgz. Extracting by manifest.
6648 silly tarball no local data for prebuild-install@https://registry.npmjs.org/prebuild-install/-/prebuild-install-7.1.3.tgz. Extracting by manifest.
6649 silly tarball no local data for bindings@https://registry.npmjs.org/bindings/-/bindings-1.5.0.tgz. Extracting by manifest.
6650 silly tarball no local data for vlq@https://registry.npmjs.org/vlq/-/vlq-2.0.4.tgz. Extracting by manifest.
6651 silly tarball no local data for tweetnacl@https://registry.npmjs.org/tweetnacl/-/tweetnacl-1.0.3.tgz. Extracting by manifest.
6652 silly tarball no local data for json-bigint@https://registry.npmjs.org/json-bigint/-/json-bigint-1.0.0.tgz. Extracting by manifest.
6653 silly tarball no local data for js-sha3@https://registry.npmjs.org/js-sha3/-/js-sha3-0.8.0.tgz. Extracting by manifest.
6654 silly tarball no local data for js-sha512@https://registry.npmjs.org/js-sha512/-/js-sha512-0.8.0.tgz. Extracting by manifest.
6655 silly tarball no local data for js-sha256@https://registry.npmjs.org/js-sha256/-/js-sha256-0.9.0.tgz. Extracting by manifest.
6656 silly tarball no local data for hi-base32@https://registry.npmjs.org/hi-base32/-/hi-base32-0.5.1.tgz. Extracting by manifest.
6657 silly tarball no local data for algorand-msgpack@https://registry.npmjs.org/algorand-msgpack/-/algorand-msgpack-1.1.0.tgz. Extracting by manifest.
6658 silly tarball no local data for require-from-string@https://registry.npmjs.org/require-from-string/-/require-from-string-2.0.2.tgz. Extracting by manifest.
6659 silly tarball no local data for json-schema-traverse@https://registry.npmjs.org/json-schema-traverse/-/json-schema-traverse-1.0.0.tgz. Extracting by manifest.
6660 silly tarball no local data for fast-uri@https://registry.npmjs.org/fast-uri/-/fast-uri-3.1.2.tgz. Extracting by manifest.
6661 silly tarball no local data for bn.js@https://registry.npmjs.org/bn.js/-/bn.js-5.2.3.tgz. Extracting by manifest.
6662 silly tarball no local data for algo-msgpack-with-bigint@https://registry.npmjs.org/algo-msgpack-with-bigint/-/algo-msgpack-with-bigint-2.1.1.tgz. Extracting by manifest.
6663 silly tarball no local data for ajv@https://registry.npmjs.org/ajv/-/ajv-8.20.0.tgz. Extracting by manifest.
6664 silly tarball no local data for @noble/curves@https://registry.npmjs.org/@noble/curves/-/curves-2.2.0.tgz. Extracting by manifest.
6665 silly tarball no local data for @noble/hashes@https://registry.npmjs.org/@noble/hashes/-/hashes-2.2.0.tgz. Extracting by manifest.
6666 silly tarball no local data for pako@https://registry.npmjs.org/pako/-/pako-2.1.0.tgz. Extracting by manifest.
6667 silly tarball no local data for @noble/ciphers@https://registry.npmjs.org/@noble/ciphers/-/ciphers-2.2.0.tgz. Extracting by manifest.
6668 silly tarball no local data for snappy@https://registry.npmjs.org/snappy/-/snappy-7.3.3.tgz. Extracting by manifest.
6669 silly tarball no local data for lz-string@https://registry.npmjs.org/lz-string/-/lz-string-1.5.0.tgz. Extracting by manifest.
6670 silly tarball no local data for lz4-napi@https://registry.npmjs.org/lz4-napi/-/lz4-napi-2.9.0.tgz. Extracting by manifest.
6671 silly tarball no local data for better-sqlite3@https://registry.npmjs.org/better-sqlite3/-/better-sqlite3-12.10.0.tgz. Extracting by manifest.
6672 silly tarball no local data for algosdk@https://registry.npmjs.org/algosdk/-/algosdk-3.5.2.tgz. Extracting by manifest.
6673 silly tarball no local data for @algorandfoundation/xhd-wallet-api@https://registry.npmjs.org/@algorandfoundation/xhd-wallet-api/-/xhd-wallet-api-2.0.0-canary.1.tgz. Extracting by manifest.
6674 silly tarball no local data for node-addon-api@https://registry.npmjs.org/node-addon-api/-/node-addon-api-8.7.0.tgz. Extracting by manifest.
6675 silly tarball no local data for csstype@https://registry.npmjs.org/csstype/-/csstype-3.2.3.tgz. Extracting by manifest.
6676 silly tarball no local data for node-gyp-build@https://registry.npmjs.org/node-gyp-build/-/node-gyp-build-4.8.4.tgz. Extracting by manifest.
6677 silly tarball no local data for tslib@https://registry.npmjs.org/tslib/-/tslib-2.8.1.tgz. Extracting by manifest.
6678 silly tarball no local data for undici-types@https://registry.npmjs.org/undici-types/-/undici-types-7.24.6.tgz. Extracting by manifest.
6679 silly tarball no local data for @types/ms@https://registry.npmjs.org/@types/ms/-/ms-2.1.0.tgz. Extracting by manifest.
6680 silly tarball no local data for @types/unist@https://registry.npmjs.org/@types/unist/-/unist-3.0.3.tgz. Extracting by manifest.
6681 silly tarball no local data for @tiptap/extension-bubble-menu@https://registry.npmjs.org/@tiptap/extension-bubble-menu/-/extension-bubble-menu-3.23.4.tgz. Extracting by manifest.
6682 silly tarball no local data for fast-equals@https://registry.npmjs.org/fast-equals/-/fast-equals-5.4.0.tgz. Extracting by manifest.
6683 silly tarball no local data for prosemirror-schema-list@https://registry.npmjs.org/prosemirror-schema-list/-/prosemirror-schema-list-1.5.1.tgz. Extracting by manifest.
6684 silly tarball no local data for prosemirror-keymap@https://registry.npmjs.org/prosemirror-keymap/-/prosemirror-keymap-1.2.3.tgz. Extracting by manifest.
6685 silly tarball no local data for @tiptap/extension-floating-menu@https://registry.npmjs.org/@tiptap/extension-floating-menu/-/extension-floating-menu-3.23.4.tgz. Extracting by manifest.
6686 silly tarball no local data for prosemirror-gapcursor@https://registry.npmjs.org/prosemirror-gapcursor/-/prosemirror-gapcursor-1.4.1.tgz. Extracting by manifest.
6687 silly tarball no local data for prosemirror-dropcursor@https://registry.npmjs.org/prosemirror-dropcursor/-/prosemirror-dropcursor-1.8.2.tgz. Extracting by manifest.
6688 silly tarball no local data for prosemirror-commands@https://registry.npmjs.org/prosemirror-commands/-/prosemirror-commands-1.7.1.tgz. Extracting by manifest.
6689 silly tarball no local data for @jridgewell/resolve-uri@https://registry.npmjs.org/@jridgewell/resolve-uri/-/resolve-uri-3.1.2.tgz. Extracting by manifest.
6690 silly tarball no local data for @tailwindcss/oxide-darwin-x64@https://registry.npmjs.org/@tailwindcss/oxide-darwin-x64/-/oxide-darwin-x64-4.3.0.tgz. Extracting by manifest.
6691 silly tarball no local data for prosemirror-changeset@https://registry.npmjs.org/prosemirror-changeset/-/prosemirror-changeset-2.4.1.tgz. Extracting by manifest.
6692 silly tarball no local data for @jridgewell/sourcemap-codec@https://registry.npmjs.org/@jridgewell/sourcemap-codec/-/sourcemap-codec-1.5.5.tgz. Extracting by manifest.
6693 silly tarball no local data for @jridgewell/trace-mapping@https://registry.npmjs.org/@jridgewell/trace-mapping/-/trace-mapping-0.3.31.tgz. Extracting by manifest.
6694 silly tarball no local data for @jridgewell/gen-mapping@https://registry.npmjs.org/@jridgewell/gen-mapping/-/gen-mapping-0.3.13.tgz. Extracting by manifest.
6695 silly tarball no local data for source-map-js@https://registry.npmjs.org/source-map-js/-/source-map-js-1.2.1.tgz. Extracting by manifest.
6696 silly tarball no local data for lightningcss@https://registry.npmjs.org/lightningcss/-/lightningcss-1.32.0.tgz. Extracting by manifest.
6697 silly tarball no local data for magic-string@https://registry.npmjs.org/magic-string/-/magic-string-0.30.21.tgz. Extracting by manifest.
6698 silly tarball no local data for enhanced-resolve@https://registry.npmjs.org/enhanced-resolve/-/enhanced-resolve-5.21.3.tgz. Extracting by manifest.
6699 silly tarball no local data for jiti@https://registry.npmjs.org/jiti/-/jiti-2.7.0.tgz. Extracting by manifest.
6700 silly tarball no local data for postcss@https://registry.npmjs.org/postcss/-/postcss-8.5.14.tgz. Extracting by manifest.
6701 silly tarball no local data for @jridgewell/remapping@https://registry.npmjs.org/@jridgewell/remapping/-/remapping-2.3.5.tgz. Extracting by manifest.
6702 silly tarball no local data for @tailwindcss/oxide@https://registry.npmjs.org/@tailwindcss/oxide/-/oxide-4.3.0.tgz. Extracting by manifest.
6703 silly tarball no local data for @alloc/quick-lru@https://registry.npmjs.org/@alloc/quick-lru/-/quick-lru-5.2.0.tgz. Extracting by manifest.
6704 silly tarball no local data for @tailwindcss/node@https://registry.npmjs.org/@tailwindcss/node/-/node-4.3.0.tgz. Extracting by manifest.
6705 silly tarball no local data for @types/hast@https://registry.npmjs.org/@types/hast/-/hast-3.0.4.tgz. Extracting by manifest.
6706 silly tarball no local data for @shikijs/vscode-textmate@https://registry.npmjs.org/@shikijs/vscode-textmate/-/vscode-textmate-10.0.2.tgz. Extracting by manifest.
6707 silly tarball no local data for @radix-ui/react-use-effect-event@https://registry.npmjs.org/@radix-ui/react-use-effect-event/-/react-use-effect-event-0.0.2.tgz. Extracting by manifest.
6708 silly tarball no local data for @radix-ui/react-visually-hidden@https://registry.npmjs.org/@radix-ui/react-visually-hidden/-/react-visually-hidden-1.2.3.tgz. Extracting by manifest.
6709 silly tarball no local data for @radix-ui/react-use-previous@https://registry.npmjs.org/@radix-ui/react-use-previous/-/react-use-previous-1.1.1.tgz. Extracting by manifest.
6710 silly tarball no local data for @radix-ui/number@https://registry.npmjs.org/@radix-ui/number/-/number-1.1.1.tgz. Extracting by manifest.
6711 silly tarball no local data for @radix-ui/rect@https://registry.npmjs.org/@radix-ui/rect/-/rect-1.1.1.tgz. Extracting by manifest.
6712 silly tarball no local data for @radix-ui/react-use-size@https://registry.npmjs.org/@radix-ui/react-use-size/-/react-use-size-1.1.1.tgz. Extracting by manifest.
6713 silly tarball no local data for @radix-ui/react-use-rect@https://registry.npmjs.org/@radix-ui/react-use-rect/-/react-use-rect-1.1.1.tgz. Extracting by manifest.
6714 silly tarball no local data for @radix-ui/react-roving-focus@https://registry.npmjs.org/@radix-ui/react-roving-focus/-/react-roving-focus-1.1.11.tgz. Extracting by manifest.
6715 silly tarball no local data for @radix-ui/react-arrow@https://registry.npmjs.org/@radix-ui/react-arrow/-/react-arrow-1.1.7.tgz. Extracting by manifest.
6716 silly tarball no local data for @radix-ui/react-direction@https://registry.npmjs.org/@radix-ui/react-direction/-/react-direction-1.1.1.tgz. Extracting by manifest.
6717 silly tarball no local data for @radix-ui/react-popper@https://registry.npmjs.org/@radix-ui/react-popper/-/react-popper-1.2.8.tgz. Extracting by manifest.
6718 silly tarball no local data for @radix-ui/react-collection@https://registry.npmjs.org/@radix-ui/react-collection/-/react-collection-1.1.7.tgz. Extracting by manifest.
6719 silly tarball no local data for @radix-ui/react-use-layout-effect@https://registry.npmjs.org/@radix-ui/react-use-layout-effect/-/react-use-layout-effect-1.1.1.tgz. Extracting by manifest.
6720 silly tarball no local data for @radix-ui/react-use-escape-keydown@https://registry.npmjs.org/@radix-ui/react-use-escape-keydown/-/react-use-escape-keydown-1.1.1.tgz. Extracting by manifest.
6721 silly tarball no local data for @radix-ui/react-menu@https://registry.npmjs.org/@radix-ui/react-menu/-/react-menu-2.1.16.tgz. Extracting by manifest.
6722 silly tarball no local data for @radix-ui/react-use-callback-ref@https://registry.npmjs.org/@radix-ui/react-use-callback-ref/-/react-use-callback-ref-1.1.1.tgz. Extracting by manifest.
6723 silly tarball no local data for aria-hidden@https://registry.npmjs.org/aria-hidden/-/aria-hidden-1.2.6.tgz. Extracting by manifest.
6724 silly tarball no local data for @radix-ui/react-use-controllable-state@https://registry.npmjs.org/@radix-ui/react-use-controllable-state/-/react-use-controllable-state-1.2.2.tgz. Extracting by manifest.
6725 silly tarball no local data for @radix-ui/react-primitive@https://registry.npmjs.org/@radix-ui/react-primitive/-/react-primitive-2.1.3.tgz. Extracting by manifest.
6726 silly tarball no local data for @radix-ui/react-presence@https://registry.npmjs.org/@radix-ui/react-presence/-/react-presence-1.1.5.tgz. Extracting by manifest.
6727 silly tarball no local data for @radix-ui/react-portal@https://registry.npmjs.org/@radix-ui/react-portal/-/react-portal-1.1.9.tgz. Extracting by manifest.
6728 silly tarball no local data for @radix-ui/react-focus-scope@https://registry.npmjs.org/@radix-ui/react-focus-scope/-/react-focus-scope-1.1.7.tgz. Extracting by manifest.
6729 silly tarball no local data for @radix-ui/react-focus-guards@https://registry.npmjs.org/@radix-ui/react-focus-guards/-/react-focus-guards-1.1.3.tgz. Extracting by manifest.
6730 silly tarball no local data for @radix-ui/react-dismissable-layer@https://registry.npmjs.org/@radix-ui/react-dismissable-layer/-/react-dismissable-layer-1.1.11.tgz. Extracting by manifest.
6731 silly tarball no local data for @radix-ui/react-id@https://registry.npmjs.org/@radix-ui/react-id/-/react-id-1.1.1.tgz. Extracting by manifest.
6732 silly tarball no local data for @radix-ui/react-context@https://registry.npmjs.org/@radix-ui/react-context/-/react-context-1.1.2.tgz. Extracting by manifest.
6733 silly tarball no local data for @radix-ui/react-compose-refs@https://registry.npmjs.org/@radix-ui/react-compose-refs/-/react-compose-refs-1.1.2.tgz. Extracting by manifest.
6734 silly tarball no local data for @prisma/debug@https://registry.npmjs.org/@prisma/debug/-/debug-7.8.0.tgz. Extracting by manifest.
6735 silly tarball no local data for @radix-ui/primitive@https://registry.npmjs.org/@radix-ui/primitive/-/primitive-1.1.3.tgz. Extracting by manifest.
6736 silly tarball no local data for @prisma/client-runtime-utils@https://registry.npmjs.org/@prisma/client-runtime-utils/-/client-runtime-utils-7.8.0.tgz. Extracting by manifest.
6737 silly tarball no local data for mariadb@https://registry.npmjs.org/mariadb/-/mariadb-3.4.5.tgz. Extracting by manifest.
6738 silly tarball no local data for type-fest@https://registry.npmjs.org/type-fest/-/type-fest-5.6.0.tgz. Extracting by manifest.
6739 silly tarball no local data for @prisma/driver-adapter-utils@https://registry.npmjs.org/@prisma/driver-adapter-utils/-/driver-adapter-utils-7.8.0.tgz. Extracting by manifest.
6740 silly tarball no local data for react-remove-scroll@https://registry.npmjs.org/react-remove-scroll/-/react-remove-scroll-2.7.2.tgz. Extracting by manifest.
6741 silly tarball no local data for react-number-format@https://registry.npmjs.org/react-number-format/-/react-number-format-5.4.5.tgz. Extracting by manifest.
6742 silly tarball no local data for prosemirror-history@https://registry.npmjs.org/prosemirror-history/-/prosemirror-history-1.5.0.tgz. Extracting by manifest.
6743 silly tarball no local data for @floating-ui/core@https://registry.npmjs.org/@floating-ui/core/-/core-1.7.5.tgz. Extracting by manifest.
6744 silly tarball no local data for @floating-ui/react-dom@https://registry.npmjs.org/@floating-ui/react-dom/-/react-dom-2.1.8.tgz. Extracting by manifest.
6745 silly tarball no local data for @floating-ui/dom@https://registry.npmjs.org/@floating-ui/dom/-/dom-1.7.6.tgz. Extracting by manifest.
6746 silly tarball no local data for tabbable@https://registry.npmjs.org/tabbable/-/tabbable-6.4.0.tgz. Extracting by manifest.
6747 silly tarball no local data for use-sync-external-store@https://registry.npmjs.org/use-sync-external-store/-/use-sync-external-store-1.6.0.tgz. Extracting by manifest.
6748 silly tarball no local data for lodash.merge@https://registry.npmjs.org/lodash.merge/-/lodash.merge-4.6.2.tgz. Extracting by manifest.
6749 silly tarball no local data for @tiptap/react@https://registry.npmjs.org/@tiptap/react/-/react-3.23.4.tgz. Extracting by manifest.
6750 silly tarball no local data for @tanstack/react-store@https://registry.npmjs.org/@tanstack/react-store/-/react-store-0.7.7.tgz. Extracting by manifest.
6751 silly tarball no local data for @floating-ui/utils@https://registry.npmjs.org/@floating-ui/utils/-/utils-0.2.11.tgz. Extracting by manifest.
6752 silly tarball no local data for yjs@https://registry.npmjs.org/yjs/-/yjs-13.6.30.tgz. Extracting by manifest.
6753 silly tarball no local data for react-icons@https://registry.npmjs.org/react-icons/-/react-icons-5.6.0.tgz. Extracting by manifest.
6754 silly tarball no local data for @floating-ui/react@https://registry.npmjs.org/@floating-ui/react/-/react-0.27.19.tgz. Extracting by manifest.
6755 silly tarball no local data for @types/use-sync-external-store@https://registry.npmjs.org/@types/use-sync-external-store/-/use-sync-external-store-1.5.0.tgz. Extracting by manifest.
6756 silly tarball no local data for y-protocols@https://registry.npmjs.org/y-protocols/-/y-protocols-1.0.7.tgz. Extracting by manifest.
6757 silly tarball no local data for y-prosemirror@https://registry.npmjs.org/y-prosemirror/-/y-prosemirror-1.3.7.tgz. Extracting by manifest.
6758 silly tarball no local data for unist-util-visit@https://registry.npmjs.org/unist-util-visit/-/unist-util-visit-5.1.0.tgz. Extracting by manifest.
6759 silly tarball no local data for remark-rehype@https://registry.npmjs.org/remark-rehype/-/remark-rehype-11.1.2.tgz. Extracting by manifest.
6760 silly tarball no local data for remark-stringify@https://registry.npmjs.org/remark-stringify/-/remark-stringify-11.0.0.tgz. Extracting by manifest.
6761 silly tarball no local data for remark-gfm@https://registry.npmjs.org/remark-gfm/-/remark-gfm-4.0.1.tgz. Extracting by manifest.
6762 silly tarball no local data for rehype-stringify@https://registry.npmjs.org/rehype-stringify/-/rehype-stringify-10.0.1.tgz. Extracting by manifest.
6763 silly tarball no local data for rehype-remark@https://registry.npmjs.org/rehype-remark/-/rehype-remark-10.0.1.tgz. Extracting by manifest.
6764 silly tarball no local data for rehype-format@https://registry.npmjs.org/rehype-format/-/rehype-format-5.0.1.tgz. Extracting by manifest.
6765 silly tarball no local data for rehype-parse@https://registry.npmjs.org/rehype-parse/-/rehype-parse-9.0.1.tgz. Extracting by manifest.
6766 silly tarball no local data for prosemirror-transform@https://registry.npmjs.org/prosemirror-transform/-/prosemirror-transform-1.12.0.tgz. Extracting by manifest.
6767 silly tarball no local data for prosemirror-tables@https://registry.npmjs.org/prosemirror-tables/-/prosemirror-tables-1.8.5.tgz. Extracting by manifest.
6768 silly tarball no local data for lib0@https://registry.npmjs.org/lib0/-/lib0-0.2.117.tgz. Extracting by manifest.
6769 silly tarball no local data for prosemirror-highlight@https://registry.npmjs.org/prosemirror-highlight/-/prosemirror-highlight-0.15.1.tgz. Extracting by manifest.
6770 silly tarball no local data for hast-util-from-dom@https://registry.npmjs.org/hast-util-from-dom/-/hast-util-from-dom-5.0.1.tgz. Extracting by manifest.
6771 silly tarball no local data for emoji-mart@https://registry.npmjs.org/emoji-mart/-/emoji-mart-5.6.0.tgz. Extracting by manifest.
6772 silly tarball no local data for unified@https://registry.npmjs.org/unified/-/unified-11.0.5.tgz. Extracting by manifest.
6773 silly tarball no local data for remark-parse@https://registry.npmjs.org/remark-parse/-/remark-parse-11.0.0.tgz. Extracting by manifest.
6774 silly tarball no local data for @tiptap/extension-underline@https://registry.npmjs.org/@tiptap/extension-underline/-/extension-underline-3.23.4.tgz. Extracting by manifest.
6775 silly tarball no local data for @tiptap/extensions@https://registry.npmjs.org/@tiptap/extensions/-/extensions-3.23.4.tgz. Extracting by manifest.
6776 silly tarball no local data for @tiptap/extension-paragraph@https://registry.npmjs.org/@tiptap/extension-paragraph/-/extension-paragraph-3.23.4.tgz. Extracting by manifest.
6777 silly tarball no local data for @tiptap/extension-italic@https://registry.npmjs.org/@tiptap/extension-italic/-/extension-italic-3.23.4.tgz. Extracting by manifest.
6778 silly tarball no local data for @tiptap/extension-horizontal-rule@https://registry.npmjs.org/@tiptap/extension-horizontal-rule/-/extension-horizontal-rule-3.23.4.tgz. Extracting by manifest.
6779 silly tarball no local data for @tiptap/extension-strike@https://registry.npmjs.org/@tiptap/extension-strike/-/extension-strike-3.23.4.tgz. Extracting by manifest.
6780 silly tarball no local data for @tiptap/extension-code@https://registry.npmjs.org/@tiptap/extension-code/-/extension-code-3.23.4.tgz. Extracting by manifest.
6781 silly tarball no local data for @tiptap/pm@https://registry.npmjs.org/@tiptap/pm/-/pm-3.23.4.tgz. Extracting by manifest.
6782 silly tarball no local data for @tiptap/extension-text@https://registry.npmjs.org/@tiptap/extension-text/-/extension-text-3.23.4.tgz. Extracting by manifest.
6783 silly tarball no local data for @tanstack/store@https://registry.npmjs.org/@tanstack/store/-/store-0.7.7.tgz. Extracting by manifest.
6784 silly tarball no local data for fast-deep-equal@https://registry.npmjs.org/fast-deep-equal/-/fast-deep-equal-3.1.3.tgz. Extracting by manifest.
6785 silly tarball no local data for @tiptap/extension-bold@https://registry.npmjs.org/@tiptap/extension-bold/-/extension-bold-3.23.4.tgz. Extracting by manifest.
6786 silly tarball no local data for @shikijs/types@https://registry.npmjs.org/@shikijs/types/-/types-4.0.2.tgz. Extracting by manifest.
6787 silly tarball no local data for prosemirror-model@https://registry.npmjs.org/prosemirror-model/-/prosemirror-model-1.25.6.tgz. Extracting by manifest.
6788 silly tarball no local data for prosemirror-state@https://registry.npmjs.org/prosemirror-state/-/prosemirror-state-1.4.4.tgz. Extracting by manifest.
6789 silly tarball no local data for prosemirror-view@https://registry.npmjs.org/prosemirror-view/-/prosemirror-view-1.41.8.tgz. Extracting by manifest.
6790 silly tarball no local data for @handlewithcare/prosemirror-inputrules@https://registry.npmjs.org/@handlewithcare/prosemirror-inputrules/-/prosemirror-inputrules-0.1.4.tgz. Extracting by manifest.
6791 silly tarball no local data for @tiptap/core@https://registry.npmjs.org/@tiptap/core/-/core-3.23.4.tgz. Extracting by manifest.
6792 silly tarball no local data for typescript@https://registry.npmjs.org/typescript/-/typescript-5.9.3.tgz. Extracting by manifest.
6793 silly tarball no local data for zod@https://registry.npmjs.org/zod/-/zod-4.4.3.tgz. Extracting by manifest.
6794 silly tarball no local data for @emoji-mart/data@https://registry.npmjs.org/@emoji-mart/data/-/data-1.2.1.tgz. Extracting by manifest.
6795 silly tarball no local data for tsx@https://registry.npmjs.org/tsx/-/tsx-4.22.0.tgz. Extracting by manifest.
6796 silly tarball no local data for tailwind-merge@https://registry.npmjs.org/tailwind-merge/-/tailwind-merge-3.6.0.tgz. Extracting by manifest.
6797 silly tarball no local data for recharts@https://registry.npmjs.org/recharts/-/recharts-3.8.1.tgz. Extracting by manifest.
6798 silly tarball no local data for tailwindcss@https://registry.npmjs.org/tailwindcss/-/tailwindcss-4.3.0.tgz. Extracting by manifest.
6799 silly tarball no local data for sonner@https://registry.npmjs.org/sonner/-/sonner-2.0.7.tgz. Extracting by manifest.
6800 silly tarball no local data for react-day-picker@https://registry.npmjs.org/react-day-picker/-/react-day-picker-10.0.1.tgz. Extracting by manifest.
6801 silly tarball no local data for react-is@https://registry.npmjs.org/react-is/-/react-is-19.2.6.tgz. Extracting by manifest.
6802 silly tarball no local data for next-themes@https://registry.npmjs.org/next-themes/-/next-themes-0.4.6.tgz. Extracting by manifest.
6803 silly tarball no local data for prisma@https://registry.npmjs.org/prisma/-/prisma-7.8.0.tgz. Extracting by manifest.
6804 silly tarball no local data for lucide-react@https://registry.npmjs.org/lucide-react/-/lucide-react-1.16.0.tgz. Extracting by manifest.
6805 silly tarball no local data for nodemailer@https://registry.npmjs.org/nodemailer/-/nodemailer-8.0.7.tgz. Extracting by manifest.
6806 silly tarball no local data for jsonwebtoken@https://registry.npmjs.org/jsonwebtoken/-/jsonwebtoken-9.0.3.tgz. Extracting by manifest.
6807 silly tarball no local data for marked@https://registry.npmjs.org/marked/-/marked-18.0.3.tgz. Extracting by manifest.
6808 silly tarball no local data for eslint-config-next@https://registry.npmjs.org/eslint-config-next/-/eslint-config-next-16.2.4.tgz. Extracting by manifest.
6809 silly tarball no local data for next@https://registry.npmjs.org/next/-/next-16.2.4.tgz. Extracting by manifest.
6810 silly tarball no local data for eslint@https://registry.npmjs.org/eslint/-/eslint-9.39.4.tgz. Extracting by manifest.
6811 silly tarball no local data for dotenv@https://registry.npmjs.org/dotenv/-/dotenv-17.4.2.tgz. Extracting by manifest.
6812 silly tarball no local data for date-fns@https://registry.npmjs.org/date-fns/-/date-fns-4.1.0.tgz. Extracting by manifest.
6813 silly tarball no local data for clsx@https://registry.npmjs.org/clsx/-/clsx-2.1.1.tgz. Extracting by manifest.
6814 silly tarball no local data for bcrypt@https://registry.npmjs.org/bcrypt/-/bcrypt-6.0.0.tgz. Extracting by manifest.
6815 silly tarball no local data for @types/react-dom@https://registry.npmjs.org/@types/react-dom/-/react-dom-19.2.3.tgz. Extracting by manifest.
6816 silly tarball no local data for blocknote@https://registry.npmjs.org/blocknote/-/blocknote-0.1.4.tgz. Extracting by manifest.
6817 silly tarball no local data for @types/react@https://registry.npmjs.org/@types/react/-/react-19.2.14.tgz. Extracting by manifest.
6818 silly tarball no local data for @types/jsonwebtoken@https://registry.npmjs.org/@types/jsonwebtoken/-/jsonwebtoken-9.0.10.tgz. Extracting by manifest.
6819 silly tarball no local data for @types/bcrypt@https://registry.npmjs.org/@types/bcrypt/-/bcrypt-6.0.0.tgz. Extracting by manifest.
6820 silly tarball no local data for @radix-ui/react-tabs@https://registry.npmjs.org/@radix-ui/react-tabs/-/react-tabs-1.1.13.tgz. Extracting by manifest.
6821 silly tarball no local data for @radix-ui/react-switch@https://registry.npmjs.org/@radix-ui/react-switch/-/react-switch-1.2.6.tgz. Extracting by manifest.
6822 silly tarball no local data for @tailwindcss/postcss@https://registry.npmjs.org/@tailwindcss/postcss/-/postcss-4.3.0.tgz. Extracting by manifest.
6823 silly tarball no local data for @radix-ui/react-slot@https://registry.npmjs.org/@radix-ui/react-slot/-/react-slot-1.2.4.tgz. Extracting by manifest.
6824 silly tarball no local data for @radix-ui/react-popover@https://registry.npmjs.org/@radix-ui/react-popover/-/react-popover-1.1.15.tgz. Extracting by manifest.
6825 silly tarball no local data for @radix-ui/react-select@https://registry.npmjs.org/@radix-ui/react-select/-/react-select-2.2.6.tgz. Extracting by manifest.
6826 silly tarball no local data for @prisma/client@https://registry.npmjs.org/@prisma/client/-/client-7.8.0.tgz. Extracting by manifest.
6827 silly tarball no local data for @radix-ui/react-dialog@https://registry.npmjs.org/@radix-ui/react-dialog/-/react-dialog-1.1.15.tgz. Extracting by manifest.
6828 silly tarball no local data for @types/node@https://registry.npmjs.org/@types/node/-/node-25.8.0.tgz. Extracting by manifest.
6829 silly tarball no local data for @types/nodemailer@https://registry.npmjs.org/@types/nodemailer/-/nodemailer-8.0.0.tgz. Extracting by manifest.
6830 silly tarball no local data for @radix-ui/react-dropdown-menu@https://registry.npmjs.org/@radix-ui/react-dropdown-menu/-/react-dropdown-menu-2.1.16.tgz. Extracting by manifest.
6831 silly tarball no local data for @prisma/adapter-mariadb@https://registry.npmjs.org/@prisma/adapter-mariadb/-/adapter-mariadb-7.8.0.tgz. Extracting by manifest.
6832 silly tarball no local data for @blocknote/react@https://registry.npmjs.org/@blocknote/react/-/react-0.50.0.tgz. Extracting by manifest.
6833 silly tarball no local data for @mantine/core@https://registry.npmjs.org/@mantine/core/-/core-9.2.1.tgz. Extracting by manifest.
6834 silly tarball no local data for react@https://registry.npmjs.org/react/-/react-19.2.4.tgz. Extracting by manifest.
6835 silly tarball no local data for @blocknote/mantine@https://registry.npmjs.org/@blocknote/mantine/-/mantine-0.50.0.tgz. Extracting by manifest.
6836 silly tarball no local data for @mantine/hooks@https://registry.npmjs.org/@mantine/hooks/-/hooks-9.2.1.tgz. Extracting by manifest.
6837 silly tarball no local data for @blocknote/core@https://registry.npmjs.org/@blocknote/core/-/core-0.50.0.tgz. Extracting by manifest.
6838 silly tarball no local data for react-dom@https://registry.npmjs.org/react-dom/-/react-dom-19.2.4.tgz. Extracting by manifest.
6839 silly tarball no local data for eslint-visitor-keys@https://registry.npmjs.org/eslint-visitor-keys/-/eslint-visitor-keys-5.0.1.tgz. Extracting by manifest.
6840 silly tarball no local data for semver@https://registry.npmjs.org/semver/-/semver-7.8.0.tgz. Extracting by manifest.
6841 silly tarball no local data for brace-expansion@https://registry.npmjs.org/brace-expansion/-/brace-expansion-5.0.6.tgz. Extracting by manifest.
6842 silly tarball no local data for minimatch@https://registry.npmjs.org/minimatch/-/minimatch-10.2.5.tgz. Extracting by manifest.
6843 silly tarball no local data for ignore@https://registry.npmjs.org/ignore/-/ignore-7.0.5.tgz. Extracting by manifest.
6844 silly tarball no local data for escape-string-regexp@https://registry.npmjs.org/escape-string-regexp/-/escape-string-regexp-5.0.0.tgz. Extracting by manifest.
6845 silly tarball no local data for @types/use-sync-external-store@https://registry.npmjs.org/@types/use-sync-external-store/-/use-sync-external-store-0.0.6.tgz. Extracting by manifest.
6846 silly tarball no local data for @prisma/get-platform@https://registry.npmjs.org/@prisma/get-platform/-/get-platform-7.8.0.tgz. Extracting by manifest.
6847 silly tarball no local data for balanced-match@https://registry.npmjs.org/balanced-match/-/balanced-match-4.0.4.tgz. Extracting by manifest.
6848 silly tarball no local data for immer@https://registry.npmjs.org/immer/-/immer-11.1.8.tgz. Extracting by manifest.
6849 silly tarball no local data for signal-exit@https://registry.npmjs.org/signal-exit/-/signal-exit-3.0.7.tgz. Extracting by manifest.
6850 silly tarball no local data for iconv-lite@https://registry.npmjs.org/iconv-lite/-/iconv-lite-0.7.2.tgz. Extracting by manifest.
6851 silly tarball no local data for @prisma/get-platform@https://registry.npmjs.org/@prisma/get-platform/-/get-platform-7.8.0.tgz. Extracting by manifest.
6852 silly tarball no local data for @prisma/debug@https://registry.npmjs.org/@prisma/debug/-/debug-7.2.0.tgz. Extracting by manifest.
6853 silly tarball no local data for semver@https://registry.npmjs.org/semver/-/semver-7.8.0.tgz. Extracting by manifest.
6854 silly tarball no local data for strip-json-comments@https://registry.npmjs.org/strip-json-comments/-/strip-json-comments-2.0.1.tgz. Extracting by manifest.
6855 silly tarball no local data for semver@https://registry.npmjs.org/semver/-/semver-7.8.0.tgz. Extracting by manifest.
6856 silly tarball no local data for debug@https://registry.npmjs.org/debug/-/debug-3.2.7.tgz. Extracting by manifest.
6857 silly tarball no local data for react-is@https://registry.npmjs.org/react-is/-/react-is-16.13.1.tgz. Extracting by manifest.
6858 silly tarball no local data for json5@https://registry.npmjs.org/json5/-/json5-1.0.2.tgz. Extracting by manifest.
6859 silly tarball no local data for fdir@https://registry.npmjs.org/fdir/-/fdir-6.5.0.tgz. Extracting by manifest.
6860 silly tarball no local data for picomatch@https://registry.npmjs.org/picomatch/-/picomatch-4.0.4.tgz. Extracting by manifest.
6861 silly tarball no local data for semver@https://registry.npmjs.org/semver/-/semver-7.8.0.tgz. Extracting by manifest.
6862 silly tarball no local data for glob-parent@https://registry.npmjs.org/glob-parent/-/glob-parent-5.1.2.tgz. Extracting by manifest.
6863 silly tarball no local data for debug@https://registry.npmjs.org/debug/-/debug-3.2.7.tgz. Extracting by manifest.
6864 silly tarball no local data for debug@https://registry.npmjs.org/debug/-/debug-3.2.7.tgz. Extracting by manifest.
6865 silly tarball no local data for json-schema-traverse@https://registry.npmjs.org/json-schema-traverse/-/json-schema-traverse-0.4.1.tgz. Extracting by manifest.
6866 silly tarball no local data for ajv@https://registry.npmjs.org/ajv/-/ajv-6.15.0.tgz. Extracting by manifest.
6867 silly tarball no local data for eslint-visitor-keys@https://registry.npmjs.org/eslint-visitor-keys/-/eslint-visitor-keys-3.4.3.tgz. Extracting by manifest.
6868 silly tarball no local data for @radix-ui/react-slot@https://registry.npmjs.org/@radix-ui/react-slot/-/react-slot-1.2.3.tgz. Extracting by manifest.
6869 silly tarball no local data for @radix-ui/react-slot@https://registry.npmjs.org/@radix-ui/react-slot/-/react-slot-1.2.3.tgz. Extracting by manifest.
6870 silly tarball no local data for @radix-ui/react-slot@https://registry.npmjs.org/@radix-ui/react-slot/-/react-slot-1.2.3.tgz. Extracting by manifest.
6871 silly tarball no local data for undici-types@https://registry.npmjs.org/undici-types/-/undici-types-7.16.0.tgz. Extracting by manifest.
6872 silly tarball no local data for lru-cache@https://registry.npmjs.org/lru-cache/-/lru-cache-10.4.3.tgz. Extracting by manifest.
6873 silly tarball no local data for @types/node@https://registry.npmjs.org/@types/node/-/node-24.12.4.tgz. Extracting by manifest.
6874 silly tarball no local data for postcss@https://registry.npmjs.org/postcss/-/postcss-8.4.31.tgz. Extracting by manifest.
6875 silly tarball no local data for @types/use-sync-external-store@https://registry.npmjs.org/@types/use-sync-external-store/-/use-sync-external-store-0.0.6.tgz. Extracting by manifest.
6876 silly tarball no local data for semver@https://registry.npmjs.org/semver/-/semver-7.8.0.tgz. Extracting by manifest.
6877 silly tarball no local data for globals@https://registry.npmjs.org/globals/-/globals-16.4.0.tgz. Extracting by manifest.
6878 silly tarball no local data for ajv@https://registry.npmjs.org/ajv/-/ajv-6.15.0.tgz. Extracting by manifest.
6879 silly tarball no local data for json-schema-traverse@https://registry.npmjs.org/json-schema-traverse/-/json-schema-traverse-0.4.1.tgz. Extracting by manifest.
6880 silly tarball no local data for @radix-ui/react-slot@https://registry.npmjs.org/@radix-ui/react-slot/-/react-slot-1.2.3.tgz. Extracting by manifest.
6881 silly tarball no local data for @radix-ui/react-slot@https://registry.npmjs.org/@radix-ui/react-slot/-/react-slot-1.2.3.tgz. Extracting by manifest.
6882 silly tarball no local data for @radix-ui/react-slot@https://registry.npmjs.org/@radix-ui/react-slot/-/react-slot-1.2.3.tgz. Extracting by manifest.
6883 http fetch POST 200 https://registry.npmjs.org/-/npm/v1/security/advisories/bulk 1473ms
6884 silly audit report {
6884 silly audit report   next: [
6884 silly audit report     {
6884 silly audit report       id: 1117930,
6884 silly audit report       url: 'https://github.com/advisories/GHSA-8h8q-6873-q5fj',
6884 silly audit report       title: 'Next.js Vulnerable to Denial of Service with Server Components',
6884 silly audit report       severity: 'high',
6884 silly audit report       vulnerable_versions: '>=16.0.0 <16.2.5',
6884 silly audit report       cwe: [Array],
6884 silly audit report       cvss: [Object]
6884 silly audit report     },
6884 silly audit report     {
6884 silly audit report       id: 1118938,
6884 silly audit report       url: 'https://github.com/advisories/GHSA-26hh-7cqf-hhc6',
6884 silly audit report       title: 'Next.js has a Middleware / Proxy bypass in App Router applications via segment-prefetch routes - Incomplete Fix Follow-Up',
6884 silly audit report       severity: 'high',
6884 silly audit report       vulnerable_versions: '>=16.0.0 <16.2.6',
6884 silly audit report       cwe: [Array],
6884 silly audit report       cvss: [Object]
6884 silly audit report     },
6884 silly audit report     {
6884 silly audit report       id: 1118941,
6884 silly audit report       url: 'https://github.com/advisories/GHSA-3g8h-86w9-wvmq',
6884 silly audit report       title: "Next.js's Middleware / Proxy redirects can be cache-poisoned",
6884 silly audit report       severity: 'low',
6884 silly audit report       vulnerable_versions: '>=16.0.0 <16.2.5',
6884 silly audit report       cwe: [Array],
6884 silly audit report       cvss: [Object]
6884 silly audit report     },
6884 silly audit report     {
6884 silly audit report       id: 1118943,
6884 silly audit report       url: 'https://github.com/advisories/GHSA-ffhc-5mcf-pf4q',
6884 silly audit report       title: 'Next.js vulnerable to cross-site scripting in App Router applications using CSP nonces',
6884 silly audit report       severity: 'moderate',
6884 silly audit report       vulnerable_versions: '>=16.0.0 <16.2.5',
6884 silly audit report       cwe: [Array],
6884 silly audit report       cvss: [Object]
6884 silly audit report     },
6884 silly audit report     {
6884 silly audit report       id: 1118945,
6884 silly audit report       url: 'https://github.com/advisories/GHSA-vfv6-92ff-j949',
6884 silly audit report       title: 'Next.js vulnerable to cache poisoning via collisions in React Server Component cache-busting',
6884 silly audit report       severity: 'low',
6884 silly audit report       vulnerable_versions: '>=16.0.0 <16.2.5',
6884 silly audit report       cwe: [Array],
6884 silly audit report       cvss: [Object]
6884 silly audit report     },
6884 silly audit report     {
6884 silly audit report       id: 1118947,
6884 silly audit report       url: 'https://github.com/advisories/GHSA-gx5p-jg67-6x7h',
6884 silly audit report       title: 'Next.js has cross-site scripting in beforeInteractive scripts with untrusted input',
6884 silly audit report       severity: 'moderate',
6884 silly audit report       vulnerable_versions: '>=16.0.0 <16.2.5',
6884 silly audit report       cwe: [Array],
6884 silly audit report       cvss: [Object]
6884 silly audit report     },
6884 silly audit report     {
6884 silly audit report       id: 1118949,
6884 silly audit report       url: 'https://github.com/advisories/GHSA-mg66-mrh9-m8jx',
6884 silly audit report       title: 'Next.js vulnerable to Denial of Service via connection exhaustion in applications using Cache Components',
6884 silly audit report       severity: 'high',
6884 silly audit report       vulnerable_versions: '>=16.0.0 <16.2.5',
6884 silly audit report       cwe: [Array],
6884 silly audit report       cvss: [Object]
6884 silly audit report     },
6884 silly audit report     {
6884 silly audit report       id: 1118951,
6884 silly audit report       url: 'https://github.com/advisories/GHSA-h64f-5h5j-jqjh',
6884 silly audit report       title: 'Next.js has a Denial of Service in the Image Optimization API',
6884 silly audit report       severity: 'moderate',
6884 silly audit report       vulnerable_versions: '>=16.0.0 <16.2.5',
6884 silly audit report       cwe: [Array],
6884 silly audit report       cvss: [Object]
6884 silly audit report     },
6884 silly audit report     {
6884 silly audit report       id: 1118953,
6884 silly audit report       url: 'https://github.com/advisories/GHSA-c4j6-fc7j-m34r',
6884 silly audit report       title: 'Next.js vulnerable to server-side request forgery in applications using WebSocket upgrades',
6884 silly audit report       severity: 'high',
6884 silly audit report       vulnerable_versions: '>=16.0.0 <16.2.5',
6884 silly audit report       cwe: [Array],
6884 silly audit report       cvss: [Object]
6884 silly audit report     },
6884 silly audit report     {
6884 silly audit report       id: 1118955,
6884 silly audit report       url: 'https://github.com/advisories/GHSA-492v-c6pp-mqqv',
6884 silly audit report       title: 'Next.js has a Middleware / Proxy bypass through dynamic route parameter injection',
6884 silly audit report       severity: 'high',
6884 silly audit report       vulnerable_versions: '>=16.0.0 <16.2.5',
6884 silly audit report       cwe: [Array],
6884 silly audit report       cvss: [Object]
6884 silly audit report     },
6884 silly audit report     {
6884 silly audit report       id: 1118957,
6884 silly audit report       url: 'https://github.com/advisories/GHSA-wfc6-r584-vfw7',
6884 silly audit report       title: 'Next.js vulnerable to cache poisoning in React Server Component responses',
6884 silly audit report       severity: 'moderate',
6884 silly audit report       vulnerable_versions: '>=16.0.0 <16.2.5',
6884 silly audit report       cwe: [Array],
6884 silly audit report       cvss: [Object]
6884 silly audit report     },
6884 silly audit report     {
6884 silly audit report       id: 1118959,
6884 silly audit report       url: 'https://github.com/advisories/GHSA-267c-6grr-h53f',
6884 silly audit report       title: 'Next.js has a Middleware / Proxy bypass in App Router applications via segment-prefetch routes',
6884 silly audit report       severity: 'high',
6884 silly audit report       vulnerable_versions: '>=16.0.0 <16.2.5',
6884 silly audit report       cwe: [Array],
6884 silly audit report       cvss: [Object]
6884 silly audit report     },
6884 silly audit report     {
6884 silly audit report       id: 1118961,
6884 silly audit report       url: 'https://github.com/advisories/GHSA-36qx-fr4f-26g5',
6884 silly audit report       title: 'Next.js has a Middleware / Proxy bypass in Pages Router applications using i18n',
6884 silly audit report       severity: 'high',
6884 silly audit report       vulnerable_versions: '>=16.0.0 <16.2.5',
6884 silly audit report       cwe: [Array],
6884 silly audit report       cvss: [Object]
6884 silly audit report     }
6884 silly audit report   ],
6884 silly audit report   postcss: [
6884 silly audit report     {
6884 silly audit report       id: 1117015,
6884 silly audit report       url: 'https://github.com/advisories/GHSA-qx2v-qp2m-jg93',
6884 silly audit report       title: 'PostCSS has XSS via Unescaped </style> in its CSS Stringify Output',
6884 silly audit report       severity: 'moderate',
6884 silly audit report       vulnerable_versions: '<8.5.10',
6884 silly audit report       cwe: [Array],
6884 silly audit report       cvss: [Object]
6884 silly audit report     }
6884 silly audit report   ],
6884 silly audit report   '@hono/node-server': [
6884 silly audit report     {
6884 silly audit report       id: 1116281,
6884 silly audit report       url: 'https://github.com/advisories/GHSA-92pp-h63x-v22m',
6884 silly audit report       title: '@hono/node-server: Middleware bypass via repeated slashes in serveStatic',
6884 silly audit report       severity: 'moderate',
6884 silly audit report       vulnerable_versions: '<1.19.13',
6884 silly audit report       cwe: [Array],
6884 silly audit report       cvss: [Object]
6884 silly audit report     }
6884 silly audit report   ]
6884 silly audit report }
6885 silly packumentCache corgi:https://registry.npmjs.org/next cache-miss
6886 silly packumentCache corgi:https://registry.npmjs.org/postcss cache-miss
6887 silly packumentCache corgi:https://registry.npmjs.org/@hono%2fnode-server cache-miss
6888 http fetch GET 200 https://registry.npmjs.org/fast-json-stable-stringify/-/fast-json-stable-stringify-2.1.0.tgz 1123ms (cache miss)
6889 http fetch GET 200 https://registry.npmjs.org/which-collection/-/which-collection-1.0.2.tgz 1112ms (cache miss)
6890 http fetch GET 200 https://registry.npmjs.org/async-function/-/async-function-1.0.0.tgz 1118ms (cache miss)
6891 http fetch GET 200 https://registry.npmjs.org/grammex/-/grammex-3.1.12.tgz 1123ms (cache miss)
6892 http fetch GET 200 https://registry.npmjs.org/is-generator-function/-/is-generator-function-1.1.2.tgz 1116ms (cache miss)
6893 http fetch GET 200 https://registry.npmjs.org/is-weakmap/-/is-weakmap-2.0.2.tgz 1116ms (cache miss)
6894 http fetch GET 200 https://registry.npmjs.org/generator-function/-/generator-function-2.0.1.tgz 1122ms (cache miss)
6895 http fetch GET 200 https://registry.npmjs.org/graphmatch/-/graphmatch-1.1.1.tgz 1124ms (cache miss)
6896 http fetch GET 200 https://registry.npmjs.org/is-finalizationregistry/-/is-finalizationregistry-1.1.1.tgz 1115ms (cache miss)
6897 http fetch GET 200 https://registry.npmjs.org/is-weakset/-/is-weakset-2.0.4.tgz 1125ms (cache miss)
6898 http fetch GET 200 https://registry.npmjs.org/is-bigint/-/is-bigint-1.1.0.tgz 1114ms (cache miss)
6899 http fetch GET 200 https://registry.npmjs.org/isexe/-/isexe-2.0.0.tgz 1117ms (cache miss)
6900 http fetch GET 200 https://registry.npmjs.org/punycode/-/punycode-2.3.1.tgz 1143ms (cache miss)
6901 http fetch GET 200 https://registry.npmjs.org/is-boolean-object/-/is-boolean-object-1.2.2.tgz 1128ms (cache miss)
6902 http fetch GET 200 https://registry.npmjs.org/is-number-object/-/is-number-object-1.1.1.tgz 1129ms (cache miss)
6903 http fetch GET 200 https://registry.npmjs.org/is-async-function/-/is-async-function-2.1.1.tgz 1160ms (cache miss)
6904 http fetch GET 200 https://registry.npmjs.org/d3-time/-/d3-time-3.1.0.tgz 1151ms (cache miss)
6905 http fetch GET 200 https://registry.npmjs.org/d3-format/-/d3-format-3.1.2.tgz 1155ms (cache miss)
6906 http fetch GET 200 https://registry.npmjs.org/is-map/-/is-map-2.0.3.tgz 1186ms (cache miss)
6907 http fetch GET 200 https://registry.npmjs.org/d3-path/-/d3-path-3.1.0.tgz 1174ms (cache miss)
6908 http fetch GET 200 https://registry.npmjs.org/internmap/-/internmap-2.0.3.tgz 1172ms (cache miss)
6909 http fetch GET 200 https://registry.npmjs.org/d3-timer/-/d3-timer-3.0.1.tgz 1172ms (cache miss)
6910 http fetch GET 200 https://registry.npmjs.org/@types/d3-path/-/d3-path-3.1.1.tgz 1196ms (cache miss)
6911 http fetch GET 200 https://registry.npmjs.org/escalade/-/escalade-3.2.0.tgz 1209ms (cache miss)
6912 http fetch GET 200 https://registry.npmjs.org/detect-node-es/-/detect-node-es-1.1.0.tgz 1211ms (cache miss)
6913 http fetch GET 200 https://registry.npmjs.org/is-plain-obj/-/is-plain-obj-4.1.0.tgz 1214ms (cache miss)
6914 http fetch GET 200 https://registry.npmjs.org/trough/-/trough-2.2.0.tgz 1216ms (cache miss)
6915 http fetch GET 200 https://registry.npmjs.org/which-boxed-primitive/-/which-boxed-primitive-1.1.1.tgz 1218ms (cache miss)
6916 http fetch GET 200 https://registry.npmjs.org/bail/-/bail-2.0.2.tgz 1226ms (cache miss)
6917 http fetch GET 200 https://registry.npmjs.org/extend/-/extend-3.0.2.tgz 1228ms (cache miss)
6918 http fetch GET 200 https://registry.npmjs.org/@types/d3-array/-/d3-array-3.2.2.tgz 1235ms (cache miss)
6919 http fetch GET 200 https://registry.npmjs.org/has-bigints/-/has-bigints-1.1.0.tgz 1232ms (cache miss)
6920 http fetch GET 200 https://registry.npmjs.org/@typescript-eslint/tsconfig-utils/-/tsconfig-utils-8.59.3.tgz 1239ms (cache miss)
6921 http fetch GET 200 https://registry.npmjs.org/@typescript-eslint/project-service/-/project-service-8.59.3.tgz 1269ms (cache miss)
6922 http fetch GET 200 https://registry.npmjs.org/which-builtin-type/-/which-builtin-type-1.2.1.tgz 1263ms (cache miss)
6923 http fetch GET 200 https://registry.npmjs.org/d3-color/-/d3-color-3.1.0.tgz 1293ms (cache miss)
6924 http fetch GET 200 https://registry.npmjs.org/@typescript-eslint/visitor-keys/-/visitor-keys-8.59.3.tgz 1268ms (cache miss)
6925 http fetch GET 200 https://registry.npmjs.org/reflect.getprototypeof/-/reflect.getprototypeof-1.0.10.tgz 1267ms (cache miss)
6926 http fetch GET 200 https://registry.npmjs.org/for-each/-/for-each-0.3.5.tgz 1270ms (cache miss)
6927 http fetch GET 200 https://registry.npmjs.org/tagged-tag/-/tagged-tag-1.0.0.tgz 1290ms (cache miss)
6928 http fetch GET 200 https://registry.npmjs.org/fsevents/-/fsevents-2.3.3.tgz 1314ms (cache miss)
6929 http fetch GET 200 https://registry.npmjs.org/util-deprecate/-/util-deprecate-1.0.2.tgz 1336ms (cache miss)
6930 http fetch GET 200 https://registry.npmjs.org/@types/d3-color/-/d3-color-3.1.3.tgz 1376ms (cache miss)
6931 http fetch GET 200 https://registry.npmjs.org/@types/d3-time/-/d3-time-3.0.4.tgz 1381ms (cache miss)
6932 http fetch GET 200 https://registry.npmjs.org/@types/d3-timer/-/d3-timer-3.0.2.tgz 1381ms (cache miss)
6933 http fetch GET 200 https://registry.npmjs.org/strip-bom/-/strip-bom-3.0.0.tgz 1358ms (cache miss)
6934 http fetch GET 200 https://registry.npmjs.org/is-number/-/is-number-7.0.0.tgz 1358ms (cache miss)
6935 http fetch GET 200 https://registry.npmjs.org/@types/d3-interpolate/-/d3-interpolate-3.0.4.tgz 1391ms (cache miss)
6936 http fetch GET 200 https://registry.npmjs.org/d3-ease/-/d3-ease-3.0.1.tgz 1396ms (cache miss)
6937 http fetch GET 200 https://registry.npmjs.org/@types/d3-shape/-/d3-shape-3.1.8.tgz 1396ms (cache miss)
6938 http fetch GET 200 https://registry.npmjs.org/@types/d3-scale/-/d3-scale-4.0.9.tgz 1396ms (cache miss)
6939 http fetch GET 200 https://registry.npmjs.org/string_decoder/-/string_decoder-1.3.0.tgz 1372ms (cache miss)
6940 http fetch GET 200 https://registry.npmjs.org/base64-js/-/base64-js-1.5.1.tgz 1373ms (cache miss)
6941 http fetch GET 200 https://registry.npmjs.org/esbuild/-/esbuild-0.28.0.tgz 1377ms (cache miss)
6942 http fetch GET 200 https://registry.npmjs.org/@types/d3-ease/-/d3-ease-3.0.2.tgz 1406ms (cache miss)
6943 http fetch GET 200 https://registry.npmjs.org/ts-api-utils/-/ts-api-utils-2.5.0.tgz 1399ms (cache miss)
6944 http fetch GET 200 https://registry.npmjs.org/inherits/-/inherits-2.0.4.tgz 1383ms (cache miss)
6945 http fetch GET 200 https://registry.npmjs.org/ieee754/-/ieee754-1.2.1.tgz 1387ms (cache miss)
6946 http fetch GET 200 https://registry.npmjs.org/@typescript-eslint/types/-/types-8.59.3.tgz 1409ms (cache miss)
6947 http fetch GET 200 https://registry.npmjs.org/fs-constants/-/fs-constants-1.0.0.tgz 1395ms (cache miss)
6948 http fetch GET 200 https://registry.npmjs.org/buffer/-/buffer-5.7.1.tgz 1395ms (cache miss)
6949 http fetch GET 200 https://registry.npmjs.org/tar-stream/-/tar-stream-2.2.0.tgz 1394ms (cache miss)
6950 http fetch GET 200 https://registry.npmjs.org/has-flag/-/has-flag-4.0.0.tgz 1397ms (cache miss)
6951 http fetch GET 200 https://registry.npmjs.org/character-entities-legacy/-/character-entities-legacy-3.0.0.tgz 1397ms (cache miss)
6952 http fetch GET 200 https://registry.npmjs.org/chownr/-/chownr-1.1.4.tgz 1402ms (cache miss)
6953 http fetch GET 200 https://registry.npmjs.org/client-only/-/client-only-0.0.1.tgz 1403ms (cache miss)
6954 http fetch GET 200 https://registry.npmjs.org/character-entities-html4/-/character-entities-html4-2.1.0.tgz 1402ms (cache miss)
6955 http fetch GET 200 https://registry.npmjs.org/simple-concat/-/simple-concat-1.0.1.tgz 1400ms (cache miss)
6956 http fetch GET 200 https://registry.npmjs.org/mimic-response/-/mimic-response-3.1.0.tgz 1400ms (cache miss)
6957 http fetch GET 200 https://registry.npmjs.org/bl/-/bl-4.1.0.tgz 1416ms (cache miss)
6958 http fetch GET 200 https://registry.npmjs.org/decompress-response/-/decompress-response-6.0.0.tgz 1410ms (cache miss)
6959 http fetch GET 200 https://registry.npmjs.org/side-channel-map/-/side-channel-map-1.0.1.tgz 1419ms (cache miss)
6960 http fetch GET 200 https://registry.npmjs.org/shebang-regex/-/shebang-regex-3.0.0.tgz 1420ms (cache miss)
6961 http fetch GET 200 https://registry.npmjs.org/side-channel-list/-/side-channel-list-1.0.1.tgz 1438ms (cache miss)
6962 http fetch GET 200 https://registry.npmjs.org/napi-postinstall/-/napi-postinstall-0.3.4.tgz 1478ms (cache miss)
6963 http fetch GET 200 https://registry.npmjs.org/isarray/-/isarray-2.0.5.tgz 1460ms (cache miss)
6964 http fetch GET 200 https://registry.npmjs.org/path-parse/-/path-parse-1.0.7.tgz 1459ms (cache miss)
6965 http fetch GET 200 https://registry.npmjs.org/d3-scale/-/d3-scale-4.0.2.tgz 1519ms (cache miss)
6966 http fetch GET 200 https://registry.npmjs.org/d3-interpolate/-/d3-interpolate-3.0.1.tgz 1534ms (cache miss)
6967 http fetch GET 200 https://registry.npmjs.org/@emnapi/wasi-threads/-/wasi-threads-1.2.1.tgz 1515ms (cache miss)
6968 http fetch GET 200 https://registry.npmjs.org/@img/colour/-/colour-1.1.0.tgz 1510ms (cache miss)
6969 http fetch GET 200 https://registry.npmjs.org/queue-microtask/-/queue-microtask-1.2.3.tgz 1509ms (cache miss)
6970 http fetch GET 200 https://registry.npmjs.org/supports-preserve-symlinks-flag/-/supports-preserve-symlinks-flag-1.0.0.tgz 1520ms (cache miss)
6971 http fetch GET 200 https://registry.npmjs.org/micromark-extension-gfm-tagfilter/-/micromark-extension-gfm-tagfilter-2.0.0.tgz 1537ms (cache miss)
6972 http fetch GET 200 https://registry.npmjs.org/@types/json5/-/json5-0.0.29.tgz 1572ms (cache miss)
6973 http fetch GET 200 https://registry.npmjs.org/micromark-extension-gfm-task-list-item/-/micromark-extension-gfm-task-list-item-2.1.0.tgz 1544ms (cache miss)
6974 http fetch GET 200 https://registry.npmjs.org/micromark-util-html-tag-name/-/micromark-util-html-tag-name-2.0.1.tgz 1556ms (cache miss)
6975 http fetch GET 200 https://registry.npmjs.org/micromark-extension-gfm-strikethrough/-/micromark-extension-gfm-strikethrough-2.1.0.tgz 1567ms (cache miss)
6976 http fetch GET 200 https://registry.npmjs.org/micromark-factory-whitespace/-/micromark-factory-whitespace-2.0.1.tgz 1577ms (cache miss)
6977 http fetch GET 200 https://registry.npmjs.org/node-exports-info/-/node-exports-info-1.6.0.tgz 1589ms (cache miss)
6978 http fetch GET 200 https://registry.npmjs.org/micromark-factory-title/-/micromark-factory-title-2.0.1.tgz 1580ms (cache miss)
6979 http fetch GET 200 https://registry.npmjs.org/micromark-factory-label/-/micromark-factory-label-2.0.1.tgz 1581ms (cache miss)
6980 http fetch GET 200 https://registry.npmjs.org/micromark-factory-destination/-/micromark-factory-destination-2.0.1.tgz 1587ms (cache miss)
6981 http fetch GET 200 https://registry.npmjs.org/micromark-factory-space/-/micromark-factory-space-2.0.1.tgz 1610ms (cache miss)
6982 http fetch GET 200 https://registry.npmjs.org/micromark-util-subtokenize/-/micromark-util-subtokenize-2.1.0.tgz 1611ms (cache miss)
6983 http fetch GET 200 https://registry.npmjs.org/micromark-util-resolve-all/-/micromark-util-resolve-all-2.0.1.tgz 1609ms (cache miss)
6984 http fetch GET 200 https://registry.npmjs.org/micromark-util-combine-extensions/-/micromark-util-combine-extensions-2.0.1.tgz 1621ms (cache miss)
6985 http fetch GET 200 https://registry.npmjs.org/micromark-util-chunked/-/micromark-util-chunked-2.0.1.tgz 1620ms (cache miss)
6986 http fetch GET 200 https://registry.npmjs.org/longest-streak/-/longest-streak-3.1.0.tgz 1638ms (cache miss)
6987 http fetch GET 200 https://registry.npmjs.org/@types/debug/-/debug-4.1.13.tgz 1650ms (cache miss)
6988 http fetch GET 200 https://registry.npmjs.org/micromark-util-classify-character/-/micromark-util-classify-character-2.0.1.tgz 1688ms (cache miss)
6989 http fetch GET 200 https://registry.npmjs.org/character-entities/-/character-entities-2.0.2.tgz 1686ms (cache miss)
6990 http fetch GET 200 https://registry.npmjs.org/markdown-table/-/markdown-table-3.0.4.tgz 1688ms (cache miss)
6991 http fetch GET 200 https://registry.npmjs.org/micromark-util-normalize-identifier/-/micromark-util-normalize-identifier-2.0.1.tgz 1696ms (cache miss)
6992 http fetch GET 200 https://registry.npmjs.org/unist-util-stringify-position/-/unist-util-stringify-position-4.0.0.tgz 1710ms (cache miss)
6993 http fetch GET 200 https://registry.npmjs.org/micromark-util-decode-numeric-character-reference/-/micromark-util-decode-numeric-character-reference-2.0.2.tgz 1711ms (cache miss)
6994 http fetch GET 200 https://registry.npmjs.org/decode-named-character-reference/-/decode-named-character-reference-1.3.0.tgz 1720ms (cache miss)
6995 http fetch GET 200 https://registry.npmjs.org/d3-time-format/-/d3-time-format-4.1.0.tgz 1811ms (cache miss)
6996 http fetch GET 200 https://registry.npmjs.org/micromark-util-decode-string/-/micromark-util-decode-string-2.0.1.tgz 1728ms (cache miss)
6997 http fetch GET 200 https://registry.npmjs.org/side-channel-weakmap/-/side-channel-weakmap-1.0.2.tgz 1772ms (cache miss)
6998 http fetch GET 200 https://registry.npmjs.org/mdast-util-find-and-replace/-/mdast-util-find-and-replace-3.0.2.tgz 1748ms (cache miss)
6999 http fetch GET 200 https://registry.npmjs.org/mdast-util-gfm-strikethrough/-/mdast-util-gfm-strikethrough-2.0.0.tgz 1755ms (cache miss)
7000 http fetch GET 200 https://registry.npmjs.org/mdast-util-gfm-task-list-item/-/mdast-util-gfm-task-list-item-2.0.0.tgz 1757ms (cache miss)
7001 http fetch GET 200 https://registry.npmjs.org/mdast-util-gfm-table/-/mdast-util-gfm-table-2.0.0.tgz 1768ms (cache miss)
7002 http fetch GET 200 https://registry.npmjs.org/mdast-util-gfm-footnote/-/mdast-util-gfm-footnote-2.1.0.tgz 1768ms (cache miss)
7003 http fetch GET 200 https://registry.npmjs.org/micromark-extension-gfm/-/micromark-extension-gfm-3.0.0.tgz 1773ms (cache miss)
7004 http fetch GET 200 https://registry.npmjs.org/mdast-util-gfm-autolink-literal/-/mdast-util-gfm-autolink-literal-2.0.1.tgz 1772ms (cache miss)
7005 http fetch GET 200 https://registry.npmjs.org/mdast-util-gfm/-/mdast-util-gfm-3.1.0.tgz 1773ms (cache miss)
7006 http fetch GET 200 https://registry.npmjs.org/@typescript-eslint/parser/-/parser-8.59.3.tgz 1846ms (cache miss)
7007 http fetch GET 200 https://registry.npmjs.org/micromark-util-character/-/micromark-util-character-2.1.1.tgz 1784ms (cache miss)
7008 http fetch GET 200 https://registry.npmjs.org/micromark-util-encode/-/micromark-util-encode-2.0.1.tgz 1783ms (cache miss)
7009 http fetch GET 200 https://registry.npmjs.org/micromark-util-types/-/micromark-util-types-2.0.2.tgz 1796ms (cache miss)
7010 http fetch GET 200 https://registry.npmjs.org/trim-lines/-/trim-lines-3.0.1.tgz 1794ms (cache miss)
7011 http fetch GET 200 https://registry.npmjs.org/unist-util-find-after/-/unist-util-find-after-5.0.0.tgz 1793ms (cache miss)
7012 http fetch GET 200 https://registry.npmjs.org/micromark-util-sanitize-uri/-/micromark-util-sanitize-uri-2.0.1.tgz 1795ms (cache miss)
7013 http fetch GET 200 https://registry.npmjs.org/zwitch/-/zwitch-2.0.4.tgz 1805ms (cache miss)
7014 http fetch GET 200 https://registry.npmjs.org/stringify-entities/-/stringify-entities-4.0.4.tgz 1805ms (cache miss)
7015 http fetch GET 200 https://registry.npmjs.org/trim-trailing-lines/-/trim-trailing-lines-2.1.0.tgz 1809ms (cache miss)
7016 http fetch GET 200 https://registry.npmjs.org/unist-util-position/-/unist-util-position-5.0.0.tgz 1811ms (cache miss)
7017 http fetch GET 200 https://registry.npmjs.org/html-void-elements/-/html-void-elements-3.0.0.tgz 1828ms (cache miss)
7018 http fetch GET 200 https://registry.npmjs.org/ccount/-/ccount-2.0.1.tgz 1830ms (cache miss)
7019 http fetch GET 200 https://registry.npmjs.org/rehype-minify-whitespace/-/rehype-minify-whitespace-6.0.2.tgz 1830ms (cache miss)
7020 http fetch GET 200 https://registry.npmjs.org/hast-util-to-text/-/hast-util-to-text-4.0.2.tgz 1828ms (cache miss)
7021 http fetch GET 200 https://registry.npmjs.org/mdast-util-phrasing/-/mdast-util-phrasing-4.1.0.tgz 1829ms (cache miss)
7022 http fetch GET 200 https://registry.npmjs.org/mdast-util-to-string/-/mdast-util-to-string-4.0.0.tgz 1846ms (cache miss)
7023 http fetch GET 200 https://registry.npmjs.org/readable-stream/-/readable-stream-3.6.2.tgz 1911ms (cache miss)
7024 http fetch GET 200 https://registry.npmjs.org/vfile-location/-/vfile-location-5.0.3.tgz 1844ms (cache miss)
7025 http fetch GET 200 https://registry.npmjs.org/vfile-message/-/vfile-message-4.0.3.tgz 1842ms (cache miss)
7026 http fetch GET 200 https://registry.npmjs.org/dequal/-/dequal-2.0.3.tgz 1844ms (cache miss)
7027 http fetch GET 200 https://registry.npmjs.org/hast-util-from-html/-/hast-util-from-html-2.0.3.tgz 1847ms (cache miss)
7028 http fetch GET 200 https://registry.npmjs.org/@emnapi/runtime/-/runtime-1.10.0.tgz 1915ms (cache miss)
7029 http fetch GET 200 https://registry.npmjs.org/devlop/-/devlop-1.1.0.tgz 1860ms (cache miss)
7030 http fetch GET 200 https://registry.npmjs.org/hast-util-is-body-ok-link/-/hast-util-is-body-ok-link-3.0.1.tgz 1860ms (cache miss)
7031 http fetch GET 200 https://registry.npmjs.org/micromark-extension-gfm-autolink-literal/-/micromark-extension-gfm-autolink-literal-2.1.0.tgz 1908ms (cache miss)
7032 http fetch GET 200 https://registry.npmjs.org/hast-util-from-parse5/-/hast-util-from-parse5-8.0.3.tgz 1867ms (cache miss)
7033 http fetch GET 200 https://registry.npmjs.org/hast-util-is-element/-/hast-util-is-element-3.0.0.tgz 1862ms (cache miss)
7034 http fetch GET 200 https://registry.npmjs.org/unist-util-visit-parents/-/unist-util-visit-parents-6.0.2.tgz 1862ms (cache miss)
7035 http fetch GET 200 https://registry.npmjs.org/html-whitespace-sensitive-tag-names/-/html-whitespace-sensitive-tag-names-3.0.1.tgz 1861ms (cache miss)
7036 http fetch GET 200 https://registry.npmjs.org/unist-util-is/-/unist-util-is-6.0.1.tgz 1862ms (cache miss)
7037 http fetch GET 200 https://registry.npmjs.org/hast-util-has-property/-/hast-util-has-property-3.0.0.tgz 1874ms (cache miss)
7038 http fetch GET 200 https://registry.npmjs.org/hast-util-whitespace/-/hast-util-whitespace-3.0.0.tgz 1870ms (cache miss)
7039 http fetch GET 200 https://registry.npmjs.org/redux-thunk/-/redux-thunk-3.1.0.tgz 1869ms (cache miss)
7040 http fetch GET 200 https://registry.npmjs.org/hast-util-phrasing/-/hast-util-phrasing-3.0.1.tgz 1872ms (cache miss)
7041 http fetch GET 200 https://registry.npmjs.org/micromark-extension-gfm-footnote/-/micromark-extension-gfm-footnote-2.1.0.tgz 1928ms (cache miss)
7042 http fetch GET 200 https://registry.npmjs.org/hast-util-minify-whitespace/-/hast-util-minify-whitespace-1.0.1.tgz 1882ms (cache miss)
7043 http fetch GET 200 https://registry.npmjs.org/hast-util-embedded/-/hast-util-embedded-3.0.0.tgz 1880ms (cache miss)
7044 http fetch GET 200 https://registry.npmjs.org/@standard-schema/utils/-/utils-0.3.0.tgz 1897ms (cache miss)
7045 http fetch GET 200 https://registry.npmjs.org/@img/sharp-darwin-x64/-/sharp-darwin-x64-0.34.5.tgz 1998ms (cache miss)
7046 http fetch GET 200 https://registry.npmjs.org/hast-util-format/-/hast-util-format-1.1.0.tgz 1947ms (cache miss)
7047 http fetch GET 200 https://registry.npmjs.org/eventemitter3/-/eventemitter3-5.0.4.tgz 1950ms (cache miss)
7048 http fetch GET 200 https://registry.npmjs.org/react-style-singleton/-/react-style-singleton-2.2.3.tgz 1994ms (cache miss)
7049 http fetch GET 200 https://registry.npmjs.org/get-nonce/-/get-nonce-1.0.1.tgz 1996ms (cache miss)
7050 http fetch GET 200 https://registry.npmjs.org/@napi-rs/snappy-darwin-x64/-/snappy-darwin-x64-7.3.3.tgz 2241ms (cache miss)
7051 http fetch GET 200 https://registry.npmjs.org/scheduler/-/scheduler-0.27.0.tgz 2178ms (cache miss)
7052 http fetch GET 200 https://registry.npmjs.org/@ungap/structured-clone/-/structured-clone-1.3.1.tgz 2218ms (cache miss)
7053 http fetch GET 200 https://registry.npmjs.org/wrappy/-/wrappy-1.0.2.tgz 2197ms (cache miss)
7054 http fetch GET 200 https://registry.npmjs.org/once/-/once-1.4.0.tgz 2197ms (cache miss)
7055 http fetch GET 200 https://registry.npmjs.org/end-of-stream/-/end-of-stream-1.4.5.tgz 2199ms (cache miss)
7056 http fetch GET 200 https://registry.npmjs.org/deep-extend/-/deep-extend-0.6.0.tgz 2210ms (cache miss)
7057 http fetch GET 200 https://registry.npmjs.org/@types/mdast/-/mdast-4.0.4.tgz 2241ms (cache miss)
7058 http fetch GET 200 https://registry.npmjs.org/destr/-/destr-2.0.5.tgz 2214ms (cache miss)
7059 http fetch GET 200 https://registry.npmjs.org/micromark-util-symbol/-/micromark-util-symbol-2.0.1.tgz 2269ms (cache miss)
7060 http fetch GET 200 https://registry.npmjs.org/w3c-keyname/-/w3c-keyname-2.2.8.tgz 2224ms (cache miss)
7061 http fetch GET 200 https://registry.npmjs.org/ini/-/ini-1.3.8.tgz 2240ms (cache miss)
7062 http fetch GET 200 https://registry.npmjs.org/tiny-invariant/-/tiny-invariant-1.3.3.tgz 2264ms (cache miss)
7063 http fetch GET 200 https://registry.npmjs.org/orderedmap/-/orderedmap-2.1.1.tgz 2249ms (cache miss)
7064 http fetch GET 200 https://registry.npmjs.org/object-assign/-/object-assign-4.1.1.tgz 2248ms (cache miss)
7065 http fetch GET 200 https://registry.npmjs.org/rope-sequence/-/rope-sequence-1.3.4.tgz 2249ms (cache miss)
7066 http fetch GET 200 https://registry.npmjs.org/loose-envify/-/loose-envify-1.4.0.tgz 2248ms (cache miss)
7067 http fetch GET 200 https://registry.npmjs.org/mdast-util-from-markdown/-/mdast-util-from-markdown-2.0.3.tgz 2309ms (cache miss)
7068 http fetch GET 200 https://registry.npmjs.org/is-property/-/is-property-1.0.2.tgz 2262ms (cache miss)
7069 http fetch GET 200 https://registry.npmjs.org/decimal.js-light/-/decimal.js-light-2.5.1.tgz 2283ms (cache miss)
7070 http fetch GET 200 https://registry.npmjs.org/named-placeholders/-/named-placeholders-1.1.6.tgz 2270ms (cache miss)
7071 http fetch GET 200 https://registry.npmjs.org/seq-queue/-/seq-queue-0.0.5.tgz 2270ms (cache miss)
7072 http fetch GET 200 https://registry.npmjs.org/generate-function/-/generate-function-2.3.1.tgz 2288ms (cache miss)
7073 http fetch GET 200 https://registry.npmjs.org/lru.min/-/lru.min-1.1.4.tgz 2295ms (cache miss)
7074 http fetch GET 200 https://registry.npmjs.org/sqlstring/-/sqlstring-2.3.3.tgz 2297ms (cache miss)
7075 http fetch GET 200 https://registry.npmjs.org/@standard-schema/spec/-/spec-1.1.0.tgz 2307ms (cache miss)
7076 http fetch GET 200 https://registry.npmjs.org/rc9/-/rc9-3.0.1.tgz 2306ms (cache miss)
7077 http fetch GET 200 https://registry.npmjs.org/perfect-debounce/-/perfect-debounce-2.1.0.tgz 2305ms (cache miss)
7078 http fetch GET 200 https://registry.npmjs.org/ohash/-/ohash-2.0.11.tgz 2326ms (cache miss)
7079 http fetch GET 200 https://registry.npmjs.org/defu/-/defu-6.1.7.tgz 2329ms (cache miss)
7080 http fetch GET 200 https://registry.npmjs.org/readdirp/-/readdirp-5.0.0.tgz 2339ms (cache miss)
7081 http fetch GET 200 https://registry.npmjs.org/pkg-types/-/pkg-types-2.3.1.tgz 2339ms (cache miss)
7082 http fetch GET 200 https://registry.npmjs.org/chokidar/-/chokidar-5.0.0.tgz 2339ms (cache miss)
7083 http fetch GET 200 https://registry.npmjs.org/exsolve/-/exsolve-1.0.8.tgz 2344ms (cache miss)
7084 http fetch GET 200 https://registry.npmjs.org/env-paths/-/env-paths-3.0.0.tgz 2343ms (cache miss)
7085 http fetch GET 200 https://registry.npmjs.org/zeptomatch/-/zeptomatch-2.1.0.tgz 2350ms (cache miss)
7086 http fetch GET 200 https://registry.npmjs.org/@unrs/resolver-binding-darwin-x64/-/resolver-binding-darwin-x64-1.11.1.tgz 2514ms (cache miss)
7087 http fetch GET 200 https://registry.npmjs.org/long/-/long-5.3.2.tgz 2397ms (cache miss)
7088 http fetch GET 200 https://registry.npmjs.org/proper-lockfile/-/proper-lockfile-4.1.2.tgz 2389ms (cache miss)
7089 http fetch GET 200 https://registry.npmjs.org/retry/-/retry-0.12.0.tgz 2435ms (cache miss)
7090 http fetch GET 200 https://registry.npmjs.org/@typescript-eslint/type-utils/-/type-utils-8.59.3.tgz 2557ms (cache miss)
7091 http fetch GET 200 https://registry.npmjs.org/std-env/-/std-env-3.10.0.tgz 2424ms (cache miss)
7092 http fetch GET 200 https://registry.npmjs.org/micromark-extension-gfm-table/-/micromark-extension-gfm-table-2.1.1.tgz 2537ms (cache miss)
7093 http fetch GET 200 https://registry.npmjs.org/@kurkle/color/-/color-0.3.4.tgz 2448ms (cache miss)
7094 http fetch GET 200 https://registry.npmjs.org/d3-array/-/d3-array-3.2.4.tgz 2596ms (cache miss)
7095 http fetch GET 200 https://registry.npmjs.org/foreground-child/-/foreground-child-3.3.1.tgz 2463ms (cache miss)
7096 http fetch GET 200 https://registry.npmjs.org/vfile/-/vfile-6.0.3.tgz 2526ms (cache miss)
7097 http fetch GET 200 https://registry.npmjs.org/@emnapi/core/-/core-1.10.0.tgz 2595ms (cache miss)
7098 http fetch GET 200 https://registry.npmjs.org/get-port-please/-/get-port-please-3.2.0.tgz 2479ms (cache miss)
7099 http fetch GET 200 https://registry.npmjs.org/aws-ssl-profiles/-/aws-ssl-profiles-1.1.2.tgz 2515ms (cache miss)
7100 http fetch GET 200 https://registry.npmjs.org/better-result/-/better-result-2.9.2.tgz 2524ms (cache miss)
7101 http fetch GET 200 https://registry.npmjs.org/@prisma/engines-version/-/engines-version-7.8.0-6.3c6e192761c0362d496ed980de936e2f3cebcd3a.tgz 2534ms (cache miss)
7102 http fetch GET 200 https://registry.npmjs.org/pathe/-/pathe-2.0.3.tgz 2539ms (cache miss)
7103 http fetch GET 200 https://registry.npmjs.org/giget/-/giget-3.2.0.tgz 2570ms (cache miss)
7104 http fetch GET 200 https://registry.npmjs.org/@radix-ui/react-toggle/-/react-toggle-1.1.10.tgz 2608ms (cache miss)
7105 http fetch GET 200 https://registry.npmjs.org/redux/-/redux-5.0.1.tgz 2674ms (cache miss)
7106 http fetch GET 200 https://registry.npmjs.org/empathic/-/empathic-2.0.0.tgz 2652ms (cache miss)
7107 http fetch GET 200 https://registry.npmjs.org/c12/-/c12-3.3.4.tgz 2682ms (cache miss)
7108 http fetch GET 200 https://registry.npmjs.org/react-remove-scroll-bar/-/react-remove-scroll-bar-2.3.8.tgz 2748ms (cache miss)
7109 http fetch GET 200 https://registry.npmjs.org/deepmerge-ts/-/deepmerge-ts-7.1.5.tgz 2704ms (cache miss)
7110 http fetch GET 200 https://registry.npmjs.org/confbox/-/confbox-0.2.4.tgz 2731ms (cache miss)
7111 http fetch GET 200 https://registry.npmjs.org/d3-shape/-/d3-shape-3.2.0.tgz 2890ms (cache miss)
7112 http fetch GET 200 https://registry.npmjs.org/reselect/-/reselect-5.1.1.tgz 2774ms (cache miss)
7113 http fetch GET 200 https://registry.npmjs.org/uri-js/-/uri-js-4.4.1.tgz 2929ms (cache miss)
7114 http fetch GET 200 https://registry.npmjs.org/@date-fns/tz/-/tz-1.4.1.tgz 2788ms (cache miss)
7115 http fetch GET 200 https://registry.npmjs.org/signal-exit/-/signal-exit-4.1.0.tgz 2807ms (cache miss)
7116 http fetch GET 200 https://registry.npmjs.org/valibot/-/valibot-1.2.0.tgz 2807ms (cache miss)
7117 http fetch GET 200 https://registry.npmjs.org/@tybys/wasm-util/-/wasm-util-0.10.2.tgz 2927ms (cache miss)
7118 http fetch GET 200 https://registry.npmjs.org/hast-util-to-html/-/hast-util-to-html-9.0.5.tgz 2880ms (cache miss)
7119 http fetch GET 200 https://registry.npmjs.org/immer/-/immer-10.2.0.tgz 2871ms (cache miss)
7120 http fetch GET 200 https://registry.npmjs.org/tunnel-agent/-/tunnel-agent-0.6.0.tgz 3071ms (cache miss)
7121 http fetch GET 200 https://registry.npmjs.org/tar-fs/-/tar-fs-2.1.4.tgz 3071ms (cache miss)
7122 http fetch GET 200 https://registry.npmjs.org/rc/-/rc-1.2.8.tgz 3073ms (cache miss)
7123 http fetch GET 200 https://registry.npmjs.org/simple-get/-/simple-get-4.0.1.tgz 3074ms (cache miss)
7124 http fetch GET 200 https://registry.npmjs.org/http-status-codes/-/http-status-codes-2.3.0.tgz 3094ms (cache miss)
7125 http fetch GET 200 https://registry.npmjs.org/node-abi/-/node-abi-3.92.0.tgz 3085ms (cache miss)
7126 http fetch GET 200 https://registry.npmjs.org/mkdirp-classic/-/mkdirp-classic-0.5.3.tgz 3111ms (cache miss)
7127 http fetch GET 200 https://registry.npmjs.org/pump/-/pump-3.0.4.tgz 3120ms (cache miss)
7128 http fetch GET 200 https://registry.npmjs.org/expand-template/-/expand-template-2.0.3.tgz 3146ms (cache miss)
7129 http fetch GET 200 https://registry.npmjs.org/nanoid/-/nanoid-3.3.12.tgz 3198ms (cache miss)
7130 http fetch GET 200 https://registry.npmjs.org/react-redux/-/react-redux-9.3.0.tgz 3274ms (cache miss)
7131 http fetch GET 200 https://registry.npmjs.org/@typescript-eslint/typescript-estree/-/typescript-estree-8.59.3.tgz 3390ms (cache miss)
7132 http fetch GET 200 https://registry.npmjs.org/@electric-sql/pglite-socket/-/pglite-socket-0.1.1.tgz 3261ms (cache miss)
7133 http fetch GET 200 https://registry.npmjs.org/@prisma/fetch-engine/-/fetch-engine-7.8.0.tgz 3276ms (cache miss)
7134 http fetch GET 200 https://registry.npmjs.org/use-sidecar/-/use-sidecar-1.1.3.tgz 3334ms (cache miss)
7135 http fetch GET 200 https://registry.npmjs.org/@prisma/streams-local/-/streams-local-0.1.2.tgz 3347ms (cache miss)
7136 http fetch GET 200 https://registry.npmjs.org/@prisma/config/-/config-7.8.0.tgz 3357ms (cache miss)
7137 http fetch GET 200 https://registry.npmjs.org/postgres/-/postgres-3.4.7.tgz 3370ms (cache miss)
7138 http fetch GET 200 https://registry.npmjs.org/napi-build-utils/-/napi-build-utils-2.0.0.tgz 3367ms (cache miss)
7139 http fetch GET 200 https://registry.npmjs.org/micromark/-/micromark-4.0.2.tgz 3482ms (cache miss)
7140 http fetch GET 200 https://registry.npmjs.org/p-limit/-/p-limit-3.1.0.tgz 3368ms (cache miss)
7141 http fetch GET 200 https://registry.npmjs.org/@typescript-eslint/utils/-/utils-8.59.3.tgz 3541ms (cache miss)
7142 http fetch GET 200 https://registry.npmjs.org/minimist/-/minimist-1.2.8.tgz 3372ms (cache miss)
7143 http fetch GET 200 https://registry.npmjs.org/callsites/-/callsites-3.1.0.tgz 3371ms (cache miss)
7144 http fetch GET 200 https://registry.npmjs.org/fast-levenshtein/-/fast-levenshtein-2.0.6.tgz 3371ms (cache miss)
7145 http fetch GET 200 https://registry.npmjs.org/yocto-queue/-/yocto-queue-0.1.0.tgz 3372ms (cache miss)
7146 http fetch GET 200 https://registry.npmjs.org/word-wrap/-/word-wrap-1.2.5.tgz 3378ms (cache miss)
7147 http fetch GET 200 https://registry.npmjs.org/use-callback-ref/-/use-callback-ref-1.3.3.tgz 3446ms (cache miss)
7148 http fetch GET 200 https://registry.npmjs.org/deep-is/-/deep-is-0.1.4.tgz 3387ms (cache miss)
7149 http fetch GET 200 https://registry.npmjs.org/@napi-rs/wasm-runtime/-/wasm-runtime-1.1.4.tgz 3566ms (cache miss)
7150 http fetch GET 200 https://registry.npmjs.org/github-from-package/-/github-from-package-0.0.0.tgz 3431ms (cache miss)
7151 http fetch GET 200 https://registry.npmjs.org/@prisma/engines/-/engines-7.8.0.tgz 3473ms (cache miss)
7152 http fetch GET 200 https://registry.npmjs.org/to-regex-range/-/to-regex-range-5.0.1.tgz 3462ms (cache miss)
7153 http fetch GET 200 https://registry.npmjs.org/balanced-match/-/balanced-match-1.0.2.tgz 3465ms (cache miss)
7154 http fetch GET 200 https://registry.npmjs.org/brace-expansion/-/brace-expansion-1.1.14.tgz 3464ms (cache miss)
7155 http fetch GET 200 https://registry.npmjs.org/safer-buffer/-/safer-buffer-2.1.2.tgz 3510ms (cache miss)
7156 http fetch GET 200 https://registry.npmjs.org/@prisma/get-platform/-/get-platform-7.2.0.tgz 3562ms (cache miss)
7157 http fetch GET 200 https://registry.npmjs.org/fill-range/-/fill-range-7.1.1.tgz 3530ms (cache miss)
7158 http fetch GET 200 https://registry.npmjs.org/picomatch/-/picomatch-2.3.2.tgz 3548ms (cache miss)
7159 http fetch GET 200 https://registry.npmjs.org/braces/-/braces-3.0.3.tgz 3554ms (cache miss)
7160 http fetch GET 200 https://registry.npmjs.org/denque/-/denque-2.1.0.tgz 3562ms (cache miss)
7161 http fetch GET 200 https://registry.npmjs.org/@electric-sql/pglite-tools/-/pglite-tools-0.3.1.tgz 3601ms (cache miss)
7162 http fetch GET 200 https://registry.npmjs.org/parse5/-/parse5-7.3.0.tgz 3683ms (cache miss)
7163 http fetch GET 200 https://registry.npmjs.org/@hono/node-server/-/node-server-1.19.11.tgz 3623ms (cache miss)
7164 http fetch GET 200 https://registry.npmjs.org/mdast-util-to-hast/-/mdast-util-to-hast-13.2.1.tgz 3701ms (cache miss)
7165 http fetch GET 200 https://registry.npmjs.org/p-locate/-/p-locate-5.0.0.tgz 3628ms (cache miss)
7166 http fetch GET 200 https://registry.npmjs.org/concat-map/-/concat-map-0.0.1.tgz 3653ms (cache miss)
7167 http fetch GET 200 https://registry.npmjs.org/yallist/-/yallist-3.1.1.tgz 3662ms (cache miss)
7168 http fetch GET 200 https://registry.npmjs.org/@next/env/-/env-16.2.4.tgz 3693ms (cache miss)
7169 http fetch GET 200 https://registry.npmjs.org/detect-libc/-/detect-libc-2.1.2.tgz 3687ms (cache miss)
7170 http fetch GET 200 https://registry.npmjs.org/isomorphic.js/-/isomorphic.js-0.2.5.tgz 3704ms (cache miss)
7171 http fetch GET 200 https://registry.npmjs.org/type-check/-/type-check-0.4.0.tgz 3731ms (cache miss)
7172 http fetch GET 200 https://registry.npmjs.org/sharp/-/sharp-0.34.5.tgz 3765ms (cache miss)
7173 http fetch GET 200 https://registry.npmjs.org/entities/-/entities-6.0.1.tgz 3864ms (cache miss)
7174 http fetch GET 200 https://registry.npmjs.org/prelude-ls/-/prelude-ls-1.2.1.tgz 3766ms (cache miss)
7175 http fetch GET 200 https://registry.npmjs.org/json-buffer/-/json-buffer-3.0.1.tgz 3784ms (cache miss)
7176 http fetch GET 200 https://registry.npmjs.org/@napi-rs/triples/-/triples-1.2.0.tgz 3835ms (cache miss)
7177 http fetch GET 200 https://registry.npmjs.org/ecdsa-sig-formatter/-/ecdsa-sig-formatter-1.0.11.tgz 3825ms (cache miss)
7178 http fetch GET 200 https://registry.npmjs.org/@types/geojson/-/geojson-7946.0.16.tgz 3850ms (cache miss)
7179 http fetch GET 200 https://registry.npmjs.org/pure-rand/-/pure-rand-6.1.0.tgz 3933ms (cache miss)
7180 http fetch GET 200 https://registry.npmjs.org/@prisma/query-plan-executor/-/query-plan-executor-7.2.0.tgz 3937ms (cache miss)
7181 http fetch GET 200 https://registry.npmjs.org/safe-buffer/-/safe-buffer-5.2.1.tgz 3892ms (cache miss)
7182 http fetch GET 200 https://registry.npmjs.org/buffer-equal-constant-time/-/buffer-equal-constant-time-1.0.1.tgz 3896ms (cache miss)
7183 http fetch GET 200 https://registry.npmjs.org/styled-jsx/-/styled-jsx-5.1.6.tgz 3929ms (cache miss)
7184 http fetch GET 200 https://registry.npmjs.org/jwa/-/jwa-2.0.1.tgz 3906ms (cache miss)
7185 http fetch GET 200 https://registry.npmjs.org/micromark-core-commonmark/-/micromark-core-commonmark-2.0.3.tgz 4078ms (cache miss)
7186 http fetch GET 200 https://registry.npmjs.org/lodash.isstring/-/lodash.isstring-4.0.1.tgz 3924ms (cache miss)
7187 http fetch GET 200 https://registry.npmjs.org/lodash.isnumber/-/lodash.isnumber-3.0.3.tgz 3934ms (cache miss)
7188 http fetch GET 200 https://registry.npmjs.org/lodash.once/-/lodash.once-4.1.1.tgz 3935ms (cache miss)
7189 http fetch GET 200 https://registry.npmjs.org/lodash.isboolean/-/lodash.isboolean-3.0.3.tgz 3936ms (cache miss)
7190 http fetch GET 200 https://registry.npmjs.org/lodash.isinteger/-/lodash.isinteger-4.0.4.tgz 3949ms (cache miss)
7191 http fetch GET 200 https://registry.npmjs.org/lodash.isplainobject/-/lodash.isplainobject-4.0.6.tgz 3969ms (cache miss)
7192 http fetch GET 200 https://registry.npmjs.org/hast-util-to-mdast/-/hast-util-to-mdast-10.1.2.tgz 4100ms (cache miss)
7193 http fetch GET 200 https://registry.npmjs.org/lodash.includes/-/lodash.includes-4.3.0.tgz 3977ms (cache miss)
7194 http fetch GET 200 https://registry.npmjs.org/jws/-/jws-4.0.1.tgz 3980ms (cache miss)
7195 http fetch GET 200 https://registry.npmjs.org/iconv-lite/-/iconv-lite-0.6.3.tgz 4002ms (cache miss)
7196 http fetch GET 200 https://registry.npmjs.org/is-extglob/-/is-extglob-2.1.1.tgz 4015ms (cache miss)
7197 http fetch GET 200 https://registry.npmjs.org/resolve-from/-/resolve-from-4.0.0.tgz 4017ms (cache miss)
7198 http fetch GET 200 https://registry.npmjs.org/parent-module/-/parent-module-1.0.1.tgz 4040ms (cache miss)
7199 http fetch GET 200 https://registry.npmjs.org/bignumber.js/-/bignumber.js-9.3.1.tgz 4049ms (cache miss)
7200 http fetch GET 200 https://registry.npmjs.org/argparse/-/argparse-2.0.1.tgz 4056ms (cache miss)
7201 http fetch GET 200 https://registry.npmjs.org/space-separated-tokens/-/space-separated-tokens-2.0.2.tgz 4054ms (cache miss)
7202 http fetch GET 200 https://registry.npmjs.org/side-channel/-/side-channel-1.1.0.tgz 4059ms (cache miss)
7203 http fetch GET 200 https://registry.npmjs.org/hast-util-parse-selector/-/hast-util-parse-selector-4.0.0.tgz 4119ms (cache miss)
7204 http fetch GET 200 https://registry.npmjs.org/web-namespaces/-/web-namespaces-2.0.1.tgz 4148ms (cache miss)
7205 http fetch GET 200 https://registry.npmjs.org/comma-separated-tokens/-/comma-separated-tokens-2.0.3.tgz 4147ms (cache miss)
7206 http fetch GET 200 https://registry.npmjs.org/resolve-pkg-maps/-/resolve-pkg-maps-1.0.0.tgz 4149ms (cache miss)
7207 http fetch GET 200 https://registry.npmjs.org/functions-have-names/-/functions-have-names-1.2.3.tgz 4152ms (cache miss)
7208 http fetch GET 200 https://registry.npmjs.org/hastscript/-/hastscript-9.0.1.tgz 4166ms (cache miss)
7209 http fetch GET 200 https://registry.npmjs.org/@node-rs/helper/-/helper-1.6.0.tgz 4210ms (cache miss)
7210 http fetch GET 200 https://registry.npmjs.org/dunder-proto/-/dunder-proto-1.0.1.tgz 4183ms (cache miss)
7211 http fetch GET 200 https://registry.npmjs.org/language-subtag-registry/-/language-subtag-registry-0.3.23.tgz 4224ms (cache miss)
7212 http fetch GET 200 https://registry.npmjs.org/flat-cache/-/flat-cache-4.0.1.tgz 4233ms (cache miss)
7213 http fetch GET 200 https://registry.npmjs.org/flatted/-/flatted-3.4.2.tgz 4234ms (cache miss)
7214 http fetch GET 200 https://registry.npmjs.org/mdast-util-to-markdown/-/mdast-util-to-markdown-2.1.2.tgz 4421ms (cache miss)
7215 http fetch GET 200 https://registry.npmjs.org/reusify/-/reusify-1.1.0.tgz 4259ms (cache miss)
7216 http fetch GET 200 https://registry.npmjs.org/fastq/-/fastq-1.20.1.tgz 4286ms (cache miss)
7217 http fetch GET 200 https://registry.npmjs.org/run-parallel/-/run-parallel-1.2.0.tgz 4287ms (cache miss)
7218 http fetch GET 200 https://registry.npmjs.org/locate-path/-/locate-path-6.0.0.tgz 4314ms (cache miss)
7219 http fetch GET 200 https://registry.npmjs.org/micromatch/-/micromatch-4.0.8.tgz 4342ms (cache miss)
7220 http fetch GET 200 https://registry.npmjs.org/hermes-estree/-/hermes-estree-0.25.1.tgz 4357ms (cache miss)
7221 http fetch GET 200 https://registry.npmjs.org/merge2/-/merge2-1.4.1.tgz 4378ms (cache miss)
7222 http fetch GET 200 https://registry.npmjs.org/property-information/-/property-information-7.1.0.tgz 4411ms (cache miss)
7223 http fetch GET 200 https://registry.npmjs.org/set-function-name/-/set-function-name-2.0.2.tgz 4425ms (cache miss)
7224 http fetch GET 200 https://registry.npmjs.org/path-exists/-/path-exists-4.0.0.tgz 4419ms (cache miss)
7225 http fetch GET 200 https://registry.npmjs.org/@esbuild/darwin-x64/-/darwin-x64-0.28.0.tgz 4646ms (cache miss)
7226 http fetch GET 200 https://registry.npmjs.org/@nodelib/fs.stat/-/fs.stat-2.0.5.tgz 4419ms (cache miss)
7227 http fetch GET 200 https://registry.npmjs.org/@antoniomuso/lz4-napi-darwin-x64/-/lz4-napi-darwin-x64-2.9.0.tgz 4496ms (cache miss)
7228 http fetch GET 200 https://registry.npmjs.org/keyv/-/keyv-4.5.4.tgz 4461ms (cache miss)
7229 http fetch GET 200 https://registry.npmjs.org/esrecurse/-/esrecurse-4.3.0.tgz 4452ms (cache miss)
7230 http fetch GET 200 https://registry.npmjs.org/update-browserslist-db/-/update-browserslist-db-1.2.3.tgz 4453ms (cache miss)
7231 http fetch GET 200 https://registry.npmjs.org/@nodelib/fs.walk/-/fs.walk-1.2.8.tgz 4459ms (cache miss)
7232 http fetch GET 200 https://registry.npmjs.org/mysql2/-/mysql2-3.15.3.tgz 4563ms (cache miss)
7233 http fetch GET 200 https://registry.npmjs.org/node-releases/-/node-releases-2.0.44.tgz 4485ms (cache miss)
7234 http fetch GET 200 https://registry.npmjs.org/@babel/helper-globals/-/helper-globals-7.28.0.tgz 4528ms (cache miss)
7235 http fetch GET 200 https://registry.npmjs.org/lru-cache/-/lru-cache-5.1.1.tgz 4528ms (cache miss)
7236 http fetch GET 200 https://registry.npmjs.org/baseline-browser-mapping/-/baseline-browser-mapping-2.10.29.tgz 4558ms (cache miss)
7237 http fetch GET 200 https://registry.npmjs.org/@babel/helper-validator-option/-/helper-validator-option-7.27.1.tgz 4574ms (cache miss)
7238 http fetch GET 200 https://registry.npmjs.org/chart.js/-/chart.js-4.5.1.tgz 4741ms (cache miss)
7239 http fetch GET 200 https://registry.npmjs.org/browserslist/-/browserslist-4.28.2.tgz 4638ms (cache miss)
7240 http fetch GET 200 https://registry.npmjs.org/electron-to-chromium/-/electron-to-chromium-1.5.357.tgz 4686ms (cache miss)
7241 http fetch GET 200 https://registry.npmjs.org/js-tokens/-/js-tokens-4.0.0.tgz 4689ms (cache miss)
7242 http fetch GET 200 https://registry.npmjs.org/acorn/-/acorn-8.16.0.tgz 4724ms (cache miss)
7243 http fetch GET 200 https://registry.npmjs.org/@babel/helper-string-parser/-/helper-string-parser-7.27.1.tgz 4733ms (cache miss)
7244 http fetch GET 200 https://registry.npmjs.org/jsesc/-/jsesc-3.1.0.tgz 4735ms (cache miss)
7245 http fetch GET 200 https://registry.npmjs.org/picocolors/-/picocolors-1.1.1.tgz 4744ms (cache miss)
7246 http fetch GET 200 https://registry.npmjs.org/gensync/-/gensync-1.0.0-beta.2.tgz 4741ms (cache miss)
7247 http fetch GET 200 https://registry.npmjs.org/convert-source-map/-/convert-source-map-2.0.0.tgz 4746ms (cache miss)
7248 http fetch GET 200 https://registry.npmjs.org/@babel/helper-validator-identifier/-/helper-validator-identifier-7.28.5.tgz 4784ms (cache miss)
7249 http fetch GET 200 https://registry.npmjs.org/@nodelib/fs.scandir/-/fs.scandir-2.1.5.tgz 4847ms (cache miss)
7250 http fetch GET 200 https://registry.npmjs.org/@babel/compat-data/-/compat-data-7.29.3.tgz 4856ms (cache miss)
7251 http fetch GET 200 https://registry.npmjs.org/@babel/template/-/template-7.28.6.tgz 4892ms (cache miss)
7252 http fetch GET 200 https://registry.npmjs.org/@babel/helper-module-transforms/-/helper-module-transforms-7.28.6.tgz 4902ms (cache miss)
7253 http fetch GET 200 https://registry.npmjs.org/json5/-/json5-2.2.3.tgz 4936ms (cache miss)
7254 http fetch GET 200 https://registry.npmjs.org/zod-validation-error/-/zod-validation-error-4.0.2.tgz 5047ms (cache miss)
7255 http fetch GET 200 https://registry.npmjs.org/string.prototype.repeat/-/string.prototype.repeat-1.0.0.tgz 5080ms (cache miss)
7256 http fetch GET 200 https://registry.npmjs.org/string.prototype.matchall/-/string.prototype.matchall-4.0.12.tgz 5115ms (cache miss)
7257 http fetch GET 200 https://registry.npmjs.org/@reduxjs/toolkit/-/toolkit-2.12.0.tgz 5289ms (cache miss)
7258 http fetch GET 200 https://registry.npmjs.org/@babel/code-frame/-/code-frame-7.29.0.tgz 5167ms (cache miss)
7259 http fetch GET 200 https://registry.npmjs.org/@babel/helper-compilation-targets/-/helper-compilation-targets-7.28.6.tgz 5182ms (cache miss)
7260 http fetch GET 200 https://registry.npmjs.org/prop-types/-/prop-types-15.8.1.tgz 5226ms (cache miss)
7261 http fetch GET 200 https://registry.npmjs.org/estraverse/-/estraverse-5.3.0.tgz 5230ms (cache miss)
7262 http fetch GET 200 https://registry.npmjs.org/@babel/helper-module-imports/-/helper-module-imports-7.28.6.tgz 5266ms (cache miss)
7263 http fetch GET 200 https://registry.npmjs.org/iterator.prototype/-/iterator.prototype-1.1.5.tgz 5233ms (cache miss)
7264 http fetch GET 200 https://registry.npmjs.org/string.prototype.includes/-/string.prototype.includes-2.0.1.tgz 5290ms (cache miss)
7265 http fetch GET 200 https://registry.npmjs.org/array.prototype.findlast/-/array.prototype.findlast-1.2.5.tgz 5294ms (cache miss)
7266 http fetch GET 200 https://registry.npmjs.org/@babel/generator/-/generator-7.29.1.tgz 5335ms (cache miss)
7267 http fetch GET 200 https://registry.npmjs.org/language-tags/-/language-tags-1.0.9.tgz 5343ms (cache miss)
7268 http fetch GET 200 https://registry.npmjs.org/damerau-levenshtein/-/damerau-levenshtein-1.0.8.tgz 5387ms (cache miss)
7269 http fetch GET 200 https://registry.npmjs.org/@babel/traverse/-/traverse-7.29.0.tgz 5445ms (cache miss)
7270 http fetch GET 200 https://registry.npmjs.org/object.entries/-/object.entries-1.1.9.tgz 5426ms (cache miss)
7271 http fetch GET 200 https://registry.npmjs.org/@typescript-eslint/scope-manager/-/scope-manager-8.59.3.tgz 5750ms (cache miss)
7272 http fetch GET 200 https://registry.npmjs.org/array.prototype.tosorted/-/array.prototype.tosorted-1.1.4.tgz 5493ms (cache miss)
7273 http fetch GET 200 https://registry.npmjs.org/is-date-object/-/is-date-object-1.1.0.tgz 5506ms (cache miss)
7274 http fetch GET 200 https://registry.npmjs.org/is-symbol/-/is-symbol-1.1.1.tgz 5527ms (cache miss)
7275 http fetch GET 200 https://registry.npmjs.org/@swc/helpers/-/helpers-0.5.15.tgz 5649ms (cache miss)
7276 http fetch GET 200 https://registry.npmjs.org/has-tostringtag/-/has-tostringtag-1.0.2.tgz 5547ms (cache miss)
7277 http fetch GET 200 https://registry.npmjs.org/possible-typed-array-names/-/possible-typed-array-names-1.1.0.tgz 5556ms (cache miss)
7278 http fetch GET 200 https://registry.npmjs.org/unbox-primitive/-/unbox-primitive-1.1.0.tgz 5595ms (cache miss)
7279 http fetch GET 200 https://registry.npmjs.org/typed-array-length/-/typed-array-length-1.0.7.tgz 5582ms (cache miss)
7280 http fetch GET 200 https://registry.npmjs.org/which-typed-array/-/which-typed-array-1.1.20.tgz 5674ms (cache miss)
7281 http fetch GET 200 https://registry.npmjs.org/emoji-regex/-/emoji-regex-9.2.2.tgz 5700ms (cache miss)
7282 http fetch GET 200 https://registry.npmjs.org/typed-array-byte-length/-/typed-array-byte-length-1.0.3.tgz 5674ms (cache miss)
7283 http fetch GET 200 https://registry.npmjs.org/typed-array-byte-offset/-/typed-array-byte-offset-1.0.4.tgz 5676ms (cache miss)
7284 http fetch GET 200 https://registry.npmjs.org/acorn-jsx/-/acorn-jsx-5.3.2.tgz 5678ms (cache miss)
7285 http fetch GET 200 https://registry.npmjs.org/stop-iteration-iterator/-/stop-iteration-iterator-1.1.0.tgz 5701ms (cache miss)
7286 http fetch GET 200 https://registry.npmjs.org/typed-array-buffer/-/typed-array-buffer-1.0.3.tgz 5729ms (cache miss)
7287 http fetch GET 200 https://registry.npmjs.org/safe-regex-test/-/safe-regex-test-1.1.0.tgz 5728ms (cache miss)
7288 http fetch GET 200 https://registry.npmjs.org/safe-push-apply/-/safe-push-apply-1.0.0.tgz 5728ms (cache miss)
7289 http fetch GET 200 https://registry.npmjs.org/set-proto/-/set-proto-1.0.0.tgz 5728ms (cache miss)
7290 http fetch GET 200 https://registry.npmjs.org/ast-types-flow/-/ast-types-flow-0.0.8.tgz 5758ms (cache miss)
7291 http fetch GET 200 https://registry.npmjs.org/safe-array-concat/-/safe-array-concat-1.1.4.tgz 5734ms (cache miss)
7292 http fetch GET 200 https://registry.npmjs.org/own-keys/-/own-keys-1.0.1.tgz 5734ms (cache miss)
7293 http fetch GET 200 https://registry.npmjs.org/string.prototype.trimstart/-/string.prototype.trimstart-1.0.8.tgz 5744ms (cache miss)
7294 http fetch GET 200 https://registry.npmjs.org/is-weakref/-/is-weakref-1.1.1.tgz 5769ms (cache miss)
7295 http fetch GET 200 https://registry.npmjs.org/is-shared-array-buffer/-/is-shared-array-buffer-1.0.4.tgz 5768ms (cache miss)
7296 http fetch GET 200 https://registry.npmjs.org/is-set/-/is-set-2.0.3.tgz 5771ms (cache miss)
7297 http fetch GET 200 https://registry.npmjs.org/is-typed-array/-/is-typed-array-1.1.15.tgz 5771ms (cache miss)
7298 http fetch GET 200 https://registry.npmjs.org/string.prototype.trim/-/string.prototype.trim-1.2.10.tgz 5798ms (cache miss)
7299 http fetch GET 200 https://registry.npmjs.org/is-data-view/-/is-data-view-1.0.2.tgz 5799ms (cache miss)
7300 http fetch GET 200 https://registry.npmjs.org/is-negative-zero/-/is-negative-zero-2.0.3.tgz 5803ms (cache miss)
7301 http fetch GET 200 https://registry.npmjs.org/is-regex/-/is-regex-1.2.1.tgz 5830ms (cache miss)
7302 http fetch GET 200 https://registry.npmjs.org/has-proto/-/has-proto-1.2.0.tgz 5833ms (cache miss)
7303 http fetch GET 200 https://registry.npmjs.org/internal-slot/-/internal-slot-1.1.0.tgz 5833ms (cache miss)
7304 http fetch GET 200 https://registry.npmjs.org/object.assign/-/object.assign-4.1.7.tgz 5848ms (cache miss)
7305 http fetch GET 200 https://registry.npmjs.org/regexp.prototype.flags/-/regexp.prototype.flags-1.5.4.tgz 5849ms (cache miss)
7306 http fetch GET 200 https://registry.npmjs.org/@babel/parser/-/parser-7.29.3.tgz 5903ms (cache miss)
7307 http fetch GET 200 https://registry.npmjs.org/is-callable/-/is-callable-1.2.7.tgz 5857ms (cache miss)
7308 http fetch GET 200 https://registry.npmjs.org/is-array-buffer/-/is-array-buffer-3.0.5.tgz 5863ms (cache miss)
7309 http fetch GET 200 https://registry.npmjs.org/has-symbols/-/has-symbols-1.1.0.tgz 5866ms (cache miss)
7310 http fetch GET 200 https://registry.npmjs.org/data-view-byte-length/-/data-view-byte-length-1.0.2.tgz 5882ms (cache miss)
7311 http fetch GET 200 https://registry.npmjs.org/data-view-byte-offset/-/data-view-byte-offset-1.0.1.tgz 5896ms (cache miss)
7312 http fetch GET 200 https://registry.npmjs.org/data-view-buffer/-/data-view-buffer-1.0.2.tgz 5898ms (cache miss)
7313 http fetch GET 200 https://registry.npmjs.org/get-symbol-description/-/get-symbol-description-1.1.0.tgz 5907ms (cache miss)
7314 http fetch GET 200 https://registry.npmjs.org/array-buffer-byte-length/-/array-buffer-byte-length-1.0.2.tgz 5908ms (cache miss)
7315 http fetch GET 200 https://registry.npmjs.org/globalthis/-/globalthis-1.0.4.tgz 5915ms (cache miss)
7316 http fetch GET 200 https://registry.npmjs.org/gopd/-/gopd-1.2.0.tgz 5911ms (cache miss)
7317 http fetch GET 200 https://registry.npmjs.org/arraybuffer.prototype.slice/-/arraybuffer.prototype.slice-1.0.4.tgz 5915ms (cache miss)
7318 http fetch GET 200 https://registry.npmjs.org/function.prototype.name/-/function.prototype.name-1.1.8.tgz 5938ms (cache miss)
7319 http fetch GET 200 https://registry.npmjs.org/has-property-descriptors/-/has-property-descriptors-1.0.2.tgz 5939ms (cache miss)
7320 http fetch GET 200 https://registry.npmjs.org/object-keys/-/object-keys-1.1.1.tgz 5943ms (cache miss)
7321 http fetch GET 200 https://registry.npmjs.org/set-function-length/-/set-function-length-1.2.2.tgz 5941ms (cache miss)
7322 http fetch GET 200 https://registry.npmjs.org/es-to-primitive/-/es-to-primitive-1.3.0.tgz 5952ms (cache miss)
7323 http fetch GET 200 https://registry.npmjs.org/es-define-property/-/es-define-property-1.0.1.tgz 5950ms (cache miss)
7324 http fetch GET 200 https://registry.npmjs.org/define-data-property/-/define-data-property-1.1.4.tgz 5956ms (cache miss)
7325 http fetch GET 200 https://registry.npmjs.org/hermes-parser/-/hermes-parser-0.25.1.tgz 6024ms (cache miss)
7326 http fetch GET 200 https://registry.npmjs.org/object-inspect/-/object-inspect-1.13.4.tgz 6009ms (cache miss)
7327 http fetch GET 200 https://registry.npmjs.org/math-intrinsics/-/math-intrinsics-1.1.0.tgz 5984ms (cache miss)
7328 http fetch GET 200 https://registry.npmjs.org/es-shim-unscopables/-/es-shim-unscopables-1.1.0.tgz 5985ms (cache miss)
7329 http fetch GET 200 https://registry.npmjs.org/call-bind-apply-helpers/-/call-bind-apply-helpers-1.0.2.tgz 5988ms (cache miss)
7330 http fetch GET 200 https://registry.npmjs.org/function-bind/-/function-bind-1.1.2.tgz 5989ms (cache miss)
7331 http fetch GET 200 https://registry.npmjs.org/is-string/-/is-string-1.1.1.tgz 6031ms (cache miss)
7332 http fetch GET 200 https://registry.npmjs.org/es-object-atoms/-/es-object-atoms-1.1.1.tgz 6032ms (cache miss)
7333 http fetch GET 200 https://registry.npmjs.org/es-set-tostringtag/-/es-set-tostringtag-2.1.0.tgz 6061ms (cache miss)
7334 http fetch GET 200 https://registry.npmjs.org/es-errors/-/es-errors-1.3.0.tgz 6076ms (cache miss)
7335 http fetch GET 200 https://registry.npmjs.org/@img/sharp-libvips-darwin-x64/-/sharp-libvips-darwin-x64-1.2.4.tgz 6392ms (cache miss)
7336 http fetch GET 200 https://registry.npmjs.org/available-typed-arrays/-/available-typed-arrays-1.0.7.tgz 6187ms (cache miss)
7337 http fetch GET 200 https://registry.npmjs.org/define-properties/-/define-properties-1.2.1.tgz 6191ms (cache miss)
7338 http fetch GET 200 https://registry.npmjs.org/call-bound/-/call-bound-1.0.4.tgz 6196ms (cache miss)
7339 http fetch GET 200 https://registry.npmjs.org/string.prototype.trimend/-/string.prototype.trimend-1.0.9.tgz 6215ms (cache miss)
7340 http fetch GET 200 https://registry.npmjs.org/call-bind/-/call-bind-1.0.9.tgz 6228ms (cache miss)
7341 http fetch GET 200 https://registry.npmjs.org/get-intrinsic/-/get-intrinsic-1.3.0.tgz 6245ms (cache miss)
7342 http fetch GET 200 https://registry.npmjs.org/hasown/-/hasown-2.0.3.tgz 6243ms (cache miss)
7343 http fetch GET 200 https://registry.npmjs.org/object.fromentries/-/object.fromentries-2.0.8.tgz 6245ms (cache miss)
7344 http fetch GET 200 https://registry.npmjs.org/object.groupby/-/object.groupby-1.0.3.tgz 6248ms (cache miss)
7345 http fetch GET 200 https://registry.npmjs.org/get-proto/-/get-proto-1.0.1.tgz 6272ms (cache miss)
7346 http fetch GET 200 https://registry.npmjs.org/semver/-/semver-6.3.1.tgz 6253ms (cache miss)
7347 http fetch GET 200 https://registry.npmjs.org/array.prototype.findlastindex/-/array.prototype.findlastindex-1.2.6.tgz 6259ms (cache miss)
7348 http fetch GET 200 https://registry.npmjs.org/stable-hash/-/stable-hash-0.0.5.tgz 6260ms (cache miss)
7349 http fetch GET 200 https://registry.npmjs.org/es-iterator-helpers/-/es-iterator-helpers-1.3.2.tgz 6345ms (cache miss)
7350 http fetch GET 200 https://registry.npmjs.org/tinyglobby/-/tinyglobby-0.2.16.tgz 6262ms (cache miss)
7351 http fetch GET 200 https://registry.npmjs.org/array-includes/-/array-includes-3.1.9.tgz 6267ms (cache miss)
7352 http fetch GET 200 https://registry.npmjs.org/is-bun-module/-/is-bun-module-2.0.0.tgz 6262ms (cache miss)
7353 http fetch GET 200 https://registry.npmjs.org/@rtsao/scc/-/scc-1.1.0.tgz 6265ms (cache miss)
7354 http fetch GET 200 https://registry.npmjs.org/unrs-resolver/-/unrs-resolver-1.11.1.tgz 6268ms (cache miss)
7355 http fetch GET 200 https://registry.npmjs.org/is-core-module/-/is-core-module-2.16.2.tgz 6273ms (cache miss)
7356 http fetch GET 200 https://registry.npmjs.org/typescript-eslint/-/typescript-eslint-8.59.3.tgz 6271ms (cache miss)
7357 http fetch GET 200 https://registry.npmjs.org/@nolyfill/is-core-module/-/is-core-module-1.0.39.tgz 6275ms (cache miss)
7358 http fetch GET 200 https://registry.npmjs.org/object.values/-/object.values-1.2.1.tgz 6293ms (cache miss)
7359 http fetch GET 200 https://registry.npmjs.org/array.prototype.flat/-/array.prototype.flat-1.3.3.tgz 6294ms (cache miss)
7360 http fetch GET 200 https://registry.npmjs.org/array.prototype.flatmap/-/array.prototype.flatmap-1.3.3.tgz 6305ms (cache miss)
7361 http fetch GET 200 https://registry.npmjs.org/eslint-import-resolver-node/-/eslint-import-resolver-node-0.3.10.tgz 6291ms (cache miss)
7362 http fetch GET 200 https://registry.npmjs.org/get-tsconfig/-/get-tsconfig-4.14.0.tgz 6312ms (cache miss)
7363 http fetch GET 200 https://registry.npmjs.org/doctrine/-/doctrine-2.1.0.tgz 6325ms (cache miss)
7364 http fetch GET 200 https://registry.npmjs.org/eslint-module-utils/-/eslint-module-utils-2.12.1.tgz 6326ms (cache miss)
7365 http fetch GET 200 https://registry.npmjs.org/ms/-/ms-2.1.3.tgz 6319ms (cache miss)
7366 http fetch GET 200 https://registry.npmjs.org/shebang-command/-/shebang-command-2.0.0.tgz 6324ms (cache miss)
7367 http fetch GET 200 https://registry.npmjs.org/victory-vendor/-/victory-vendor-37.3.6.tgz 6612ms (cache miss)
7368 http fetch GET 200 https://registry.npmjs.org/path-key/-/path-key-3.1.1.tgz 6337ms (cache miss)
7369 http fetch GET 200 https://registry.npmjs.org/color-name/-/color-name-1.1.4.tgz 6347ms (cache miss)
7370 http fetch GET 200 https://registry.npmjs.org/which/-/which-2.0.2.tgz 6352ms (cache miss)
7371 http fetch GET 200 https://registry.npmjs.org/eslint-import-resolver-typescript/-/eslint-import-resolver-typescript-3.10.1.tgz 6360ms (cache miss)
7372 http fetch GET 200 https://registry.npmjs.org/color-convert/-/color-convert-2.0.1.tgz 6388ms (cache miss)
7373 http fetch GET 200 https://registry.npmjs.org/supports-color/-/supports-color-7.2.0.tgz 6389ms (cache miss)
7374 http fetch GET 200 https://registry.npmjs.org/ansi-styles/-/ansi-styles-4.3.0.tgz 6389ms (cache miss)
7375 http fetch GET 200 https://registry.npmjs.org/@humanfs/types/-/types-0.15.0.tgz 6409ms (cache miss)
7376 http fetch GET 200 https://registry.npmjs.org/strip-json-comments/-/strip-json-comments-3.1.1.tgz 6412ms (cache miss)
7377 http fetch GET 200 https://registry.npmjs.org/import-fresh/-/import-fresh-3.3.1.tgz 6418ms (cache miss)
7378 http fetch GET 200 https://registry.npmjs.org/axe-core/-/axe-core-4.11.4.tgz 6549ms (cache miss)
7379 http fetch GET 200 https://registry.npmjs.org/@types/json-schema/-/json-schema-7.0.15.tgz 6450ms (cache miss)
7380 http fetch GET 200 https://registry.npmjs.org/levn/-/levn-0.4.1.tgz 6452ms (cache miss)
7381 http fetch GET 200 https://registry.npmjs.org/globals/-/globals-14.0.0.tgz 6507ms (cache miss)
7382 http fetch GET 200 https://registry.npmjs.org/@humanfs/core/-/core-0.19.2.tgz 6511ms (cache miss)
7383 http fetch GET 200 https://registry.npmjs.org/optionator/-/optionator-0.9.4.tgz 6508ms (cache miss)
7384 http fetch GET 200 https://registry.npmjs.org/ignore/-/ignore-5.3.2.tgz 6527ms (cache miss)
7385 http fetch GET 200 https://registry.npmjs.org/minimatch/-/minimatch-3.1.5.tgz 6529ms (cache miss)
7386 http fetch GET 200 https://registry.npmjs.org/imurmurhash/-/imurmurhash-0.1.4.tgz 6532ms (cache miss)
7387 http fetch GET 200 https://registry.npmjs.org/@eslint/object-schema/-/object-schema-2.1.7.tgz 6541ms (cache miss)
7388 http fetch GET 200 https://registry.npmjs.org/file-entry-cache/-/file-entry-cache-8.0.0.tgz 6546ms (cache miss)
7389 http fetch GET 200 https://registry.npmjs.org/is-glob/-/is-glob-4.0.3.tgz 6554ms (cache miss)
7390 http fetch GET 200 https://registry.npmjs.org/find-up/-/find-up-5.0.0.tgz 6553ms (cache miss)
7391 http fetch GET 200 https://registry.npmjs.org/json-stable-stringify-without-jsonify/-/json-stable-stringify-without-jsonify-1.0.1.tgz 6566ms (cache miss)
7392 http fetch GET 200 https://registry.npmjs.org/eslint-visitor-keys/-/eslint-visitor-keys-4.2.1.tgz 6621ms (cache miss)
7393 http fetch GET 200 https://registry.npmjs.org/espree/-/espree-10.4.0.tgz 6628ms (cache miss)
7394 http fetch GET 200 https://registry.npmjs.org/escape-string-regexp/-/escape-string-regexp-4.0.0.tgz 6628ms (cache miss)
7395 http fetch GET 200 https://registry.npmjs.org/jsx-ast-utils/-/jsx-ast-utils-3.3.5.tgz 6743ms (cache miss)
7396 http fetch GET 200 https://registry.npmjs.org/cross-spawn/-/cross-spawn-7.0.6.tgz 6644ms (cache miss)
7397 http fetch GET 200 https://registry.npmjs.org/esutils/-/esutils-2.0.3.tgz 6668ms (cache miss)
7398 http fetch GET 200 https://registry.npmjs.org/debug/-/debug-4.4.3.tgz 6669ms (cache miss)
7399 http fetch GET 200 https://registry.npmjs.org/@types/estree/-/estree-1.0.9.tgz 6676ms (cache miss)
7400 http fetch GET 200 https://registry.npmjs.org/js-yaml/-/js-yaml-4.1.1.tgz 6745ms (cache miss)
7401 http fetch GET 200 https://registry.npmjs.org/natural-compare/-/natural-compare-1.4.0.tgz 6727ms (cache miss)
7402 http fetch GET 200 https://registry.npmjs.org/esquery/-/esquery-1.7.0.tgz 6740ms (cache miss)
7403 http fetch GET 200 https://registry.npmjs.org/@humanfs/node/-/node-0.16.8.tgz 6739ms (cache miss)
7404 http fetch GET 200 https://registry.npmjs.org/eslint-scope/-/eslint-scope-8.4.0.tgz 6750ms (cache miss)
7405 http fetch GET 200 https://registry.npmjs.org/@eslint/js/-/js-9.39.4.tgz 6744ms (cache miss)
7406 http fetch GET 200 https://registry.npmjs.org/glob-parent/-/glob-parent-6.0.2.tgz 6757ms (cache miss)
7407 http fetch GET 200 https://registry.npmjs.org/@humanwhocodes/retry/-/retry-0.4.3.tgz 6761ms (cache miss)
7408 http fetch GET 200 https://registry.npmjs.org/@babel/core/-/core-7.29.0.tgz 6895ms (cache miss)
7409 http fetch GET 200 https://registry.npmjs.org/@prisma/dev/-/dev-0.24.3.tgz 7041ms (cache miss)
7410 http fetch GET 200 https://registry.npmjs.org/graceful-fs/-/graceful-fs-4.2.11.tgz 6820ms (cache miss)
7411 http fetch GET 200 https://registry.npmjs.org/@eslint/plugin-kit/-/plugin-kit-0.4.1.tgz 6828ms (cache miss)
7412 http fetch GET 200 https://registry.npmjs.org/@eslint/config-helpers/-/config-helpers-0.4.2.tgz 6823ms (cache miss)
7413 http fetch GET 200 https://registry.npmjs.org/file-uri-to-path/-/file-uri-to-path-1.0.0.tgz 6825ms (cache miss)
7414 http fetch GET 200 https://registry.npmjs.org/fast-glob/-/fast-glob-3.3.1.tgz 6873ms (cache miss)
7415 http fetch GET 200 https://registry.npmjs.org/tsconfig-paths/-/tsconfig-paths-3.15.0.tgz 6912ms (cache miss)
7416 http fetch GET 200 https://registry.npmjs.org/@eslint-community/regexpp/-/regexpp-4.12.2.tgz 6870ms (cache miss)
7417 http fetch GET 200 https://registry.npmjs.org/prebuild-install/-/prebuild-install-7.1.3.tgz 6871ms (cache miss)
7418 http fetch GET 200 https://registry.npmjs.org/@babel/types/-/types-7.29.0.tgz 7030ms (cache miss)
7419 warn deprecated prebuild-install@7.1.3: No longer maintained. Please contact the author of the relevant native addon; alternatives are available.
7420 http fetch GET 200 https://registry.npmjs.org/vlq/-/vlq-2.0.4.tgz 6887ms (cache miss)
7421 http fetch GET 200 https://registry.npmjs.org/bindings/-/bindings-1.5.0.tgz 6898ms (cache miss)
7422 http fetch GET 200 https://registry.npmjs.org/chalk/-/chalk-4.1.2.tgz 6923ms (cache miss)
7423 http fetch GET 200 https://registry.npmjs.org/tapable/-/tapable-2.3.3.tgz 6921ms (cache miss)
7424 http fetch GET 200 https://registry.npmjs.org/json-bigint/-/json-bigint-1.0.0.tgz 6933ms (cache miss)
7425 http fetch GET 200 https://registry.npmjs.org/@eslint-community/eslint-utils/-/eslint-utils-4.9.1.tgz 7019ms (cache miss)
7426 http fetch GET 200 https://registry.npmjs.org/js-sha256/-/js-sha256-0.9.0.tgz 7013ms (cache miss)
7427 http fetch GET 200 https://registry.npmjs.org/@humanwhocodes/module-importer/-/module-importer-1.0.1.tgz 7036ms (cache miss)
7428 http fetch GET 200 https://registry.npmjs.org/hi-base32/-/hi-base32-0.5.1.tgz 7028ms (cache miss)
7429 http fetch GET 200 https://registry.npmjs.org/@next/eslint-plugin-next/-/eslint-plugin-next-16.2.4.tgz 7072ms (cache miss)
7430 http fetch GET 200 https://registry.npmjs.org/eslint-plugin-react-hooks/-/eslint-plugin-react-hooks-7.1.1.tgz 7079ms (cache miss)
7431 http fetch GET 200 https://registry.npmjs.org/js-sha512/-/js-sha512-0.8.0.tgz 7032ms (cache miss)
7432 http fetch GET 200 https://registry.npmjs.org/js-sha3/-/js-sha3-0.8.0.tgz 7038ms (cache miss)
7433 http fetch GET 200 https://registry.npmjs.org/require-from-string/-/require-from-string-2.0.2.tgz 7039ms (cache miss)
7434 http fetch GET 200 https://registry.npmjs.org/json-schema-traverse/-/json-schema-traverse-1.0.0.tgz 7041ms (cache miss)
7435 http fetch GET 200 https://registry.npmjs.org/bn.js/-/bn.js-5.2.3.tgz 7046ms (cache miss)
7436 http fetch GET 200 https://registry.npmjs.org/@eslint/core/-/core-0.17.0.tgz 7081ms (cache miss)
7437 http fetch GET 200 https://registry.npmjs.org/snappy/-/snappy-7.3.3.tgz 7065ms (cache miss)
7438 http fetch GET 200 https://registry.npmjs.org/lz4-napi/-/lz4-napi-2.9.0.tgz 7123ms (cache miss)
7439 http fetch GET 200 https://registry.npmjs.org/@eslint/eslintrc/-/eslintrc-3.3.5.tgz 7162ms (cache miss)
7440 http fetch GET 200 https://registry.npmjs.org/lz-string/-/lz-string-1.5.0.tgz 7143ms (cache miss)
7441 http fetch GET 200 https://registry.npmjs.org/tweetnacl/-/tweetnacl-1.0.3.tgz 7160ms (cache miss)
7442 http fetch GET 200 https://registry.npmjs.org/fast-uri/-/fast-uri-3.1.2.tgz 7173ms (cache miss)
7443 http fetch GET 200 https://registry.npmjs.org/node-gyp-build/-/node-gyp-build-4.8.4.tgz 7246ms (cache miss)
7444 http fetch GET 200 https://registry.npmjs.org/node-addon-api/-/node-addon-api-8.7.0.tgz 7263ms (cache miss)
7445 http fetch GET 200 https://registry.npmjs.org/tslib/-/tslib-2.8.1.tgz 7288ms (cache miss)
7446 http fetch GET 200 https://registry.npmjs.org/@types/ms/-/ms-2.1.0.tgz 7292ms (cache miss)
7447 http fetch GET 200 https://registry.npmjs.org/remeda/-/remeda-2.33.4.tgz 7603ms (cache miss)
7448 http fetch GET 200 https://registry.npmjs.org/@eslint/config-array/-/config-array-0.21.2.tgz 7345ms (cache miss)
7449 http fetch GET 200 https://registry.npmjs.org/undici-types/-/undici-types-7.24.6.tgz 7349ms (cache miss)
7450 http fetch GET 200 https://registry.npmjs.org/@babel/helpers/-/helpers-7.29.2.tgz 7528ms (cache miss)
7451 http fetch GET 200 https://registry.npmjs.org/prosemirror-keymap/-/prosemirror-keymap-1.2.3.tgz 7353ms (cache miss)
7452 http fetch GET 200 https://registry.npmjs.org/csstype/-/csstype-3.2.3.tgz 7367ms (cache miss)
7453 http fetch GET 200 https://registry.npmjs.org/prosemirror-schema-list/-/prosemirror-schema-list-1.5.1.tgz 7366ms (cache miss)
7454 http fetch GET 200 https://registry.npmjs.org/resolve/-/resolve-2.0.0-next.7.tgz 7455ms (cache miss)
7455 http fetch GET 200 https://registry.npmjs.org/@typescript-eslint/eslint-plugin/-/eslint-plugin-8.59.3.tgz 7839ms (cache miss)
7456 http fetch GET 200 https://registry.npmjs.org/prosemirror-dropcursor/-/prosemirror-dropcursor-1.8.2.tgz 7403ms (cache miss)
7457 http fetch GET 200 https://registry.npmjs.org/prosemirror-gapcursor/-/prosemirror-gapcursor-1.4.1.tgz 7413ms (cache miss)
7458 http fetch GET 200 https://registry.npmjs.org/axobject-query/-/axobject-query-4.1.0.tgz 7579ms (cache miss)
7459 http fetch GET 200 https://registry.npmjs.org/prosemirror-commands/-/prosemirror-commands-1.7.1.tgz 7455ms (cache miss)
7460 http fetch GET 200 https://registry.npmjs.org/algo-msgpack-with-bigint/-/algo-msgpack-with-bigint-2.1.1.tgz 7495ms (cache miss)
7461 http fetch GET 200 https://registry.npmjs.org/fast-equals/-/fast-equals-5.4.0.tgz 7486ms (cache miss)
7462 http fetch GET 200 https://registry.npmjs.org/@noble/ciphers/-/ciphers-2.2.0.tgz 7543ms (cache miss)
7463 http fetch GET 200 https://registry.npmjs.org/@algorandfoundation/xhd-wallet-api/-/xhd-wallet-api-2.0.0-canary.1.tgz 7560ms (cache miss)
7464 http fetch GET 200 https://registry.npmjs.org/@types/unist/-/unist-3.0.3.tgz 7563ms (cache miss)
7465 http fetch GET 200 https://registry.npmjs.org/eslint-plugin-import/-/eslint-plugin-import-2.32.0.tgz 7629ms (cache miss)
7466 http fetch GET 200 https://registry.npmjs.org/prosemirror-changeset/-/prosemirror-changeset-2.4.1.tgz 7622ms (cache miss)
7467 http fetch GET 200 https://registry.npmjs.org/algorand-msgpack/-/algorand-msgpack-1.1.0.tgz 7662ms (cache miss)
7468 http fetch GET 200 https://registry.npmjs.org/@tiptap/extension-bubble-menu/-/extension-bubble-menu-3.23.4.tgz 7648ms (cache miss)
7469 http fetch GET 200 https://registry.npmjs.org/@jridgewell/sourcemap-codec/-/sourcemap-codec-1.5.5.tgz 7685ms (cache miss)
7470 http fetch GET 200 https://registry.npmjs.org/@noble/hashes/-/hashes-2.2.0.tgz 7706ms (cache miss)
7471 http fetch GET 200 https://registry.npmjs.org/@jridgewell/resolve-uri/-/resolve-uri-3.1.2.tgz 7698ms (cache miss)
7472 http fetch GET 200 https://registry.npmjs.org/source-map-js/-/source-map-js-1.2.1.tgz 7702ms (cache miss)
7473 http fetch GET 200 https://registry.npmjs.org/lightningcss/-/lightningcss-1.32.0.tgz 7712ms (cache miss)
7474 http fetch GET 200 https://registry.npmjs.org/@types/hast/-/hast-3.0.4.tgz 7902ms (cache miss)
7475 http fetch GET 200 https://registry.npmjs.org/@alloc/quick-lru/-/quick-lru-5.2.0.tgz 7904ms (cache miss)
7476 http fetch GET 200 https://registry.npmjs.org/@tiptap/extension-floating-menu/-/extension-floating-menu-3.23.4.tgz 7943ms (cache miss)
7477 http fetch GET 200 https://registry.npmjs.org/@jridgewell/gen-mapping/-/gen-mapping-0.3.13.tgz 7952ms (cache miss)
7478 http fetch GET 200 https://registry.npmjs.org/enhanced-resolve/-/enhanced-resolve-5.21.3.tgz 7984ms (cache miss)
7479 http fetch GET 200 https://registry.npmjs.org/postcss/-/postcss-8.5.14.tgz 7990ms (cache miss)
7480 http fetch GET 200 https://registry.npmjs.org/@tailwindcss/oxide/-/oxide-4.3.0.tgz 8014ms (cache miss)
7481 http fetch GET 200 https://registry.npmjs.org/jiti/-/jiti-2.7.0.tgz 8046ms (cache miss)
7482 http fetch GET 200 https://registry.npmjs.org/@jridgewell/trace-mapping/-/trace-mapping-0.3.31.tgz 8053ms (cache miss)
7483 http fetch GET 200 https://registry.npmjs.org/magic-string/-/magic-string-0.30.21.tgz 8053ms (cache miss)
7484 http fetch GET 200 https://registry.npmjs.org/aria-query/-/aria-query-5.3.2.tgz 8222ms (cache miss)
7485 http fetch GET 200 https://registry.npmjs.org/lightningcss-darwin-x64/-/lightningcss-darwin-x64-1.32.0.tgz 8340ms (cache miss)
7486 http fetch GET 200 https://registry.npmjs.org/pako/-/pako-2.1.0.tgz 8158ms (cache miss)
7487 http fetch GET 200 https://registry.npmjs.org/@radix-ui/react-use-effect-event/-/react-use-effect-event-0.0.2.tgz 8138ms (cache miss)
7488 http fetch GET 200 https://registry.npmjs.org/@tailwindcss/node/-/node-4.3.0.tgz 8158ms (cache miss)
7489 http fetch GET 200 https://registry.npmjs.org/@prisma/studio-core/-/studio-core-0.27.3.tgz 8559ms (cache miss)
7490 http fetch GET 200 https://registry.npmjs.org/@tailwindcss/oxide-darwin-x64/-/oxide-darwin-x64-4.3.0.tgz 8283ms (cache miss)
7491 http fetch GET 200 https://registry.npmjs.org/eslint-plugin-jsx-a11y/-/eslint-plugin-jsx-a11y-6.10.2.tgz 8357ms (cache miss)
7492 http fetch GET 200 https://registry.npmjs.org/@radix-ui/number/-/number-1.1.1.tgz 8298ms (cache miss)
7493 http fetch GET 200 https://registry.npmjs.org/@radix-ui/react-direction/-/react-direction-1.1.1.tgz 8309ms (cache miss)
7494 http fetch GET 200 https://registry.npmjs.org/@noble/curves/-/curves-2.2.0.tgz 8353ms (cache miss)
7495 http fetch GET 200 https://registry.npmjs.org/@radix-ui/react-use-previous/-/react-use-previous-1.1.1.tgz 8322ms (cache miss)
7496 http fetch GET 200 https://registry.npmjs.org/@radix-ui/rect/-/rect-1.1.1.tgz 8359ms (cache miss)
7497 http fetch GET 200 https://registry.npmjs.org/@shikijs/vscode-textmate/-/vscode-textmate-10.0.2.tgz 8385ms (cache miss)
7498 http fetch GET 200 https://registry.npmjs.org/@radix-ui/react-visually-hidden/-/react-visually-hidden-1.2.3.tgz 8418ms (cache miss)
7499 http fetch GET 200 https://registry.npmjs.org/@jridgewell/remapping/-/remapping-2.3.5.tgz 8448ms (cache miss)
7500 http fetch GET 200 https://registry.npmjs.org/aria-hidden/-/aria-hidden-1.2.6.tgz 8446ms (cache miss)
7501 http fetch GET 200 https://registry.npmjs.org/@radix-ui/react-popper/-/react-popper-1.2.8.tgz 8483ms (cache miss)
7502 http fetch GET 200 https://registry.npmjs.org/@radix-ui/react-use-layout-effect/-/react-use-layout-effect-1.1.1.tgz 8560ms (cache miss)
7503 http fetch GET 200 https://registry.npmjs.org/@radix-ui/react-arrow/-/react-arrow-1.1.7.tgz 8593ms (cache miss)
7504 http fetch GET 200 https://registry.npmjs.org/@radix-ui/react-use-size/-/react-use-size-1.1.1.tgz 8610ms (cache miss)
7505 http fetch GET 200 https://registry.npmjs.org/@radix-ui/react-focus-scope/-/react-focus-scope-1.1.7.tgz 8602ms (cache miss)
7506 http fetch GET 200 https://registry.npmjs.org/@radix-ui/react-use-escape-keydown/-/react-use-escape-keydown-1.1.1.tgz 8613ms (cache miss)
7507 http fetch GET 200 https://registry.npmjs.org/@electric-sql/pglite/-/pglite-0.4.1.tgz 8960ms (cache miss)
7508 http fetch GET 200 https://registry.npmjs.org/@radix-ui/react-use-rect/-/react-use-rect-1.1.1.tgz 8657ms (cache miss)
7509 http fetch GET 200 https://registry.npmjs.org/eslint-plugin-react/-/eslint-plugin-react-7.37.5.tgz 8813ms (cache miss)
7510 http fetch GET 200 https://registry.npmjs.org/@radix-ui/react-menu/-/react-menu-2.1.16.tgz 8748ms (cache miss)
7511 http fetch GET 200 https://registry.npmjs.org/@radix-ui/react-roving-focus/-/react-roving-focus-1.1.11.tgz 8754ms (cache miss)
7512 http fetch GET 200 https://registry.npmjs.org/@radix-ui/react-context/-/react-context-1.1.2.tgz 8781ms (cache miss)
7513 http fetch GET 200 https://registry.npmjs.org/better-sqlite3/-/better-sqlite3-12.10.0.tgz 8829ms (cache miss)
7514 http fetch GET 200 https://registry.npmjs.org/@radix-ui/react-use-callback-ref/-/react-use-callback-ref-1.1.1.tgz 8833ms (cache miss)
7515 http fetch GET 200 https://registry.npmjs.org/@radix-ui/react-collection/-/react-collection-1.1.7.tgz 8857ms (cache miss)
7516 http fetch GET 200 https://registry.npmjs.org/hono/-/hono-4.12.19.tgz 9194ms (cache miss)
7517 http fetch GET 200 https://registry.npmjs.org/@radix-ui/react-presence/-/react-presence-1.1.5.tgz 8899ms (cache miss)
7518 http fetch GET 200 https://registry.npmjs.org/@radix-ui/react-portal/-/react-portal-1.1.9.tgz 8907ms (cache miss)
7519 http fetch GET 200 https://registry.npmjs.org/@radix-ui/react-primitive/-/react-primitive-2.1.3.tgz 8952ms (cache miss)
7520 http fetch GET 200 https://registry.npmjs.org/@radix-ui/react-use-controllable-state/-/react-use-controllable-state-1.2.2.tgz 8956ms (cache miss)
7521 http fetch GET 200 https://registry.npmjs.org/prosemirror-history/-/prosemirror-history-1.5.0.tgz 8973ms (cache miss)
7522 http fetch GET 200 https://registry.npmjs.org/react-number-format/-/react-number-format-5.4.5.tgz 8978ms (cache miss)
7523 http fetch GET 200 https://registry.npmjs.org/use-sync-external-store/-/use-sync-external-store-1.6.0.tgz 9020ms (cache miss)
7524 http fetch GET 200 https://registry.npmjs.org/@prisma/debug/-/debug-7.8.0.tgz 9037ms (cache miss)
7525 http fetch GET 200 https://registry.npmjs.org/@radix-ui/react-id/-/react-id-1.1.1.tgz 9040ms (cache miss)
7526 http fetch GET 200 https://registry.npmjs.org/@radix-ui/react-focus-guards/-/react-focus-guards-1.1.3.tgz 9048ms (cache miss)
7527 http fetch GET 200 https://registry.npmjs.org/lodash.merge/-/lodash.merge-4.6.2.tgz 9043ms (cache miss)
7528 http fetch GET 200 https://registry.npmjs.org/@radix-ui/react-compose-refs/-/react-compose-refs-1.1.2.tgz 9096ms (cache miss)
7529 http fetch GET 200 https://registry.npmjs.org/tabbable/-/tabbable-6.4.0.tgz 9092ms (cache miss)
7530 http fetch GET 200 https://registry.npmjs.org/@radix-ui/react-dismissable-layer/-/react-dismissable-layer-1.1.11.tgz 9140ms (cache miss)
7531 http fetch GET 200 https://registry.npmjs.org/react-remove-scroll/-/react-remove-scroll-2.7.2.tgz 9172ms (cache miss)
7532 http fetch GET 200 https://registry.npmjs.org/@floating-ui/dom/-/dom-1.7.6.tgz 9173ms (cache miss)
7533 http fetch GET 200 https://registry.npmjs.org/mariadb/-/mariadb-3.4.5.tgz 9211ms (cache miss)
7534 http fetch GET 200 https://registry.npmjs.org/@radix-ui/primitive/-/primitive-1.1.3.tgz 9276ms (cache miss)
7535 http fetch GET 200 https://registry.npmjs.org/y-prosemirror/-/y-prosemirror-1.3.7.tgz 9269ms (cache miss)
7536 http fetch GET 200 https://registry.npmjs.org/unist-util-visit/-/unist-util-visit-5.1.0.tgz 9280ms (cache miss)
7537 http fetch GET 200 https://registry.npmjs.org/@floating-ui/react-dom/-/react-dom-2.1.8.tgz 9294ms (cache miss)
7538 http fetch GET 200 https://registry.npmjs.org/remark-rehype/-/remark-rehype-11.1.2.tgz 9289ms (cache miss)
7539 http fetch GET 200 https://registry.npmjs.org/remark-gfm/-/remark-gfm-4.0.1.tgz 9312ms (cache miss)
7540 http fetch GET 200 https://registry.npmjs.org/type-fest/-/type-fest-5.6.0.tgz 9341ms (cache miss)
7541 http fetch GET 200 https://registry.npmjs.org/rehype-stringify/-/rehype-stringify-10.0.1.tgz 9328ms (cache miss)
7542 http fetch GET 200 https://registry.npmjs.org/rehype-remark/-/rehype-remark-10.0.1.tgz 9352ms (cache miss)
7543 http fetch GET 200 https://registry.npmjs.org/@types/use-sync-external-store/-/use-sync-external-store-1.5.0.tgz 9380ms (cache miss)
7544 http fetch GET 200 https://registry.npmjs.org/rehype-parse/-/rehype-parse-9.0.1.tgz 9385ms (cache miss)
7545 http fetch GET 200 https://registry.npmjs.org/@prisma/client-runtime-utils/-/client-runtime-utils-7.8.0.tgz 9412ms (cache miss)
7546 http fetch GET 200 https://registry.npmjs.org/@floating-ui/core/-/core-1.7.5.tgz 9417ms (cache miss)
7547 http fetch GET 200 https://registry.npmjs.org/prosemirror-highlight/-/prosemirror-highlight-0.15.1.tgz 9435ms (cache miss)
7548 http fetch GET 200 https://registry.npmjs.org/@tanstack/react-store/-/react-store-0.7.7.tgz 9466ms (cache miss)
7549 http fetch GET 200 https://registry.npmjs.org/caniuse-lite/-/caniuse-lite-1.0.30001792.tgz 9730ms (cache miss)
7550 http fetch GET 200 https://registry.npmjs.org/hast-util-from-dom/-/hast-util-from-dom-5.0.1.tgz 9480ms (cache miss)
7551 http fetch GET 200 https://registry.npmjs.org/ajv/-/ajv-8.20.0.tgz 9553ms (cache miss)
7552 http fetch GET 200 https://registry.npmjs.org/@prisma/driver-adapter-utils/-/driver-adapter-utils-7.8.0.tgz 9513ms (cache miss)
7553 http fetch GET 200 https://registry.npmjs.org/@floating-ui/utils/-/utils-0.2.11.tgz 9556ms (cache miss)
7554 http fetch GET 200 https://registry.npmjs.org/prosemirror-transform/-/prosemirror-transform-1.12.0.tgz 9576ms (cache miss)
7555 http fetch GET 200 https://registry.npmjs.org/rehype-format/-/rehype-format-5.0.1.tgz 9652ms (cache miss)
7556 http fetch GET 200 https://registry.npmjs.org/yjs/-/yjs-13.6.30.tgz 9746ms (cache miss)
7557 http fetch GET 200 https://registry.npmjs.org/remark-stringify/-/remark-stringify-11.0.0.tgz 9742ms (cache miss)
7558 http fetch GET 200 https://registry.npmjs.org/unified/-/unified-11.0.5.tgz 9756ms (cache miss)
7559 http fetch GET 200 https://registry.npmjs.org/y-protocols/-/y-protocols-1.0.7.tgz 9806ms (cache miss)
7560 http fetch GET 200 https://registry.npmjs.org/prosemirror-tables/-/prosemirror-tables-1.8.5.tgz 9802ms (cache miss)
7561 http fetch GET 200 https://registry.npmjs.org/emoji-mart/-/emoji-mart-5.6.0.tgz 9839ms (cache miss)
7562 http fetch GET 200 https://registry.npmjs.org/@floating-ui/react/-/react-0.27.19.tgz 9926ms (cache miss)
7563 http fetch GET 200 https://registry.npmjs.org/fast-deep-equal/-/fast-deep-equal-3.1.3.tgz 9932ms (cache miss)
7564 http fetch GET 200 https://registry.npmjs.org/@tiptap/react/-/react-3.23.4.tgz 9965ms (cache miss)
7565 http fetch GET 200 https://registry.npmjs.org/remark-parse/-/remark-parse-11.0.0.tgz 9975ms (cache miss)
7566 http fetch GET 200 https://registry.npmjs.org/@tiptap/pm/-/pm-3.23.4.tgz 9971ms (cache miss)
7567 http fetch GET 200 https://registry.npmjs.org/@tiptap/extension-paragraph/-/extension-paragraph-3.23.4.tgz 10075ms (cache miss)
7568 http fetch GET 200 https://registry.npmjs.org/prosemirror-state/-/prosemirror-state-1.4.4.tgz 10069ms (cache miss)
7569 http fetch GET 200 https://registry.npmjs.org/@tiptap/extension-strike/-/extension-strike-3.23.4.tgz 10094ms (cache miss)
7570 http fetch GET 200 https://registry.npmjs.org/@tiptap/extension-italic/-/extension-italic-3.23.4.tgz 10097ms (cache miss)
7571 http fetch GET 200 https://registry.npmjs.org/@shikijs/types/-/types-4.0.2.tgz 10114ms (cache miss)
7572 http fetch GET 200 https://registry.npmjs.org/@tiptap/extension-underline/-/extension-underline-3.23.4.tgz 10223ms (cache miss)
7573 http fetch GET 200 https://registry.npmjs.org/@tiptap/extensions/-/extensions-3.23.4.tgz 10242ms (cache miss)
7574 http fetch GET 200 https://registry.npmjs.org/@tiptap/extension-horizontal-rule/-/extension-horizontal-rule-3.23.4.tgz 10267ms (cache miss)
7575 http fetch GET 200 https://registry.npmjs.org/prosemirror-model/-/prosemirror-model-1.25.6.tgz 10277ms (cache miss)
7576 http fetch GET 200 https://registry.npmjs.org/@tiptap/extension-text/-/extension-text-3.23.4.tgz 10314ms (cache miss)
7577 http fetch GET 200 https://registry.npmjs.org/@tiptap/extension-code/-/extension-code-3.23.4.tgz 10475ms (cache miss)
7578 http fetch GET 200 https://registry.npmjs.org/@tiptap/extension-bold/-/extension-bold-3.23.4.tgz 10477ms (cache miss)
7579 http fetch GET 200 https://registry.npmjs.org/tsx/-/tsx-4.22.0.tgz 10473ms (cache miss)
7580 http fetch GET 200 https://registry.npmjs.org/@tanstack/store/-/store-0.7.7.tgz 10553ms (cache miss)
7581 http fetch GET 200 https://registry.npmjs.org/tailwindcss/-/tailwindcss-4.3.0.tgz 10550ms (cache miss)
7582 http fetch GET 200 https://registry.npmjs.org/@handlewithcare/prosemirror-inputrules/-/prosemirror-inputrules-0.1.4.tgz 10603ms (cache miss)
7583 http fetch GET 200 https://registry.npmjs.org/lib0/-/lib0-0.2.117.tgz 10626ms (cache miss)
7584 http fetch GET 200 https://registry.npmjs.org/sonner/-/sonner-2.0.7.tgz 10672ms (cache miss)
7585 http fetch GET 200 https://registry.npmjs.org/tailwind-merge/-/tailwind-merge-3.6.0.tgz 10713ms (cache miss)
7586 http fetch GET 200 https://registry.npmjs.org/prosemirror-view/-/prosemirror-view-1.41.8.tgz 10722ms (cache miss)
7587 http fetch GET 200 https://registry.npmjs.org/react-is/-/react-is-19.2.6.tgz 10720ms (cache miss)
7588 http fetch GET 200 https://registry.npmjs.org/next-themes/-/next-themes-0.4.6.tgz 10722ms (cache miss)
7589 http fetch GET 200 https://registry.npmjs.org/jsonwebtoken/-/jsonwebtoken-9.0.3.tgz 10725ms (cache miss)
7590 http fetch GET 200 https://registry.npmjs.org/eslint-config-next/-/eslint-config-next-16.2.4.tgz 10753ms (cache miss)
7591 http fetch GET 200 https://registry.npmjs.org/nodemailer/-/nodemailer-8.0.7.tgz 10813ms (cache miss)
7592 http fetch GET 200 https://registry.npmjs.org/clsx/-/clsx-2.1.1.tgz 10830ms (cache miss)
7593 http fetch GET 200 https://registry.npmjs.org/marked/-/marked-18.0.3.tgz 10853ms (cache miss)
7594 http fetch GET 200 https://registry.npmjs.org/dotenv/-/dotenv-17.4.2.tgz 10877ms (cache miss)
7595 http fetch GET 200 https://registry.npmjs.org/fast-check/-/fast-check-3.23.2.tgz 11287ms (cache miss)
7596 http fetch GET 200 https://registry.npmjs.org/bcrypt/-/bcrypt-6.0.0.tgz 11408ms (cache miss)
7597 http fetch GET 200 https://registry.npmjs.org/@types/react/-/react-19.2.14.tgz 11415ms (cache miss)
7598 http fetch GET 200 https://registry.npmjs.org/@types/react-dom/-/react-dom-19.2.3.tgz 11603ms (cache miss)
7599 http fetch GET 200 https://registry.npmjs.org/@types/jsonwebtoken/-/jsonwebtoken-9.0.10.tgz 11626ms (cache miss)
7600 http fetch GET 200 https://registry.npmjs.org/blocknote/-/blocknote-0.1.4.tgz 11647ms (cache miss)
7601 http fetch GET 200 https://registry.npmjs.org/algosdk/-/algosdk-3.5.2.tgz 11751ms (cache miss)
7602 http fetch GET 200 https://registry.npmjs.org/@types/bcrypt/-/bcrypt-6.0.0.tgz 11683ms (cache miss)
7603 http fetch GET 200 https://registry.npmjs.org/@tailwindcss/postcss/-/postcss-4.3.0.tgz 11704ms (cache miss)
7604 http fetch GET 200 https://registry.npmjs.org/es-abstract/-/es-abstract-1.24.2.tgz 11921ms (cache miss)
7605 http fetch GET 200 https://registry.npmjs.org/@radix-ui/react-tabs/-/react-tabs-1.1.13.tgz 11926ms (cache miss)
7606 http fetch GET 200 https://registry.npmjs.org/@radix-ui/react-slot/-/react-slot-1.2.4.tgz 12004ms (cache miss)
7607 http fetch GET 200 https://registry.npmjs.org/@radix-ui/react-switch/-/react-switch-1.2.6.tgz 12099ms (cache miss)
7608 http fetch GET 200 https://registry.npmjs.org/@radix-ui/react-popover/-/react-popover-1.1.15.tgz 12153ms (cache miss)
7609 http fetch GET 200 https://registry.npmjs.org/eslint/-/eslint-9.39.4.tgz 12163ms (cache miss)
7610 http fetch GET 200 https://registry.npmjs.org/@tiptap/core/-/core-3.23.4.tgz 12199ms (cache miss)
7611 http fetch GET 200 https://registry.npmjs.org/@types/nodemailer/-/nodemailer-8.0.0.tgz 12359ms (cache miss)
7612 http fetch GET 200 https://registry.npmjs.org/zod/-/zod-4.4.3.tgz 12411ms (cache miss)
7613 http fetch GET 200 https://registry.npmjs.org/@radix-ui/react-select/-/react-select-2.2.6.tgz 12616ms (cache miss)
7614 http fetch GET 200 https://registry.npmjs.org/recharts/-/recharts-3.8.1.tgz 12671ms (cache miss)
7615 http fetch GET 200 https://registry.npmjs.org/@radix-ui/react-dropdown-menu/-/react-dropdown-menu-2.1.16.tgz 12681ms (cache miss)
7616 http fetch GET 200 https://registry.npmjs.org/@prisma/adapter-mariadb/-/adapter-mariadb-7.8.0.tgz 12690ms (cache miss)
7617 http fetch GET 200 https://registry.npmjs.org/react/-/react-19.2.4.tgz 12737ms (cache miss)
7618 http fetch GET 200 https://registry.npmjs.org/@radix-ui/react-dialog/-/react-dialog-1.1.15.tgz 12750ms (cache miss)
7619 http fetch GET 200 https://registry.npmjs.org/react-day-picker/-/react-day-picker-10.0.1.tgz 12877ms (cache miss)
7620 http fetch GET 200 https://registry.npmjs.org/@types/node/-/node-25.8.0.tgz 12897ms (cache miss)
7621 http fetch GET 200 https://registry.npmjs.org/eslint-visitor-keys/-/eslint-visitor-keys-5.0.1.tgz 13443ms (cache miss)
7622 http fetch GET 200 https://registry.npmjs.org/es-toolkit/-/es-toolkit-1.46.1.tgz 13880ms (cache miss)
7623 http fetch GET 200 https://registry.npmjs.org/brace-expansion/-/brace-expansion-5.0.6.tgz 13501ms (cache miss)
7624 http fetch GET 200 https://registry.npmjs.org/ignore/-/ignore-7.0.5.tgz 13559ms (cache miss)
7625 http fetch GET 200 https://registry.npmjs.org/semver/-/semver-7.8.0.tgz 13565ms (cache miss)
7626 http fetch GET 200 https://registry.npmjs.org/minimatch/-/minimatch-10.2.5.tgz 13650ms (cache miss)
7627 http fetch GET 200 https://registry.npmjs.org/balanced-match/-/balanced-match-4.0.4.tgz 13716ms (cache miss)
7628 http fetch GET 200 https://registry.npmjs.org/@blocknote/mantine/-/mantine-0.50.0.tgz 13761ms (cache miss)
7629 http fetch GET 200 https://registry.npmjs.org/escape-string-regexp/-/escape-string-regexp-5.0.0.tgz 13796ms (cache miss)
7630 http fetch GET 200 https://registry.npmjs.org/@types/use-sync-external-store/-/use-sync-external-store-0.0.6.tgz 13958ms (cache miss)
7631 http fetch GET 200 https://registry.npmjs.org/signal-exit/-/signal-exit-3.0.7.tgz 13975ms (cache miss)
7632 http fetch GET 200 https://registry.npmjs.org/typescript/-/typescript-5.9.3.tgz 14092ms (cache miss)
7633 http fetch GET 200 https://registry.npmjs.org/iconv-lite/-/iconv-lite-0.7.2.tgz 14085ms (cache miss)
7634 http fetch GET 200 https://registry.npmjs.org/strip-json-comments/-/strip-json-comments-2.0.1.tgz 14114ms (cache miss)
7635 http fetch GET 200 https://registry.npmjs.org/@prisma/get-platform/-/get-platform-7.8.0.tgz 14150ms (cache miss)
7636 http fetch GET 200 https://registry.npmjs.org/immer/-/immer-11.1.8.tgz 14230ms (cache miss)
7637 http fetch GET 200 https://registry.npmjs.org/react-is/-/react-is-16.13.1.tgz 14228ms (cache miss)
7638 http fetch GET 200 https://registry.npmjs.org/semver/-/semver-7.8.0.tgz 14254ms (cache miss)
7639 http fetch GET 200 https://registry.npmjs.org/json5/-/json5-1.0.2.tgz 14255ms (cache miss)
7640 http fetch GET 200 https://registry.npmjs.org/fdir/-/fdir-6.5.0.tgz 14272ms (cache miss)
7641 http fetch GET 200 https://registry.npmjs.org/semver/-/semver-7.8.0.tgz 14288ms (cache miss)
7642 http fetch GET 200 https://registry.npmjs.org/glob-parent/-/glob-parent-5.1.2.tgz 14307ms (cache miss)
7643 http fetch GET 200 https://registry.npmjs.org/@prisma/get-platform/-/get-platform-7.8.0.tgz 14327ms (cache miss)
7644 http fetch GET 200 https://registry.npmjs.org/debug/-/debug-3.2.7.tgz 14338ms (cache miss)
7645 http fetch GET 200 https://registry.npmjs.org/json-schema-traverse/-/json-schema-traverse-0.4.1.tgz 14361ms (cache miss)
7646 http fetch GET 200 https://registry.npmjs.org/@prisma/debug/-/debug-7.2.0.tgz 14374ms (cache miss)
7647 http fetch GET 200 https://registry.npmjs.org/debug/-/debug-3.2.7.tgz 14388ms (cache miss)
7648 http fetch GET 200 https://registry.npmjs.org/semver/-/semver-7.8.0.tgz 14392ms (cache miss)
7649 http fetch GET 200 https://registry.npmjs.org/eslint-visitor-keys/-/eslint-visitor-keys-3.4.3.tgz 14409ms (cache miss)
7650 http fetch GET 200 https://registry.npmjs.org/picomatch/-/picomatch-4.0.4.tgz 14482ms (cache miss)
7651 http fetch GET 200 https://registry.npmjs.org/@mantine/hooks/-/hooks-9.2.1.tgz 14516ms (cache miss)
7652 http fetch GET 200 https://registry.npmjs.org/undici-types/-/undici-types-7.16.0.tgz 14532ms (cache miss)
7653 http fetch GET 200 https://registry.npmjs.org/debug/-/debug-3.2.7.tgz 14566ms (cache miss)
7654 warn tar ENOENT: Cannot cd into '/Users/abdulwahab/Sites/cherrywood/node_modules/next/node_modules/postcss'
7655 silly tar mr [CwdError]: ENOENT: Cannot cd into '/Users/abdulwahab/Sites/cherrywood/node_modules/next/node_modules/postcss'
7655 silly tar     at /usr/local/lib/node_modules/npm/node_modules/tar/dist/commonjs/index.min.js:3:40861
7655 silly tar     at callback (/usr/local/lib/node_modules/npm/node_modules/graceful-fs/polyfills.js:306:20)
7655 silly tar     at FSReqCallback.oncomplete (node:fs:190:21) {
7655 silly tar   path: '/Users/abdulwahab/Sites/cherrywood/node_modules/next/node_modules/postcss',
7655 silly tar   code: 'ENOENT',
7655 silly tar   syscall: 'chdir'
7655 silly tar }
7656 warn tarball tarball data for postcss@https://registry.npmjs.org/postcss/-/postcss-8.4.31.tgz (sha512-PS08Iboia9mts/2ygV3eLpY5ghnUcfLV/EXTOW1E2qYxJKGGBUtNjN76FYHnMs36RmARn41bC0AZmn+rR0OVpQ==) seems to be corrupted. Trying again.
7657 http fetch GET 200 https://registry.npmjs.org/ajv/-/ajv-6.15.0.tgz 14664ms (cache miss)
7658 http fetch GET 200 https://registry.npmjs.org/@radix-ui/react-slot/-/react-slot-1.2.3.tgz 14681ms (cache miss)
7659 http fetch GET 200 https://registry.npmjs.org/@radix-ui/react-slot/-/react-slot-1.2.3.tgz 14687ms (cache miss)
7660 warn tar ENOENT: Cannot cd into '/Users/abdulwahab/Sites/cherrywood/node_modules/jsonwebtoken/node_modules/semver'
7661 silly tar mr [CwdError]: ENOENT: Cannot cd into '/Users/abdulwahab/Sites/cherrywood/node_modules/jsonwebtoken/node_modules/semver'
7661 silly tar     at /usr/local/lib/node_modules/npm/node_modules/tar/dist/commonjs/index.min.js:3:40861
7661 silly tar     at callback (/usr/local/lib/node_modules/npm/node_modules/graceful-fs/polyfills.js:306:20)
7661 silly tar     at FSReqCallback.oncomplete (node:fs:190:21) {
7661 silly tar   path: '/Users/abdulwahab/Sites/cherrywood/node_modules/jsonwebtoken/node_modules/semver',
7661 silly tar   code: 'ENOENT',
7661 silly tar   syscall: 'chdir'
7661 silly tar }
7662 warn tarball tarball data for semver@https://registry.npmjs.org/semver/-/semver-7.8.0.tgz (sha512-AcM7dV/5ul4EekoQ29Agm5vri8JNqRyj39o0qpX6vDF2GZrtutZl5RwgD1XnZjiTAfncsJhMI48QQH3sN87YNA==) seems to be corrupted. Trying again.
7663 http fetch GET 200 https://registry.npmjs.org/@types/use-sync-external-store/-/use-sync-external-store-0.0.6.tgz 14745ms (cache miss)
7664 http cache https://registry.npmjs.org/semver/-/semver-7.8.0.tgz 19ms (cache hit)
7665 warn tar ENOENT: Cannot cd into '/Users/abdulwahab/Sites/cherrywood/node_modules/jsonwebtoken/node_modules/semver'
7666 silly tar mr [CwdError]: ENOENT: Cannot cd into '/Users/abdulwahab/Sites/cherrywood/node_modules/jsonwebtoken/node_modules/semver'
7666 silly tar     at /usr/local/lib/node_modules/npm/node_modules/tar/dist/commonjs/index.min.js:3:40861
7666 silly tar     at callback (/usr/local/lib/node_modules/npm/node_modules/graceful-fs/polyfills.js:306:20)
7666 silly tar     at FSReqCallback.oncomplete (node:fs:190:21) {
7666 silly tar   path: '/Users/abdulwahab/Sites/cherrywood/node_modules/jsonwebtoken/node_modules/semver',
7666 silly tar   code: 'ENOENT',
7666 silly tar   syscall: 'chdir'
7666 silly tar }
7667 warn tarball tarball data for semver@https://registry.npmjs.org/semver/-/semver-7.8.0.tgz (sha512-AcM7dV/5ul4EekoQ29Agm5vri8JNqRyj39o0qpX6vDF2GZrtutZl5RwgD1XnZjiTAfncsJhMI48QQH3sN87YNA==) seems to be corrupted. Trying again.
7668 http fetch GET 200 https://registry.npmjs.org/lru-cache/-/lru-cache-10.4.3.tgz 14768ms (cache miss)
7669 warn tar ENOENT: Cannot cd into '/Users/abdulwahab/Sites/cherrywood/node_modules/eslint-config-next/node_modules/globals'
7670 silly tar mr [CwdError]: ENOENT: Cannot cd into '/Users/abdulwahab/Sites/cherrywood/node_modules/eslint-config-next/node_modules/globals'
7670 silly tar     at /usr/local/lib/node_modules/npm/node_modules/tar/dist/commonjs/index.min.js:3:40861
7670 silly tar     at callback (/usr/local/lib/node_modules/npm/node_modules/graceful-fs/polyfills.js:306:20)
7670 silly tar     at FSReqCallback.oncomplete (node:fs:190:21) {
7670 silly tar   path: '/Users/abdulwahab/Sites/cherrywood/node_modules/eslint-config-next/node_modules/globals',
7670 silly tar   code: 'ENOENT',
7670 silly tar   syscall: 'chdir'
7670 silly tar }
7671 warn tarball tarball data for globals@https://registry.npmjs.org/globals/-/globals-16.4.0.tgz (sha512-ob/2LcVVaVGCYN+r14cnwnoDPUufjiYgSqRhiFD0Q1iI4Odora5RE8Iv1D24hAz5oMophRGkGz+yuvQmmUMnMw==) seems to be corrupted. Trying again.
7672 warn tar ENOENT: Cannot cd into '/Users/abdulwahab/Sites/cherrywood/node_modules/eslint/node_modules/ajv'
7673 silly tar mr [CwdError]: ENOENT: Cannot cd into '/Users/abdulwahab/Sites/cherrywood/node_modules/eslint/node_modules/ajv'
7673 silly tar     at /usr/local/lib/node_modules/npm/node_modules/tar/dist/commonjs/index.min.js:3:40861
7673 silly tar     at callback (/usr/local/lib/node_modules/npm/node_modules/graceful-fs/polyfills.js:306:20)
7673 silly tar     at FSReqCallback.oncomplete (node:fs:190:21) {
7673 silly tar   path: '/Users/abdulwahab/Sites/cherrywood/node_modules/eslint/node_modules/ajv',
7673 silly tar   code: 'ENOENT',
7673 silly tar   syscall: 'chdir'
7673 silly tar }
7674 warn tarball tarball data for ajv@https://registry.npmjs.org/ajv/-/ajv-6.15.0.tgz (sha512-fgFx7Hfoq60ytK2c7DhnF8jIvzYgOMxfugjLOSMHjLIPgenqa7S7oaagATUq99mV6IYvN2tRmC0wnTYX6iPbMw==) seems to be corrupted. Trying again.
7675 warn tarball tarball data for ajv@https://registry.npmjs.org/ajv/-/ajv-6.15.0.tgz (sha512-fgFx7Hfoq60ytK2c7DhnF8jIvzYgOMxfugjLOSMHjLIPgenqa7S7oaagATUq99mV6IYvN2tRmC0wnTYX6iPbMw==) seems to be corrupted. Trying again.
7676 warn tar ENOENT: Cannot cd into '/Users/abdulwahab/Sites/cherrywood/node_modules/@radix-ui/react-select/node_modules/@radix-ui/react-slot'
7677 silly tar mr [CwdError]: ENOENT: Cannot cd into '/Users/abdulwahab/Sites/cherrywood/node_modules/@radix-ui/react-select/node_modules/@radix-ui/react-slot'
7677 silly tar     at /usr/local/lib/node_modules/npm/node_modules/tar/dist/commonjs/index.min.js:3:40861
7677 silly tar     at callback (/usr/local/lib/node_modules/npm/node_modules/graceful-fs/polyfills.js:306:20)
7677 silly tar     at FSReqCallback.oncomplete (node:fs:190:21) {
7677 silly tar   path: '/Users/abdulwahab/Sites/cherrywood/node_modules/@radix-ui/react-select/node_modules/@radix-ui/react-slot',
7677 silly tar   code: 'ENOENT',
7677 silly tar   syscall: 'chdir'
7677 silly tar }
7678 warn tarball tarball data for @radix-ui/react-slot@https://registry.npmjs.org/@radix-ui/react-slot/-/react-slot-1.2.3.tgz (sha512-aeNmHnBxbi2St0au6VBVC7JXFlhLlOnvIIlePNniyUNAClzmtAUEY8/pBiK3iHjufOlwA+c20/8jngo7xcrg8A==) seems to be corrupted. Trying again.
7679 http fetch GET 200 https://registry.npmjs.org/@radix-ui/react-slot/-/react-slot-1.2.3.tgz 14830ms (cache miss)
7680 warn tar ENOENT: Cannot cd into '/Users/abdulwahab/Sites/cherrywood/node_modules/@radix-ui/react-dialog/node_modules/@radix-ui/react-slot'
7681 silly tar mr [CwdError]: ENOENT: Cannot cd into '/Users/abdulwahab/Sites/cherrywood/node_modules/@radix-ui/react-dialog/node_modules/@radix-ui/react-slot'
7681 silly tar     at /usr/local/lib/node_modules/npm/node_modules/tar/dist/commonjs/index.min.js:3:40861
7681 silly tar     at callback (/usr/local/lib/node_modules/npm/node_modules/graceful-fs/polyfills.js:306:20)
7681 silly tar     at FSReqCallback.oncomplete (node:fs:190:21) {
7681 silly tar   path: '/Users/abdulwahab/Sites/cherrywood/node_modules/@radix-ui/react-dialog/node_modules/@radix-ui/react-slot',
7681 silly tar   code: 'ENOENT',
7681 silly tar   syscall: 'chdir'
7681 silly tar }
7682 warn tarball tarball data for @radix-ui/react-slot@https://registry.npmjs.org/@radix-ui/react-slot/-/react-slot-1.2.3.tgz (sha512-aeNmHnBxbi2St0au6VBVC7JXFlhLlOnvIIlePNniyUNAClzmtAUEY8/pBiK3iHjufOlwA+c20/8jngo7xcrg8A==) seems to be corrupted. Trying again.
7683 http fetch GET 200 https://registry.npmjs.org/@blocknote/react/-/react-0.50.0.tgz 14933ms (cache miss)
7684 http fetch GET 200 https://registry.npmjs.org/@radix-ui/react-slot/-/react-slot-1.2.3.tgz 14915ms (cache miss)
7685 warn tar ENOENT: Cannot cd into '/Users/abdulwahab/Sites/cherrywood/node_modules/@radix-ui/react-popover/node_modules/@radix-ui/react-slot'
7686 silly tar mr [CwdError]: ENOENT: Cannot cd into '/Users/abdulwahab/Sites/cherrywood/node_modules/@radix-ui/react-popover/node_modules/@radix-ui/react-slot'
7686 silly tar     at /usr/local/lib/node_modules/npm/node_modules/tar/dist/commonjs/index.min.js:3:40861
7686 silly tar     at callback (/usr/local/lib/node_modules/npm/node_modules/graceful-fs/polyfills.js:306:20)
7686 silly tar     at FSReqCallback.oncomplete (node:fs:190:21) {
7686 silly tar   path: '/Users/abdulwahab/Sites/cherrywood/node_modules/@radix-ui/react-popover/node_modules/@radix-ui/react-slot',
7686 silly tar   code: 'ENOENT',
7686 silly tar   syscall: 'chdir'
7686 silly tar }
7687 warn tarball tarball data for @radix-ui/react-slot@https://registry.npmjs.org/@radix-ui/react-slot/-/react-slot-1.2.3.tgz (sha512-aeNmHnBxbi2St0au6VBVC7JXFlhLlOnvIIlePNniyUNAClzmtAUEY8/pBiK3iHjufOlwA+c20/8jngo7xcrg8A==) seems to be corrupted. Trying again.
7688 http fetch GET 200 https://registry.npmjs.org/@types/node/-/node-24.12.4.tgz 14956ms (cache miss)
7689 http fetch GET 200 https://registry.npmjs.org/@radix-ui/react-slot/-/react-slot-1.2.3.tgz 14960ms (cache miss)
7690 http fetch GET 200 https://registry.npmjs.org/@hono%2fnode-server 14574ms (cache miss)
7691 silly packumentCache corgi:https://registry.npmjs.org/@hono%2fnode-server set size:undefined disposed:false
7692 warn tar ENOENT: Cannot cd into '/Users/abdulwahab/Sites/cherrywood/node_modules/next/node_modules/postcss'
7693 silly tar mr [CwdError]: ENOENT: Cannot cd into '/Users/abdulwahab/Sites/cherrywood/node_modules/next/node_modules/postcss'
7693 silly tar     at /usr/local/lib/node_modules/npm/node_modules/tar/dist/commonjs/index.min.js:3:40861
7693 silly tar     at callback (/usr/local/lib/node_modules/npm/node_modules/graceful-fs/polyfills.js:306:20)
7693 silly tar     at FSReqCallback.oncomplete (node:fs:190:21) {
7693 silly tar   path: '/Users/abdulwahab/Sites/cherrywood/node_modules/next/node_modules/postcss',
7693 silly tar   code: 'ENOENT',
7693 silly tar   syscall: 'chdir'
7693 silly tar }
7694 warn tarball tarball data for postcss@https://registry.npmjs.org/postcss/-/postcss-8.4.31.tgz (sha512-PS08Iboia9mts/2ygV3eLpY5ghnUcfLV/EXTOW1E2qYxJKGGBUtNjN76FYHnMs36RmARn41bC0AZmn+rR0OVpQ==) seems to be corrupted. Trying again.
7695 warn tar ENOENT: Cannot cd into '/Users/abdulwahab/Sites/cherrywood/node_modules/eslint/node_modules/json-schema-traverse'
7696 silly tar mr [CwdError]: ENOENT: Cannot cd into '/Users/abdulwahab/Sites/cherrywood/node_modules/eslint/node_modules/json-schema-traverse'
7696 silly tar     at /usr/local/lib/node_modules/npm/node_modules/tar/dist/commonjs/index.min.js:3:40861
7696 silly tar     at callback (/usr/local/lib/node_modules/npm/node_modules/graceful-fs/polyfills.js:306:20)
7696 silly tar     at FSReqCallback.oncomplete (node:fs:190:21) {
7696 silly tar   path: '/Users/abdulwahab/Sites/cherrywood/node_modules/eslint/node_modules/json-schema-traverse',
7696 silly tar   code: 'ENOENT',
7696 silly tar   syscall: 'chdir'
7696 silly tar }
7697 warn tarball tarball data for json-schema-traverse@https://registry.npmjs.org/json-schema-traverse/-/json-schema-traverse-0.4.1.tgz (sha512-xbbCH5dCYU5T8LcEhhuh7HJ88HXuW3qsI3Y0zOZFKfZEHcpWiHU/Jxzk629Brsab/mMiHQti9wMP+845RPe3Vg==) seems to be corrupted. Trying again.
7698 http fetch GET 200 https://registry.npmjs.org/json-schema-traverse/-/json-schema-traverse-0.4.1.tgz 15029ms (cache miss)
7699 http cache https://registry.npmjs.org/json-schema-traverse/-/json-schema-traverse-0.4.1.tgz 18ms (cache hit)
7700 warn tar ENOENT: Cannot cd into '/Users/abdulwahab/Sites/cherrywood/node_modules/eslint/node_modules/json-schema-traverse'
7701 silly tar mr [CwdError]: ENOENT: Cannot cd into '/Users/abdulwahab/Sites/cherrywood/node_modules/eslint/node_modules/json-schema-traverse'
7701 silly tar     at /usr/local/lib/node_modules/npm/node_modules/tar/dist/commonjs/index.min.js:3:40861
7701 silly tar     at callback (/usr/local/lib/node_modules/npm/node_modules/graceful-fs/polyfills.js:306:20)
7701 silly tar     at FSReqCallback.oncomplete (node:fs:190:21) {
7701 silly tar   path: '/Users/abdulwahab/Sites/cherrywood/node_modules/eslint/node_modules/json-schema-traverse',
7701 silly tar   code: 'ENOENT',
7701 silly tar   syscall: 'chdir'
7701 silly tar }
7702 warn tarball tarball data for json-schema-traverse@https://registry.npmjs.org/json-schema-traverse/-/json-schema-traverse-0.4.1.tgz (sha512-xbbCH5dCYU5T8LcEhhuh7HJ88HXuW3qsI3Y0zOZFKfZEHcpWiHU/Jxzk629Brsab/mMiHQti9wMP+845RPe3Vg==) seems to be corrupted. Trying again.
7703 warn tar ENOENT: Cannot cd into '/Users/abdulwahab/Sites/cherrywood/node_modules/eslint-config-next/node_modules/globals'
7704 silly tar mr [CwdError]: ENOENT: Cannot cd into '/Users/abdulwahab/Sites/cherrywood/node_modules/eslint-config-next/node_modules/globals'
7704 silly tar     at /usr/local/lib/node_modules/npm/node_modules/tar/dist/commonjs/index.min.js:3:40861
7704 silly tar     at callback (/usr/local/lib/node_modules/npm/node_modules/graceful-fs/polyfills.js:306:20)
7704 silly tar     at FSReqCallback.oncomplete (node:fs:190:21) {
7704 silly tar   path: '/Users/abdulwahab/Sites/cherrywood/node_modules/eslint-config-next/node_modules/globals',
7704 silly tar   code: 'ENOENT',
7704 silly tar   syscall: 'chdir'
7704 silly tar }
7705 warn tarball tarball data for globals@https://registry.npmjs.org/globals/-/globals-16.4.0.tgz (sha512-ob/2LcVVaVGCYN+r14cnwnoDPUufjiYgSqRhiFD0Q1iI4Odora5RE8Iv1D24hAz5oMophRGkGz+yuvQmmUMnMw==) seems to be corrupted. Trying again.
7706 http fetch GET 200 https://registry.npmjs.org/@radix-ui/react-slot/-/react-slot-1.2.3.tgz 241ms (cache revalidated)
7707 warn tar ENOENT: Cannot cd into '/Users/abdulwahab/Sites/cherrywood/node_modules/@radix-ui/react-select/node_modules/@radix-ui/react-slot'
7708 silly tar mr [CwdError]: ENOENT: Cannot cd into '/Users/abdulwahab/Sites/cherrywood/node_modules/@radix-ui/react-select/node_modules/@radix-ui/react-slot'
7708 silly tar     at /usr/local/lib/node_modules/npm/node_modules/tar/dist/commonjs/index.min.js:3:40861
7708 silly tar     at callback (/usr/local/lib/node_modules/npm/node_modules/graceful-fs/polyfills.js:306:20)
7708 silly tar     at FSReqCallback.oncomplete (node:fs:190:21) {
7708 silly tar   path: '/Users/abdulwahab/Sites/cherrywood/node_modules/@radix-ui/react-select/node_modules/@radix-ui/react-slot',
7708 silly tar   code: 'ENOENT',
7708 silly tar   syscall: 'chdir'
7708 silly tar }
7709 warn tarball tarball data for @radix-ui/react-slot@https://registry.npmjs.org/@radix-ui/react-slot/-/react-slot-1.2.3.tgz (sha512-aeNmHnBxbi2St0au6VBVC7JXFlhLlOnvIIlePNniyUNAClzmtAUEY8/pBiK3iHjufOlwA+c20/8jngo7xcrg8A==) seems to be corrupted. Trying again.
7710 warn tarball tarball data for @radix-ui/react-slot@https://registry.npmjs.org/@radix-ui/react-slot/-/react-slot-1.2.3.tgz (sha512-aeNmHnBxbi2St0au6VBVC7JXFlhLlOnvIIlePNniyUNAClzmtAUEY8/pBiK3iHjufOlwA+c20/8jngo7xcrg8A==) seems to be corrupted. Trying again.
7711 warn tarball tarball data for @radix-ui/react-slot@https://registry.npmjs.org/@radix-ui/react-slot/-/react-slot-1.2.3.tgz (sha512-aeNmHnBxbi2St0au6VBVC7JXFlhLlOnvIIlePNniyUNAClzmtAUEY8/pBiK3iHjufOlwA+c20/8jngo7xcrg8A==) seems to be corrupted. Trying again.
7712 http fetch GET 200 https://registry.npmjs.org/postcss 14762ms (cache miss)
7713 silly packumentCache corgi:https://registry.npmjs.org/postcss set size:undefined disposed:false
7714 http fetch GET 200 https://registry.npmjs.org/effect/-/effect-3.20.0.tgz 16108ms (cache miss)
7715 http fetch GET 200 https://registry.npmjs.org/react-dom/-/react-dom-19.2.4.tgz 15968ms (cache miss)
7716 http fetch GET 200 https://registry.npmjs.org/next 15692ms (cache miss)
7717 silly packumentCache corgi:https://registry.npmjs.org/next set size:undefined disposed:false
7718 silly packumentCache corgi:https://registry.npmjs.org/@prisma%2fdev cache-miss
7719 http fetch GET 200 https://registry.npmjs.org/@prisma%2fdev 382ms (cache miss)
7720 silly packumentCache corgi:https://registry.npmjs.org/@prisma%2fdev set size:undefined disposed:false
7721 silly packumentCache corgi:https://registry.npmjs.org/prisma cache-miss
7722 http fetch GET 200 https://registry.npmjs.org/@emoji-mart/data/-/data-1.2.1.tgz 18670ms (cache miss)
7723 http fetch GET 200 https://registry.npmjs.org/@blocknote/core/-/core-0.50.0.tgz 18792ms (cache miss)
7724 http fetch GET 200 https://registry.npmjs.org/prisma/-/prisma-7.8.0.tgz 21050ms (cache miss)
7725 http fetch GET 200 https://registry.npmjs.org/date-fns/-/date-fns-4.1.0.tgz 21297ms (cache miss)
7726 http fetch GET 200 https://registry.npmjs.org/prisma 2858ms (cache miss)
7727 silly packumentCache corgi:https://registry.npmjs.org/prisma set size:undefined disposed:false
7728 silly packumentCache corgi:https://registry.npmjs.org/@prisma%2fclient cache-miss
7729 http fetch GET 200 https://registry.npmjs.org/lucide-react/-/lucide-react-1.16.0.tgz 23010ms (cache miss)
7730 http fetch GET 200 https://registry.npmjs.org/@mantine/core/-/core-9.2.1.tgz 23302ms (cache miss)
7731 http fetch GET 200 https://registry.npmjs.org/@next/swc-darwin-x64/-/swc-darwin-x64-16.2.4.tgz 24674ms (cache miss)
7732 http fetch GET 200 https://registry.npmjs.org/react-icons/-/react-icons-5.6.0.tgz 25725ms (cache miss)
7733 http fetch GET 200 https://registry.npmjs.org/@prisma%2fclient 3837ms (cache miss)
7734 silly packumentCache corgi:https://registry.npmjs.org/@prisma%2fclient set size:undefined disposed:false
7735 http fetch GET 200 https://registry.npmjs.org/@prisma/client/-/client-7.8.0.tgz 28496ms (cache miss)
7736 http fetch GET 200 https://registry.npmjs.org/next/-/next-16.2.4.tgz 29252ms (cache miss)
7737 verbose stack CwdError: ENOENT: Cannot cd into '/Users/abdulwahab/Sites/cherrywood/node_modules/next/node_modules/postcss'
7737 verbose stack     at /usr/local/lib/node_modules/npm/node_modules/tar/dist/commonjs/index.min.js:3:40861
7737 verbose stack     at callback (/usr/local/lib/node_modules/npm/node_modules/graceful-fs/polyfills.js:306:20)
7737 verbose stack     at FSReqCallback.oncomplete (node:fs:190:21)
7738 error code ENOENT
7739 error syscall chdir
7740 error path /Users/abdulwahab/Sites/cherrywood/node_modules/next/node_modules/postcss
7741 error enoent ENOENT: Cannot cd into '/Users/abdulwahab/Sites/cherrywood/node_modules/next/node_modules/postcss'
7742 error enoent This is related to npm not being able to find a file.
7742 error enoent
7743 silly unfinished npm timer reify 1778930613803
7744 silly unfinished npm timer reify:unpack 1778930681003
7745 silly unfinished npm timer reifyNode:node_modules/next/node_modules/postcss 1778930681013
7746 silly unfinished npm timer reifyNode:node_modules/jsonwebtoken/node_modules/semver 1778930681013
7747 silly unfinished npm timer reifyNode:node_modules/eslint-config-next/node_modules/globals 1778930681013
7748 silly unfinished npm timer reifyNode:node_modules/eslint/node_modules/json-schema-traverse 1778930681013
7749 silly unfinished npm timer reifyNode:node_modules/eslint/node_modules/ajv 1778930681013
7750 silly unfinished npm timer reifyNode:node_modules/@radix-ui/react-select/node_modules/@radix-ui/react-slot 1778930681013
7751 silly unfinished npm timer reifyNode:node_modules/@radix-ui/react-popover/node_modules/@radix-ui/react-slot 1778930681013
7752 silly unfinished npm timer reifyNode:node_modules/@radix-ui/react-dialog/node_modules/@radix-ui/react-slot 1778930681013
7753 verbose cwd /Users/abdulwahab/Sites/cherrywood
7754 verbose os Darwin 24.6.0
7755 verbose node v25.9.0
7756 verbose npm  v11.12.1
7757 verbose exit 1
7758 verbose code 1
7759 error A complete log of this run can be found in: /Users/abdulwahab/Sites/cherrywood/.npm-cache/_logs/2026-05-16T11_23_33_346Z-debug-0.log
